#pragma once
#include <stdint.h>

#define APP_ICON_CLAUDE_W 80
#define APP_ICON_CLAUDE_H 80
// RGB565A8: 6400 RGB565 pixels (little-endian) followed by 6400 alpha bytes
static const uint8_t app_icon_claude_data[19200] = {
    0x00, 0x00, 0x00, 0x00, 0x00, 0x00, 0x00, 0x00, 0x00, 0x00, 0x00, 0x00, 0x00, 0x00, 0x00, 0x00,
    0x00, 0x00, 0x00, 0x00, 0x00, 0x00, 0x00, 0x00, 0x00, 0x00, 0x00, 0x00, 0x00, 0x00, 0x00, 0xF8,
    0xA5, 0x7A, 0x00, 0x00, 0x00, 0x00, 0x86, 0x82, 0x67, 0x92, 0xE8, 0xAA, 0x8A, 0xCB, 0xAA, 0xDB,
    0x6A, 0xCB, 0xE8, 0xA2, 0x84, 0x59, 0x00, 0x00, 0x00, 0x00, 0xFF, 0xFF, 0x00, 0x00, 0x00, 0x00,
    0x00, 0x00, 0x00, 0x00, 0x00, 0x00, 0x00, 0x00, 0x00, 0x00, 0x00, 0x00, 0x00, 0x00, 0x00, 0x00,
    0x00, 0x00, 0x00, 0x00, 0x00, 0x50, 0x00, 0x00, 0x00, 0x00, 0x00, 0x00, 0x00, 0x00, 0x00, 0x00,
    0x00, 0x00, 0x00, 0x00, 0x00, 0x00, 0x00, 0xF8, 0x00, 0x00, 0x00, 0x00, 0x00, 0x00, 0x00, 0x00,
    0x00, 0x00, 0x00, 0x00, 0x00, 0x00, 0x00, 0x00, 0x00, 0x00, 0x00, 0x00, 0x00, 0x00, 0x00, 0x00,
    0x00, 0x00, 0x00, 0x00, 0x00, 0x00, 0x00, 0x00, 0x00, 0x00, 0x00, 0x00, 0x00, 0x00, 0x00, 0x00,
    0x00, 0x00, 0x00, 0x00, 0x00, 0x00, 0x00, 0x00, 0x00, 0x00, 0x00, 0x00, 0x00, 0x00, 0x00, 0x00,
    0x00, 0x00, 0x00, 0x00, 0x00, 0x00, 0x00, 0x00, 0x00, 0x00, 0x00, 0x00, 0x00, 0x00, 0x00, 0x00,
    0x00, 0x00, 0x00, 0x00, 0x00, 0x00, 0x00, 0x00, 0x00, 0x00, 0x00, 0x00, 0x00, 0x00, 0x00, 0xF8,
    0xE7, 0x7B, 0x00, 0x00, 0xA0, 0x10, 0x66, 0x8A, 0xE8, 0xAA, 0x49, 0xC3, 0xAA, 0xD3, 0xAA, 0xDB,
    0x8A, 0xD3, 0x09, 0xB3, 0x67, 0x8A, 0x84, 0x59, 0xE7, 0x79, 0x00, 0x00, 0x00, 0x00, 0xA0, 0x52,
    0x00, 0x00, 0x00, 0x00, 0x00, 0x00, 0x00, 0x00, 0x00, 0x00, 0x00, 0x00, 0x00, 0x00, 0x00, 0x00,
    0x00, 0xF8, 0x00, 0x00, 0x00, 0x00, 0xE7, 0xB9, 0xC8, 0xA2, 0x87, 0x9A, 0x67, 0x92, 0x46, 0x8A,
    0x46, 0x8A, 0x47, 0x82, 0xE7, 0x79, 0x00, 0xF8, 0x00, 0x00, 0x00, 0xF8, 0x00, 0x00, 0x00, 0x00,
    0x00, 0x00, 0x00, 0x00, 0x00, 0x00, 0x00, 0x00, 0x00, 0x00, 0x00, 0x00, 0x00, 0x00, 0x00, 0x00,
    0x00, 0x00, 0x00, 0x00, 0x00, 0x00, 0x00, 0x00, 0x00, 0x00, 0x00, 0x00, 0x00, 0x00, 0x00, 0x00,
    0x00, 0x00, 0x00, 0x00, 0x00, 0x00, 0x00, 0x00, 0x00, 0x00, 0x00, 0x00, 0x00, 0x00, 0x00, 0x00,
    0x00, 0x00, 0x00, 0x00, 0x00, 0x00, 0x00, 0x00, 0x00, 0x00, 0x00, 0x00, 0x00, 0x00, 0x00, 0x00,
    0x00, 0x00, 0x00, 0x00, 0x00, 0x00, 0x00, 0x00, 0x00, 0x00, 0x00, 0x00, 0xEF, 0x7B, 0x00, 0x00,
    0xE0, 0xFF, 0x00, 0x00, 0xC2, 0x38, 0x67, 0x8A, 0x49, 0xC3, 0xCB, 0xDB, 0xCB, 0xDB, 0xAA, 0xDB,
    0xAA, 0xD3, 0x8A, 0xCB, 0x29, 0xB3, 0xE8, 0xAA, 0x6A, 0xBB, 0x00, 0x00, 0x00, 0xF8, 0xA5, 0xAA,
    0xE0, 0xFF, 0x00, 0x00, 0x00, 0x00, 0x00, 0x00, 0x00, 0x00, 0x00, 0x00, 0x00, 0x00, 0xE0, 0xFF,
    0x8C, 0x99, 0x00, 0x00, 0x00, 0x00, 0xE7, 0xAA, 0xE8, 0xAA, 0x29, 0xBB, 0x8A, 0xCB, 0x69, 0xC3,
    0xE8, 0xAA, 0x67, 0x92, 0x67, 0x9A, 0x00, 0x00, 0x00, 0x00, 0xE7, 0xB9, 0x00, 0xF8, 0x00, 0x00,
    0x00, 0x00, 0x00, 0x00, 0x00, 0x00, 0x00, 0x00, 0x00, 0x00, 0x00, 0x00, 0x00, 0x00, 0x00, 0x00,
    0x00, 0x00, 0x00, 0x00, 0x00, 0x00, 0x00, 0x00, 0x00, 0x00, 0x00, 0x00, 0x00, 0x00, 0x00, 0x00,
    0x00, 0x00, 0x00, 0x00, 0x00, 0x00, 0x00, 0x00, 0x00, 0x00, 0x00, 0x00, 0x00, 0x00, 0x00, 0x00,
    0x00, 0x00, 0x00, 0x00, 0x00, 0x00, 0x00, 0x00, 0x00, 0x00, 0x00, 0x00, 0x00, 0x00, 0x00, 0x00,
    0x00, 0x00, 0x00, 0x00, 0x00, 0x00, 0x00, 0x00, 0x00, 0x00, 0x00, 0x00, 0xE7, 0xB9, 0x00, 0x00,
    0x00, 0x00, 0x23, 0x39, 0xA5, 0x61, 0xA7, 0x9A, 0x8A, 0xD3, 0x2C, 0xF4, 0xEB, 0xE3, 0xAA, 0xD3,
    0xCB, 0xDB, 0xEB, 0xE3, 0xAB, 0xDB, 0x49, 0xC3, 0xA8, 0xA2, 0x00, 0x00, 0x00, 0x00, 0xCC, 0xFC,
    0xE0, 0xFF, 0x00, 0x00, 0x00, 0x00, 0x00, 0x00, 0x00, 0x00, 0x00, 0x00, 0x00, 0x00, 0xE0, 0xFF,
    0xAA, 0xD2, 0x00, 0x00, 0x00, 0x00, 0x87, 0x92, 0x29, 0xBB, 0xAA, 0xDB, 0x2C, 0xF4, 0x0B, 0xEC,
    0x69, 0xC3, 0xE8, 0xAA, 0x87, 0x92, 0x00, 0x00, 0x00, 0x00, 0x26, 0xFB, 0x00, 0xF8, 0x00, 0x00,
    0x00, 0x00, 0x00, 0x00, 0x00, 0x00, 0x00, 0x00, 0x00, 0x00, 0x00, 0x00, 0x00, 0x00, 0x00, 0x00,
    0x00, 0x00, 0x00, 0x00, 0x00, 0x00, 0x00, 0x00, 0x00, 0x00, 0x00, 0x00, 0x00, 0x00, 0x00, 0x00,
    0x00, 0x00, 0x00, 0x00, 0x00, 0x00, 0x00, 0x00, 0x00, 0x00, 0x00, 0x00, 0x00, 0x00, 0x00, 0x00,
    0x00, 0x00, 0x00, 0x00, 0x00, 0x00, 0x00, 0x00, 0x00, 0x00, 0x00, 0x00, 0x00, 0x00, 0x00, 0x00,
    0x00, 0x00, 0x00, 0x00, 0x00, 0x00, 0x00, 0x00, 0x00, 0x00, 0x00, 0xF8, 0x26, 0x9B, 0x00, 0x00,
    0x00, 0x00, 0x25, 0x7A, 0x66, 0x8A, 0xE8, 0xAA, 0x8A, 0xCB, 0xEB, 0xE3, 0xCB, 0xE3, 0xAA, 0xD3,
    0xAA, 0xDB, 0x0B, 0xEC, 0x0B, 0xEC, 0x8A, 0xCB, 0x67, 0x92, 0x00, 0x00, 0x00, 0x00, 0xFF, 0xFF,
    0x00, 0x00, 0x00, 0xF8, 0x00, 0x00, 0x00, 0x00, 0x00, 0x00, 0x00, 0x00, 0x00, 0xF8, 0x00, 0x00,
    0xEF, 0xFF, 0x00, 0x00, 0x00, 0x00, 0x67, 0x8A, 0x6A, 0xC3, 0x0B, 0xEC, 0x0B, 0xEC, 0x0B, 0xEC,
    0xEB, 0xE3, 0x69, 0xC3, 0x87, 0x92, 0x00, 0x00, 0x00, 0x00, 0xF5, 0xFF, 0x00, 0x00, 0x00, 0x00,
    0x00, 0x00, 0x00, 0x00, 0x00, 0x00, 0x00, 0x00, 0x00, 0x00, 0x00, 0x00, 0x00, 0x78, 0xA0, 0x52,
    0xE7, 0x79, 0xE7, 0x79, 0xA0, 0x52, 0x00, 0x00, 0x00, 0x00, 0x00, 0x00, 0x00, 0x00, 0x00, 0x00,
    0x00, 0x00, 0x00, 0x00, 0x00, 0x00, 0x00, 0x00, 0x00, 0x00, 0x00, 0x00, 0x00, 0x00, 0x00, 0x00,
    0x00, 0x00, 0x00, 0x00, 0x00, 0x00, 0x00, 0x00, 0x00, 0x00, 0x00, 0x00, 0x00, 0x00, 0x00, 0x00,
    0x00, 0x00, 0x00, 0x00, 0x00, 0x00, 0x00, 0x00, 0x00, 0x00, 0x00, 0xF8, 0x26, 0x9B, 0x00, 0x00,
    0x00, 0x00, 0x25, 0x72, 0x66, 0x8A, 0xE8, 0xAA, 0x8A, 0xCB, 0xCB, 0xE3, 0xCB, 0xDB, 0xAA, 0xD3,
    0xAA, 0xD3, 0xEB, 0xE3, 0x0C, 0xEC, 0x8A, 0xCB, 0x87, 0x92, 0x03, 0x39, 0x45, 0x51, 0x00, 0x00,
    0x00, 0x00, 0x00, 0x50, 0x00, 0x00, 0x00, 0x00, 0x00, 0x00, 0x00, 0x00, 0x00, 0x50, 0x00, 0x00,
    0x00, 0x00, 0x00, 0x18, 0x81, 0x20, 0x87, 0x92, 0x8A, 0xCB, 0x0B, 0xEC, 0xCB, 0xDB, 0xCB, 0xE3,
    0x2C, 0xF4, 0xAA, 0xD3, 0xC8, 0xA2, 0x00, 0x00, 0x00, 0x00, 0xF5, 0xFF, 0x00, 0x00, 0x00, 0x00,
    0x00, 0x00, 0x00, 0x00, 0x00, 0x00, 0x00, 0x00, 0x00, 0x00, 0x00, 0x00, 0x00, 0x00, 0x00, 0x00,
    0x00, 0x00, 0x00, 0x00, 0x00, 0x00, 0x00, 0x00, 0x00, 0x00, 0x00, 0x00, 0x00, 0x00, 0x00, 0x00,
    0x00, 0x00, 0x00, 0x00, 0x00, 0x00, 0x00, 0x00, 0x00, 0x00, 0x00, 0x00, 0x00, 0x00, 0x00, 0x00,
    0x00, 0x00, 0x00, 0x00, 0x00, 0x00, 0x00, 0x00, 0x00, 0x00, 0x00, 0x00, 0x00, 0x00, 0x00, 0x00,
    0x00, 0x00, 0x00, 0x00, 0x00, 0x00, 0x00, 0x00, 0x00, 0x00, 0x00, 0x00, 0xE7, 0x79, 0x00, 0x00,
    0x00, 0x00, 0xC3, 0x38, 0xC4, 0x61, 0xA7, 0x9A, 0x6A, 0xCB, 0xEB, 0xE3, 0xCB, 0xE3, 0xAA, 0xD3,
    0xAA, 0xD3, 0xCB, 0xE3, 0xEB, 0xE3, 0x8A, 0xCB, 0xC8, 0xA2, 0x46, 0x82, 0x46, 0x8A, 0xEF, 0xFB,
    0x00, 0x00, 0x86, 0x61, 0x00, 0xF8, 0x00, 0x00, 0x00, 0x00, 0x00, 0xF8, 0xE7, 0x79, 0x00, 0x00,
    0x00, 0x00, 0xE1, 0x38, 0x84, 0x59, 0x87, 0x9A, 0x8A, 0xCB, 0xEB, 0xEB, 0xCB, 0xDB, 0xCB, 0xE3,
    0x2C, 0xF4, 0xCA, 0xDB, 0x09, 0xBB, 0x00, 0x00, 0x00, 0x00, 0x4F, 0xFD, 0xFF, 0xFF, 0x00, 0x00,
    0x00, 0x00, 0x00, 0x00, 0x00, 0x00, 0x00, 0x00, 0xA0, 0x52, 0xAA, 0xFA, 0x00, 0x00, 0x00, 0x00,
    0x00, 0x00, 0x00, 0x00, 0x00, 0x00, 0x00, 0x00, 0xE0, 0xFF, 0x00, 0x00, 0x00, 0x00, 0x00, 0x00,
    0x00, 0x00, 0x00, 0x00, 0x00, 0x00, 0x00, 0x00, 0x00, 0x00, 0x00, 0x00, 0x00, 0x00, 0x00, 0x00,
    0x00, 0x00, 0x00, 0x00, 0x00, 0x00, 0x00, 0x00, 0x00, 0x00, 0x00, 0x00, 0x00, 0x00, 0x00, 0x00,
    0x00, 0x00, 0x00, 0x00, 0x00, 0x00, 0x00, 0x00, 0x00, 0x00, 0x00, 0x00, 0xEF, 0x7B, 0x00, 0x00,
    0xE0, 0xFF, 0x00, 0x00, 0x02, 0x39, 0x67, 0x92, 0x8A, 0xCB, 0x2C, 0xF4, 0xEB, 0xE3, 0xAA, 0xD3,
    0xAA, 0xD3, 0xCB, 0xDB, 0xCB, 0xDB, 0xAA, 0xD3, 0x69, 0xC3, 0x08, 0xAB, 0x66, 0x92, 0x00, 0x00,
    0x00, 0x00, 0xC6, 0xCC, 0x00, 0xF8, 0x00, 0x00, 0x00, 0x00, 0x00, 0xF8, 0xE7, 0x79, 0x00, 0x00,
    0x00, 0x00, 0x43, 0x51, 0x05, 0x72, 0xA7, 0xA2, 0x6A, 0xCB, 0xEB, 0xE3, 0xCB, 0xDB, 0xCB, 0xDB,
    0xEB, 0xE3, 0xAA, 0xD3, 0x8A, 0xD3, 0x00, 0x00, 0x00, 0x00, 0xEB, 0xBB, 0xEF, 0xFB, 0x00, 0x00,
    0x00, 0x00, 0x00, 0x00, 0x00, 0x00, 0x00, 0x00, 0x00, 0x00, 0x00, 0x00, 0x00, 0x00, 0x00, 0x00,
    0xC3, 0x30, 0xC3, 0x30, 0x00, 0x00, 0x00, 0x00, 0x00, 0x00, 0x00, 0x00, 0x00, 0x00, 0x00, 0x00,
    0x00, 0x00, 0x00, 0x00, 0x00, 0x00, 0x00, 0x00, 0x00, 0x00, 0x00, 0x00, 0x00, 0x00, 0x00, 0x00,
    0x00, 0x00, 0x00, 0x00, 0x00, 0x00, 0x00, 0x00, 0x00, 0x00, 0x00, 0x00, 0x00, 0x00, 0x00, 0x00,
    0x00, 0x00, 0x00, 0x00, 0x00, 0x00, 0x00, 0x00, 0x00, 0x00, 0x00, 0x00, 0x00, 0x00, 0x00, 0x00,
    0xF5, 0xFF, 0x00, 0x00, 0xA2, 0x28, 0x87, 0x92, 0x8A, 0xD3, 0x0C, 0xEC, 0xEB, 0xE3, 0xAA, 0xD3,
    0xAA, 0xD3, 0xAA, 0xDB, 0xAA, 0xDB, 0xEB, 0xE3, 0xEB, 0xE3, 0x6A, 0xCB, 0xA7, 0x9A, 0x00, 0x00,
    0x00, 0x00, 0xEF, 0xFD, 0x00, 0x00, 0x00, 0x00, 0x00, 0x00, 0x00, 0xF8, 0x26, 0x9B, 0x00, 0x00,
    0x00, 0x00, 0xC4, 0x61, 0x26, 0x82, 0xC8, 0xA2, 0x6A, 0xCB, 0xEB, 0xE3, 0xCB, 0xDB, 0xAA, 0xDB,
    0x8A, 0xD3, 0x8A, 0xCB, 0x49, 0xCB, 0x00, 0x00, 0x00, 0x00, 0x69, 0xB3, 0xEF, 0x7B, 0x00, 0x00,
    0x00, 0x00, 0x00, 0x00, 0x00, 0x78, 0xEF, 0xFB, 0x00, 0x00, 0x00, 0x00, 0x00, 0x00, 0xA2, 0x28,
    0xA4, 0x59, 0xA4, 0x59, 0xC2, 0x28, 0x00, 0x00, 0x00, 0x00, 0xEF, 0xFB, 0x00, 0x00, 0x00, 0x00,
    0x00, 0x00, 0x00, 0x00, 0x00, 0x00, 0x00, 0x00, 0x00, 0x00, 0x00, 0x00, 0x00, 0x00, 0x00, 0x00,
    0x00, 0x00, 0x00, 0x00, 0x00, 0x00, 0x00, 0x00, 0x00, 0x00, 0x00, 0x00, 0x00, 0x00, 0x00, 0x00,
    0x00, 0x00, 0x00, 0x00, 0x00, 0x00, 0x00, 0x00, 0x00, 0x00, 0x00, 0x00, 0x00, 0x00, 0x00, 0x00,
    0xEF, 0xFD, 0x00, 0x00, 0x00, 0x00, 0x87, 0x92, 0x49, 0xBB, 0x8A, 0xD3, 0xCB, 0xDB, 0xCB, 0xDB,
    0xCB, 0xDB, 0xAA, 0xD3, 0xAA, 0xD3, 0xEB, 0xE3, 0x2C, 0xF4, 0x8A, 0xD3, 0x87, 0x92, 0xA2, 0x28,
    0x00, 0x00, 0xF5, 0xFF, 0x00, 0x00, 0x00, 0x00, 0x00, 0x00, 0x00, 0xF8, 0x26, 0x9B, 0x00, 0x00,
    0x00, 0x00, 0x26, 0x82, 0x67, 0x8A, 0xE8, 0xAA, 0x8A, 0xCB, 0xEB, 0xE3, 0xCB, 0xE3, 0xAA, 0xD3,
    0x49, 0xC3, 0x49, 0xBB, 0x09, 0xB3, 0x00, 0x00, 0x00, 0x00, 0xEA, 0xD3, 0xFF, 0xFF, 0x00, 0x00,
    0x00, 0xF8, 0x00, 0x00, 0x00, 0x00, 0x00, 0x00, 0x00, 0x00, 0xA4, 0x69, 0x46, 0x8A, 0x87, 0x92,
    0xA7, 0x9A, 0xA7, 0x9A, 0x87, 0x92, 0x46, 0x82, 0xA3, 0x51, 0x00, 0x00, 0x00, 0x00, 0xEF, 0xFB,
    0x00, 0x00, 0x00, 0x00, 0x00, 0x00, 0x00, 0x00, 0x00, 0x00, 0x00, 0x00, 0x00, 0x00, 0x00, 0x00,
    0x00, 0x00, 0x00, 0x00, 0x00, 0x00, 0x00, 0x00, 0x00, 0x00, 0x00, 0x00, 0x00, 0x00, 0x00, 0x00,
    0xAA, 0x52, 0xE7, 0x79, 0xE7, 0x79, 0xE0, 0x7B, 0x00, 0x00, 0x00, 0x00, 0x00, 0x00, 0x00, 0x00,
    0xE7, 0xBB, 0x00, 0x00, 0x00, 0x00, 0x64, 0x41, 0x06, 0x72, 0xE8, 0xAA, 0x8A, 0xD3, 0x0B, 0xEC,
    0xEB, 0xE3, 0xAA, 0xD3, 0xAA, 0xD3, 0xEB, 0xE3, 0x0B, 0xEC, 0x6A, 0xCB, 0x87, 0x92, 0xA4, 0x59,
    0x43, 0x41, 0xAA, 0xAA, 0x00, 0x00, 0x0A, 0x50, 0x00, 0xF8, 0x00, 0xF8, 0xA5, 0xAA, 0x00, 0x00,
    0x00, 0x00, 0x66, 0x8A, 0xA7, 0x9A, 0x09, 0xB3, 0x8A, 0xCB, 0xEB, 0xE3, 0xEB, 0xE3, 0x8A, 0xD3,
    0x29, 0xBB, 0x08, 0xAB, 0xE7, 0xA2, 0x00, 0x00, 0x00, 0x00, 0x26, 0xCB, 0x00, 0xF8, 0x00, 0x00,
    0x86, 0x61, 0xEF, 0xFB, 0x00, 0x00, 0x00, 0x00, 0xE2, 0x40, 0x46, 0x8A, 0x29, 0xC3, 0xAA, 0xDB,
    0x8A, 0xCB, 0x8A, 0xCB, 0xAA, 0xD3, 0x49, 0xBB, 0x47, 0x82, 0x00, 0x00, 0x00, 0x00, 0xFF, 0xFF,
    0x00, 0x00, 0x00, 0x00, 0x00, 0x00, 0x00, 0x00, 0x00, 0x00, 0x00, 0x00, 0x00, 0x00, 0x00, 0x00,
    0x00, 0x00, 0x00, 0x00, 0x00, 0x00, 0x00, 0x00, 0x00, 0x00, 0x00, 0x00, 0x00, 0xF8, 0x00, 0x00,
    0x00, 0x00, 0x00, 0x00, 0x00, 0x00, 0x00, 0x00, 0x00, 0x00, 0xE0, 0xFF, 0x00, 0x00, 0x00, 0x00,
    0x0F, 0x00, 0x00, 0x00, 0xE7, 0xB9, 0x00, 0x00, 0x00, 0x00, 0x46, 0x82, 0x69, 0xC3, 0xEB, 0xE3,
    0xEB, 0xE3, 0xAA, 0xD3, 0xAA, 0xD3, 0xCB, 0xDB, 0xCB, 0xE3, 0x8A, 0xCB, 0x08, 0xB3, 0x87, 0x92,
    0x25, 0x7A, 0x00, 0x00, 0x00, 0x00, 0x26, 0x9B, 0x00, 0xF8, 0x00, 0xF8, 0xA5, 0xAA, 0x00, 0x00,
    0x00, 0x00, 0xA8, 0xA2, 0xC8, 0xA2, 0x29, 0xBB, 0x8A, 0xCB, 0xEB, 0xE3, 0xEB, 0xE3, 0x8A, 0xCB,
    0x08, 0xAB, 0xA7, 0x92, 0x46, 0x82, 0x00, 0x00, 0x00, 0x00, 0x26, 0xCB, 0x00, 0x78, 0x00, 0x00,
    0xEF, 0xFB, 0x00, 0x00, 0x00, 0x00, 0x64, 0x59, 0x46, 0x8A, 0x09, 0xB3, 0xAA, 0xD3, 0x2C, 0xF4,
    0x0B, 0xEC, 0x0B, 0xEC, 0x2C, 0xF4, 0x8A, 0xD3, 0xA7, 0x9A, 0xA4, 0x69, 0x45, 0x51, 0xFF, 0xFF,
    0x00, 0x00, 0x00, 0x00, 0x00, 0x00, 0x00, 0x00, 0x00, 0x00, 0x00, 0x00, 0x00, 0x00, 0x00, 0x00,
    0x00, 0x00, 0x00, 0x00, 0x00, 0x00, 0x00, 0x00, 0x00, 0x00, 0x00, 0xF8, 0xE7, 0xB9, 0xFF, 0xFF,
    0x00, 0x00, 0x00, 0x00, 0x00, 0x00, 0x00, 0x00, 0xF5, 0xFF, 0x2C, 0xCB, 0xAA, 0x52, 0x00, 0x00,
    0x00, 0x00, 0xE0, 0xFF, 0xAA, 0xD2, 0x00, 0x00, 0x00, 0x00, 0x67, 0x8A, 0x29, 0xBB, 0x8A, 0xCB,
    0xAA, 0xDB, 0xAA, 0xDB, 0xAA, 0xDB, 0xAA, 0xDB, 0xAA, 0xDB, 0xCB, 0xDB, 0xAA, 0xDB, 0x4A, 0xC3,
    0x08, 0xB3, 0x00, 0x00, 0x00, 0x00, 0xCC, 0xFC, 0xFF, 0xFF, 0xE0, 0xFF, 0xEA, 0xD3, 0x00, 0x00,
    0x00, 0x00, 0x08, 0xAB, 0x08, 0xB3, 0x49, 0xC3, 0x8A, 0xD3, 0xEB, 0xE3, 0xEB, 0xEB, 0x6A, 0xCB,
    0xC8, 0xA2, 0x26, 0x7A, 0x83, 0x59, 0x00, 0x00, 0x00, 0x00, 0x86, 0x99, 0x86, 0x61, 0xEF, 0xFB,
    0x00, 0x00, 0x00, 0x00, 0x82, 0x20, 0x26, 0x82, 0x29, 0xBB, 0xCB, 0xDB, 0xEB, 0xE3, 0xEB, 0xE3,
    0xCB, 0xDB, 0xEB, 0xEB, 0x0C, 0xEC, 0x8A, 0xCB, 0xC8, 0xA2, 0x26, 0x7A, 0x86, 0x61, 0xE0, 0xFF,
    0x00, 0x00, 0xAA, 0xAA, 0x00, 0xF8, 0x00, 0x00, 0x00, 0x00, 0x00, 0x00, 0x00, 0x00, 0x00, 0x00,
    0x00, 0x00, 0x00, 0x00, 0x00, 0x00, 0x00, 0x00, 0x00, 0xF8, 0x00, 0x00, 0x00, 0x00, 0x00, 0x00,
    0x00, 0x10, 0xC1, 0x20, 0x00, 0x08, 0x00, 0x00, 0x00, 0x00, 0x00, 0x00, 0x00, 0x00, 0x00, 0x00,
    0x00, 0xF8, 0xE0, 0x7B, 0xAA, 0xD2, 0x00, 0x00, 0x00, 0x00, 0x29, 0xBB, 0xE8, 0xAA, 0x09, 0xB3,
    0x8A, 0xD3, 0xEB, 0xE3, 0xCB, 0xDB, 0xAA, 0xD3, 0xAA, 0xD3, 0xEB, 0xE3, 0x0C, 0xEC, 0x8A, 0xD3,
    0xA7, 0x9A, 0x00, 0x00, 0x00, 0x00, 0xCC, 0xFC, 0xFF, 0xFF, 0xA0, 0x52, 0xEA, 0xD3, 0x00, 0x00,
    0x00, 0x00, 0x49, 0xBB, 0x49, 0xBB, 0x69, 0xC3, 0x8A, 0xD3, 0xEB, 0xE3, 0x0B, 0xEC, 0x6A, 0xCB,
    0x87, 0x9A, 0x84, 0x59, 0xE1, 0x38, 0x00, 0x00, 0x00, 0x00, 0x86, 0x99, 0xEF, 0xBB, 0x00, 0x00,
    0x00, 0x00, 0xE3, 0x30, 0x26, 0x82, 0x08, 0xB3, 0xAA, 0xD3, 0x0B, 0xEC, 0xCB, 0xE3, 0xAA, 0xD3,
    0xAA, 0xD3, 0xCB, 0xE3, 0xEB, 0xE3, 0x8A, 0xCB, 0xA8, 0xA2, 0xE5, 0x71, 0x45, 0x51, 0x00, 0x00,
    0x00, 0x00, 0xE7, 0x79, 0x00, 0xF8, 0x00, 0x00, 0x00, 0x00, 0x00, 0x00, 0x00, 0x00, 0x00, 0x00,
    0x00, 0x00, 0x00, 0x00, 0x00, 0x00, 0x00, 0x00, 0xEF, 0xFB, 0x00, 0x00, 0x00, 0x00, 0x00, 0x00,
    0x84, 0x51, 0x84, 0x59, 0x23, 0x49, 0x81, 0x18, 0x00, 0x00, 0x00, 0x00, 0x00, 0x00, 0x6C, 0xFE,
    0xE7, 0x79, 0x00, 0x00, 0xE7, 0x79, 0x00, 0x00, 0x00, 0x00, 0xE7, 0xBB, 0x84, 0x59, 0xA8, 0x9A,
    0x8A, 0xD3, 0x2C, 0xF4, 0xEB, 0xE3, 0xAA, 0xD3, 0xAA, 0xD3, 0xEB, 0xE3, 0x0C, 0xEC, 0x6A, 0xCB,
    0x87, 0x92, 0x23, 0x41, 0x82, 0x10, 0xE7, 0xB9, 0x00, 0x00, 0x20, 0x63, 0x69, 0xB3, 0x00, 0x00,
    0x00, 0x00, 0x89, 0xCB, 0x8A, 0xCB, 0x8A, 0xCB, 0xAA, 0xD3, 0xEB, 0xE3, 0x0B, 0xEC, 0x8A, 0xCB,
    0x67, 0x8A, 0x81, 0x20, 0x00, 0x18, 0x00, 0x00, 0x00, 0x00, 0xAA, 0xAA, 0xF7, 0xFD, 0x00, 0x00,
    0x00, 0x00, 0xE5, 0x71, 0x29, 0xBB, 0xCB, 0xDB, 0xEB, 0xE3, 0xCB, 0xDB, 0xCA, 0xDB, 0xAA, 0xD3,
    0xAA, 0xD3, 0xEB, 0xE3, 0x0B, 0xEC, 0x6A, 0xCB, 0x87, 0x92, 0x23, 0x41, 0x82, 0x20, 0x00, 0x00,
    0x00, 0x00, 0xE0, 0x39, 0x00, 0x00, 0x00, 0x00, 0x00, 0x00, 0x00, 0x00, 0x00, 0x00, 0x00, 0x00,
    0x00, 0x00, 0x00, 0x00, 0x00, 0xF8, 0x00, 0x00, 0xEF, 0xFB, 0xA5, 0xAA, 0xC8, 0x9A, 0x66, 0x8A,
    0x87, 0x9A, 0xA7, 0x9A, 0x87, 0x92, 0x87, 0x92, 0x87, 0x9A, 0x67, 0x92, 0x00, 0x00, 0x00, 0x00,
    0x00, 0x00, 0x00, 0x00, 0x00, 0x78, 0xE0, 0x7B, 0xEF, 0xFD, 0x00, 0x00, 0x00, 0x00, 0x26, 0x82,
    0x49, 0xC3, 0xEB, 0xE3, 0xEB, 0xE3, 0xAA, 0xDB, 0xAA, 0xDB, 0xCB, 0xDB, 0xEB, 0xE3, 0x8A, 0xCB,
    0xE8, 0xAA, 0x46, 0x82, 0x85, 0x59, 0x00, 0x00, 0x00, 0x00, 0x69, 0x93, 0xA7, 0xC2, 0x00, 0x00,
    0x00, 0x00, 0xAA, 0xDB, 0xAA, 0xD3, 0xCB, 0xDB, 0xCB, 0xDB, 0xEB, 0xE3, 0x0C, 0xEC, 0x8A, 0xCB,
    0x67, 0x8A, 0x00, 0x00, 0x00, 0x00, 0xFF, 0xFF, 0xFF, 0xFF, 0x00, 0x00, 0x00, 0x00, 0x61, 0x18,
    0xE5, 0x69, 0xE8, 0xAA, 0xAA, 0xD3, 0x2C, 0xF4, 0xEB, 0xE3, 0xAA, 0xD3, 0xAA, 0xD3, 0xAA, 0xDB,
    0xAA, 0xD3, 0xEB, 0xE3, 0x0B, 0xEC, 0x8A, 0xCB, 0x66, 0x8A, 0x00, 0x00, 0x00, 0x00, 0xFF, 0xFF,
    0x00, 0x00, 0xE0, 0x7B, 0x00, 0x00, 0x00, 0x00, 0x00, 0x00, 0x00, 0x00, 0x00, 0x00, 0x00, 0x00,
    0x00, 0x00, 0x00, 0xF8, 0xE7, 0x7B, 0x00, 0x00, 0x00, 0xF8, 0x87, 0x8A, 0xA8, 0xA2, 0x08, 0xAB,
    0x49, 0xC3, 0x8A, 0xD3, 0x8A, 0xCB, 0x6A, 0xCB, 0x49, 0xC3, 0xE8, 0xB2, 0x03, 0x41, 0x00, 0x00,
    0x00, 0x00, 0x20, 0x00, 0xE7, 0xFB, 0xA5, 0x7A, 0xEA, 0xAB, 0x00, 0x00, 0x00, 0x00, 0x05, 0x72,
    0xC8, 0xA2, 0x49, 0xC3, 0xAA, 0xD3, 0xCB, 0xDB, 0xCB, 0xDB, 0xAA, 0xDB, 0xCB, 0xDB, 0xAA, 0xDB,
    0x8A, 0xD3, 0x49, 0xC3, 0xC8, 0xA2, 0x00, 0x00, 0x00, 0x00, 0x8D, 0xFC, 0x8A, 0xE3, 0x00, 0x00,
    0x00, 0x00, 0x8B, 0xD3, 0xAA, 0xDB, 0xEB, 0xE3, 0xCB, 0xDB, 0xCB, 0xE3, 0x0B, 0xEC, 0x8A, 0xD3,
    0xA7, 0x92, 0x00, 0x00, 0x00, 0x00, 0xFF, 0xFF, 0x73, 0xFE, 0x00, 0x00, 0x00, 0x00, 0xC5, 0x69,
    0x29, 0xBB, 0xAB, 0xDB, 0xEB, 0xE3, 0xCB, 0xE3, 0xCB, 0xDB, 0xAA, 0xD3, 0xAA, 0xDB, 0xAA, 0xDB,
    0xAA, 0xD3, 0xCB, 0xE3, 0xEB, 0xE3, 0x6A, 0xCB, 0xA7, 0x92, 0x00, 0x00, 0x00, 0x00, 0xEF, 0xFD,
    0xE0, 0xFF, 0x00, 0x00, 0x00, 0x00, 0x00, 0x00, 0x00, 0x00, 0x00, 0x00, 0x00, 0x00, 0x00, 0x00,
    0x00, 0x00, 0x00, 0xF8, 0xA5, 0xAA, 0x00, 0x00, 0x00, 0x00, 0xC8, 0xA2, 0xE8, 0xAA, 0x49, 0xBB,
    0xCB, 0xDB, 0x0B, 0xEC, 0x0B, 0xEC, 0xEB, 0xEB, 0xAA, 0xDB, 0x49, 0xC3, 0xC8, 0xA2, 0x46, 0x82,
    0x64, 0x51, 0x00, 0x00, 0x00, 0x00, 0x00, 0x00, 0xE7, 0xBB, 0xAA, 0xAA, 0xF5, 0xFF, 0xC6, 0x9A,
    0x46, 0x8A, 0xC8, 0xA2, 0x8A, 0xCB, 0x0B, 0xEC, 0xEB, 0xE3, 0xAA, 0xD3, 0xAA, 0xD3, 0xEB, 0xE3,
    0x0B, 0xEC, 0x8A, 0xD3, 0x87, 0x9A, 0x82, 0x20, 0x00, 0x00, 0x73, 0xFE, 0x4F, 0xFD, 0x00, 0x00,
    0x00, 0x00, 0x69, 0xC3, 0xAA, 0xD3, 0x0B, 0xEC, 0xCB, 0xDB, 0xCB, 0xDB, 0x0B, 0xEC, 0x8A, 0xD3,
    0xE9, 0xAA, 0x00, 0x00, 0x00, 0xF8, 0x00, 0x00, 0x00, 0x00, 0x00, 0x30, 0x05, 0x72, 0xC8, 0xA2,
    0xAA, 0xD3, 0x2C, 0xF4, 0xCB, 0xE3, 0xAA, 0xD3, 0xAA, 0xD3, 0xAA, 0xDB, 0xAA, 0xD3, 0xCB, 0xDB,
    0xEB, 0xE3, 0xCA, 0xDB, 0x49, 0xC3, 0x29, 0xBB, 0xE8, 0xA2, 0x00, 0x00, 0x00, 0x00, 0xCC, 0xCC,
    0xE0, 0xFF, 0x00, 0x00, 0x00, 0x00, 0x00, 0x00, 0x00, 0x00, 0x00, 0x00, 0x00, 0x00, 0x00, 0x00,
    0x00, 0x00, 0xE0, 0xFF, 0xAA, 0xAA, 0x00, 0x00, 0x00, 0x00, 0x29, 0xB3, 0x29, 0xBB, 0x69, 0xC3,
    0xAA, 0xDB, 0xCB, 0xE3, 0xEB, 0xE3, 0xEB, 0xE3, 0xCB, 0xDB, 0xAA, 0xDB, 0xAA, 0xD3, 0x49, 0xBB,
    0x06, 0x72, 0x00, 0x00, 0x00, 0x00, 0x00, 0x00, 0xEF, 0xFB, 0xE7, 0xBA, 0x73, 0xFE, 0xA0, 0xAA,
    0xA5, 0x69, 0xA7, 0x9A, 0x8A, 0xD3, 0x0C, 0xEC, 0xEB, 0xE3, 0xAA, 0xD3, 0xAA, 0xD3, 0xEB, 0xE3,
    0x0B, 0xEC, 0x8A, 0xCB, 0x87, 0x92, 0x63, 0x51, 0x82, 0x30, 0xE7, 0xBB, 0xFF, 0xFF, 0x00, 0x00,
    0x00, 0x00, 0x08, 0xAB, 0xAA, 0xD3, 0x0C, 0xEC, 0xEB, 0xE3, 0xCA, 0xDB, 0xCB, 0xDB, 0x8A, 0xD3,
    0x8A, 0xCB, 0x00, 0x00, 0xAA, 0xAA, 0x00, 0x00, 0x00, 0x00, 0x26, 0x82, 0x09, 0xB3, 0x69, 0xC3,
    0xCA, 0xDB, 0xEB, 0xE3, 0xCB, 0xDB, 0xAA, 0xD3, 0xAA, 0xDB, 0xAA, 0xD3, 0xAA, 0xD3, 0xEB, 0xE3,
    0x2C, 0xF4, 0xAA, 0xD3, 0xC8, 0xA2, 0x06, 0x72, 0xA7, 0xAA, 0x00, 0x00, 0x00, 0x00, 0xA0, 0x52,
    0x00, 0x00, 0x00, 0x00, 0x00, 0x00, 0x00, 0x00, 0x00, 0x00, 0x00, 0x00, 0x00, 0x00, 0x00, 0x00,
    0x00, 0x00, 0xE0, 0xFF, 0xAA, 0xAA, 0x00, 0x00, 0x00, 0x00, 0x07, 0xA3, 0x08, 0xAB, 0x49, 0xBB,
    0xAA, 0xD3, 0xCB, 0xDB, 0xAB, 0xDB, 0xAA, 0xD3, 0xAA, 0xDB, 0xEB, 0xE3, 0x0C, 0xEC, 0x8A, 0xCB,
    0xE8, 0xAA, 0x26, 0x7A, 0xE5, 0x71, 0xE3, 0x48, 0x00, 0x00, 0x00, 0x00, 0xFF, 0xFF, 0x00, 0x00,
    0x00, 0x00, 0x67, 0x8A, 0x49, 0xC3, 0xCA, 0xDB, 0xCB, 0xDB, 0xCB, 0xDB, 0xAA, 0xDB, 0xCB, 0xDB,
    0xCB, 0xE3, 0x8A, 0xD3, 0x08, 0xB3, 0x66, 0x8A, 0xA4, 0x61, 0x00, 0x00, 0x00, 0x00, 0x00, 0x00,
    0x00, 0x00, 0xC7, 0x9A, 0x8A, 0xD3, 0x2C, 0xF4, 0xEB, 0xE3, 0xAA, 0xD3, 0x6A, 0xC3, 0x49, 0xC3,
    0x4A, 0xC3, 0x00, 0x00, 0x00, 0x00, 0x00, 0x00, 0x67, 0x92, 0xA7, 0x9A, 0x69, 0xC3, 0xCB, 0xE3,
    0xCB, 0xDB, 0xAA, 0xD3, 0xAA, 0xD3, 0xAA, 0xDB, 0xAA, 0xD3, 0xCB, 0xDB, 0xCB, 0xDB, 0xEB, 0xE3,
    0xCB, 0xDB, 0x29, 0xBB, 0xE5, 0x69, 0x00, 0x00, 0x00, 0x00, 0xFF, 0xFF, 0x00, 0xF8, 0x00, 0x00,
    0x00, 0x00, 0x00, 0x00, 0x00, 0x00, 0x00, 0x00, 0x00, 0x00, 0x00, 0x00, 0x00, 0x00, 0x00, 0x00,
    0x00, 0x00, 0x00, 0x00, 0x86, 0x99, 0x00, 0x00, 0x00, 0x00, 0xE4, 0x69, 0x46, 0x82, 0xE8, 0xAA,
    0xAA, 0xD3, 0x0B, 0xEC, 0xCB, 0xE3, 0xAA, 0xD3, 0xAA, 0xDB, 0xCB, 0xDB, 0xEB, 0xE3, 0xCB, 0xE3,
    0xAA, 0xD3, 0x49, 0xC3, 0xA7, 0x9A, 0xA5, 0x69, 0x00, 0x00, 0x00, 0x00, 0x00, 0x00, 0x55, 0xFD,
    0x00, 0x00, 0x85, 0x51, 0x67, 0x8A, 0x08, 0xB3, 0x8A, 0xD3, 0xCB, 0xE3, 0xCB, 0xDB, 0xAA, 0xDB,
    0xCA, 0xDB, 0xCB, 0xDB, 0xAA, 0xD3, 0x49, 0xC3, 0xC7, 0x9A, 0x00, 0x00, 0x00, 0x00, 0x00, 0x00,
    0x00, 0x00, 0x87, 0x92, 0x8A, 0xCB, 0x2C, 0xF4, 0x0B, 0xEC, 0x8A, 0xCB, 0x29, 0xB3, 0xC8, 0xA2,
    0xA7, 0x9A, 0xEF, 0x7B, 0x00, 0x00, 0xA7, 0x92, 0xC8, 0xA2, 0x08, 0xB3, 0x8A, 0xCB, 0xEB, 0xE3,
    0xCB, 0xDB, 0xAA, 0xD3, 0xAA, 0xDB, 0xAA, 0xD3, 0xAA, 0xD3, 0xEB, 0xE3, 0x0B, 0xEC, 0xAA, 0xD3,
    0xE8, 0xAA, 0x05, 0x7A, 0xA1, 0x18, 0x00, 0x00, 0x00, 0x00, 0xAA, 0xAA, 0x00, 0x00, 0x00, 0x00,
    0x00, 0x00, 0x00, 0x00, 0x00, 0x00, 0x00, 0x00, 0x00, 0x00, 0x00, 0x00, 0x00, 0x00, 0x00, 0x00,
    0x00, 0x00, 0x00, 0x00, 0xAA, 0x52, 0x00, 0x00, 0x00, 0xF8, 0x02, 0x21, 0x84, 0x59, 0x87, 0x92,
    0x49, 0xBB, 0xAA, 0xDB, 0xEB, 0xE3, 0xEB, 0xE3, 0xCB, 0xDB, 0xAA, 0xD3, 0xAA, 0xD3, 0xCB, 0xE3,
    0x0B, 0xEC, 0xCB, 0xDB, 0x29, 0xB3, 0xA8, 0xA2, 0x87, 0x9A, 0xA7, 0xA2, 0x00, 0x00, 0x00, 0x00,
    0x00, 0x00, 0xA4, 0x49, 0x84, 0x51, 0x87, 0x92, 0x8A, 0xCB, 0x0B, 0xEC, 0xEB, 0xE3, 0xAA, 0xD3,
    0xAA, 0xD3, 0xEB, 0xE3, 0x0C, 0xF4, 0x8A, 0xD3, 0x87, 0x92, 0x02, 0x31, 0x00, 0x00, 0x00, 0x00,
    0x00, 0x00, 0x46, 0x8A, 0x6A, 0xCB, 0x2C, 0xF4, 0x0C, 0xEC, 0x8A, 0xCB, 0xC8, 0xA2, 0x46, 0x8A,
    0x86, 0x92, 0x00, 0x00, 0x22, 0x31, 0x66, 0x8A, 0x08, 0xB3, 0x69, 0xC3, 0xAA, 0xD3, 0xCB, 0xDB,
    0xAB, 0xDB, 0xAA, 0xDB, 0xAA, 0xD3, 0xAA, 0xDB, 0xAB, 0xDB, 0xEB, 0xE3, 0xCB, 0xDB, 0x29, 0xBB,
    0x26, 0x7A, 0x00, 0x00, 0x00, 0x00, 0xF5, 0xFF, 0xE0, 0x7B, 0xAA, 0x02, 0x00, 0x00, 0x00, 0x00,
    0x00, 0x00, 0x00, 0x00, 0x00, 0x00, 0x00, 0x00, 0x00, 0x00, 0x00, 0x00, 0x00, 0x00, 0x00, 0x00,
    0x00, 0x00, 0x00, 0x00, 0x00, 0x00, 0x00, 0xF8, 0xAA, 0xAA, 0x00, 0x00, 0xE3, 0x38, 0xE5, 0x69,
    0x67, 0x92, 0x09, 0xB3, 0xAA, 0xDB, 0x2C, 0xF4, 0xEB, 0xE3, 0xAA, 0xD3, 0xAA, 0xD3, 0xCB, 0xDB,
    0xEB, 0xE3, 0xEB, 0xE3, 0x8A, 0xD3, 0x6A, 0xCB, 0x29, 0xC3, 0xC8, 0xAA, 0xC2, 0x30, 0x00, 0x00,
    0x00, 0x00, 0xF5, 0xFF, 0x23, 0x49, 0x87, 0x92, 0x8A, 0xCB, 0x0B, 0xEC, 0xEB, 0xE3, 0xAA, 0xD3,
    0xAA, 0xD3, 0xEB, 0xE3, 0x0B, 0xEC, 0x6A, 0xCB, 0x87, 0x92, 0xA5, 0x61, 0x44, 0x7A, 0xAA, 0xAA,
    0x00, 0x00, 0x46, 0x8A, 0x6A, 0xCB, 0x2C, 0xF4, 0x2C, 0xF4, 0x6A, 0xCB, 0x87, 0x9A, 0xC5, 0x69,
    0xE8, 0xBA, 0xC6, 0xFC, 0xE5, 0x69, 0x87, 0x92, 0x49, 0xC3, 0xCB, 0xE3, 0xCB, 0xE3, 0xAA, 0xDB,
    0xAA, 0xDB, 0xAA, 0xDB, 0xAA, 0xD3, 0xCB, 0xDB, 0xEB, 0xE3, 0xAA, 0xD3, 0x29, 0xBB, 0x87, 0x9A,
    0xC5, 0x69, 0x00, 0x00, 0x00, 0x00, 0xE7, 0xFB, 0x00, 0xF8, 0x00, 0x00, 0x00, 0x00, 0x00, 0x00,
    0x00, 0x00, 0x00, 0x00, 0x00, 0x00, 0x00, 0x00, 0x00, 0x00, 0x00, 0x00, 0x00, 0x00, 0x00, 0x00,
    0x00, 0x00, 0x00, 0x00, 0x00, 0x00, 0x00, 0xF8, 0xAA, 0xAA, 0x00, 0x00, 0x00, 0x00, 0x00, 0x00,
    0x44, 0x51, 0x67, 0x92, 0x49, 0xBB, 0xAA, 0xDB, 0xAA, 0xDB, 0xCB, 0xDB, 0xCB, 0xE3, 0xAA, 0xDB,
    0xAA, 0xD3, 0xAA, 0xDB, 0xCB, 0xDB, 0xEB, 0xE3, 0x8A, 0xD3, 0x29, 0xBB, 0xC8, 0xA2, 0x67, 0x8A,
    0x02, 0x41, 0x00, 0x00, 0x00, 0x00, 0xE8, 0xB2, 0x49, 0xC3, 0x8A, 0xCB, 0xCB, 0xDB, 0xCB, 0xDB,
    0xAA, 0xDB, 0xCB, 0xDB, 0xCB, 0xE3, 0x8A, 0xD3, 0x08, 0xB3, 0x87, 0x92, 0xA7, 0x92, 0x00, 0x00,
    0x00, 0x00, 0x67, 0x8A, 0x6A, 0xCB, 0x2C, 0xF4, 0x2C, 0xF4, 0x6A, 0xCB, 0x87, 0x9A, 0xE2, 0x38,
    0x00, 0x00, 0xE4, 0x71, 0xA7, 0x9A, 0x29, 0xBB, 0xAA, 0xD3, 0xEB, 0xE3, 0xCB, 0xDB, 0xAA, 0xD3,
    0xAA, 0xDB, 0xAA, 0xDB, 0xAA, 0xDB, 0xCB, 0xE3, 0xEB, 0xE3, 0x69, 0xC3, 0xA7, 0x9A, 0xE5, 0x71,
    0xA7, 0x92, 0x00, 0x00, 0xEF, 0xFB, 0x26, 0x9B, 0x00, 0xF8, 0x00, 0x00, 0x00, 0x00, 0x00, 0x00,
    0x00, 0x00, 0x00, 0x00, 0x00, 0x00, 0x00, 0x00, 0x00, 0x00, 0x00, 0x00, 0x00, 0x00, 0x00, 0x00,
    0x00, 0x00, 0x00, 0x00, 0x00, 0x00, 0x00, 0x00, 0x00, 0xF8, 0x00, 0x00, 0x00, 0x00, 0x00, 0x00,
    0x22, 0x39, 0xE6, 0x71, 0x06, 0x7A, 0xE8, 0xA2, 0x69, 0xC3, 0xEB, 0xE3, 0xEB, 0xE3, 0xCB, 0xDB,
    0xAA, 0xDB, 0xAA, 0xD3, 0xCB, 0xDB, 0xEB, 0xE3, 0xAA, 0xDB, 0xAA, 0xD3, 0x8A, 0xD3, 0x29, 0xBB,
    0xE5, 0x71, 0x00, 0x00, 0x00, 0x00, 0xC9, 0xB2, 0x66, 0x8A, 0xE8, 0xAA, 0x8A, 0xCB, 0xEB, 0xE3,
    0xCB, 0xDB, 0xAA, 0xDB, 0xCB, 0xDB, 0xCB, 0xDB, 0xCB, 0xDB, 0x69, 0xC3, 0x08, 0xAB, 0x00, 0x00,
    0x40, 0x08, 0x87, 0x92, 0x6A, 0xCB, 0x2C, 0xF4, 0x2C, 0xF4, 0x8A, 0xCB, 0x87, 0x9A, 0x40, 0x08,
    0x00, 0x00, 0x46, 0x82, 0x49, 0xC3, 0xCB, 0xE3, 0xEB, 0xE3, 0xCB, 0xDB, 0xAA, 0xDB, 0xAA, 0xDB,
    0xAA, 0xDB, 0xAA, 0xDB, 0xAA, 0xDB, 0xAA, 0xDB, 0x6A, 0xCB, 0x29, 0xBB, 0x67, 0x92, 0x63, 0x49,
    0x00, 0x00, 0xFF, 0xFF, 0xE0, 0xFF, 0xE0, 0x7B, 0x00, 0x00, 0x00, 0x00, 0x00, 0x00, 0x00, 0x00,
    0x00, 0x00, 0x00, 0x00, 0x00, 0x00, 0x00, 0x00, 0x00, 0x00, 0x00, 0x00, 0x00, 0x00, 0x00, 0x00,
    0x00, 0x00, 0x00, 0x00, 0x00, 0x00, 0x00, 0x00, 0x00, 0x00, 0x00, 0x00, 0x80, 0x61, 0xEF, 0xFB,
    0x00, 0x00, 0x00, 0x00, 0x00, 0x00, 0x84, 0x59, 0x29, 0xB3, 0x6A, 0xCB, 0x8A, 0xD3, 0x8A, 0xD3,
    0xEB, 0xE3, 0xCB, 0xE3, 0xCA, 0xDB, 0xAA, 0xDB, 0xAA, 0xDB, 0xEB, 0xE3, 0x0B, 0xEC, 0x8A, 0xCB,
    0xE8, 0xAA, 0x06, 0x7A, 0x67, 0x92, 0x00, 0x08, 0x20, 0x00, 0x66, 0x8A, 0x6A, 0xCB, 0x0B, 0xEC,
    0xEB, 0xE3, 0xAA, 0xD3, 0xAA, 0xD3, 0xEB, 0xE3, 0x2C, 0xF4, 0xAA, 0xD3, 0xC8, 0xA2, 0xA2, 0x28,
    0xC2, 0x28, 0xA7, 0x9A, 0x6A, 0xCB, 0x2C, 0xF4, 0x4C, 0xFC, 0x8A, 0xCB, 0x46, 0x82, 0x00, 0x00,
    0x64, 0x51, 0x08, 0xB3, 0xAA, 0xD3, 0x0C, 0xF4, 0xEB, 0xE3, 0xAA, 0xD3, 0xAA, 0xD3, 0xAA, 0xDB,
    0xAA, 0xD3, 0xCB, 0xDB, 0xEB, 0xE3, 0x8A, 0xD3, 0x29, 0xBB, 0xE8, 0xAA, 0x87, 0x9A, 0x00, 0x00,
    0xE0, 0xFF, 0x49, 0xB2, 0xE0, 0xFF, 0x00, 0x00, 0x00, 0x00, 0x00, 0x00, 0x00, 0x00, 0x00, 0x00,
    0x00, 0x00, 0x00, 0x00, 0x00, 0x00, 0x00, 0x00, 0x00, 0x00, 0x00, 0x00, 0x00, 0x00, 0x00, 0x00,
    0x00, 0x00, 0x00, 0x00, 0x00, 0x00, 0x00, 0x00, 0x00, 0x00, 0x00, 0x00, 0x00, 0xF8, 0x00, 0x00,
    0x00, 0x00, 0x00, 0x00, 0x00, 0x00, 0x00, 0x00, 0xC8, 0xAA, 0xA7, 0xA2, 0xE8, 0xAA, 0x29, 0xBB,
    0xCB, 0xE3, 0x0B, 0xEC, 0xCB, 0xDB, 0xAA, 0xD3, 0xAA, 0xDB, 0xCB, 0xDB, 0xCB, 0xE3, 0xCB, 0xDB,
    0xAA, 0xDB, 0x49, 0xC3, 0xA7, 0xA2, 0x23, 0x49, 0x00, 0x00, 0x67, 0x92, 0x6A, 0xCB, 0xEB, 0xEB,
    0xEB, 0xE3, 0xAA, 0xD3, 0xAA, 0xD3, 0xEB, 0xE3, 0x0B, 0xEC, 0x8A, 0xD3, 0xA8, 0xA2, 0x84, 0x59,
    0x64, 0x51, 0xC8, 0x9A, 0x8A, 0xCB, 0x2C, 0xF4, 0x4C, 0xFC, 0x6A, 0xCB, 0xC5, 0x69, 0x03, 0x39,
    0x09, 0xB3, 0xCA, 0xDB, 0xCB, 0xE3, 0xCB, 0xE3, 0xCB, 0xDB, 0xAA, 0xD3, 0xAA, 0xDB, 0xAA, 0xD3,
    0xAA, 0xD3, 0xEB, 0xE3, 0x0B, 0xEC, 0x8A, 0xD3, 0xA7, 0xA2, 0x26, 0x7A, 0x00, 0x78, 0x00, 0x00,
    0x00, 0x00, 0xAA, 0x52, 0x00, 0x00, 0x00, 0x00, 0x00, 0x00, 0x00, 0x00, 0x00, 0x00, 0x00, 0x00,
    0x00, 0x00, 0x00, 0x00, 0x00, 0x00, 0x00, 0x00, 0x00, 0x00, 0x00, 0x00, 0x00, 0x00, 0x00, 0x00,
    0x00, 0x00, 0x00, 0x00, 0x00, 0x00, 0x00, 0x00, 0x00, 0x00, 0x00, 0x00, 0x00, 0x00, 0x00, 0x00,
    0x00, 0x38, 0x26, 0xCB, 0xF3, 0xFF, 0x00, 0x00, 0x00, 0x00, 0x00, 0x00, 0x26, 0x82, 0xE8, 0xAA,
    0x69, 0xC3, 0xAA, 0xD3, 0xCB, 0xDB, 0xCB, 0xE3, 0xEB, 0xE3, 0xAA, 0xDB, 0xAA, 0xD3, 0xCB, 0xE3,
    0x0B, 0xEC, 0xCB, 0xDB, 0x29, 0xBB, 0x87, 0x9A, 0xA7, 0x9A, 0xE8, 0xAA, 0x29, 0xBB, 0x6A, 0xCB,
    0xCA, 0xDB, 0xCB, 0xDB, 0xAA, 0xDB, 0xCB, 0xDB, 0xCB, 0xE3, 0x8A, 0xD3, 0x09, 0xB3, 0x26, 0x82,
    0xC5, 0x61, 0x87, 0x9A, 0x6A, 0xCB, 0x2C, 0xF4, 0x4C, 0xFC, 0x8A, 0xCB, 0xC8, 0xA2, 0xC8, 0xA2,
    0x8A, 0xD3, 0x2C, 0xF4, 0xEB, 0xE3, 0xAA, 0xD3, 0xAA, 0xD3, 0xAA, 0xDB, 0xAA, 0xD3, 0xCB, 0xDB,
    0xCB, 0xE3, 0xCB, 0xDB, 0xAA, 0xD3, 0x29, 0xBB, 0xE5, 0x79, 0x00, 0x00, 0x00, 0x00, 0x4F, 0xFD,
    0xE0, 0x7B, 0x00, 0x00, 0x00, 0x00, 0x00, 0xF8, 0x00, 0xF8, 0x00, 0xF8, 0xE0, 0xFF, 0xE0, 0x7B,
    0xEF, 0x7B, 0xFF, 0xFF, 0x00, 0x00, 0x00, 0x00, 0x00, 0x00, 0x00, 0x00, 0x00, 0xF8, 0x00, 0xF8,
    0x00, 0x00, 0x00, 0x00, 0x00, 0x00, 0x00, 0x00, 0x00, 0x00, 0x00, 0x00, 0x00, 0x00, 0x00, 0x00,
    0x00, 0x00, 0x00, 0xF8, 0x00, 0x00, 0x00, 0x00, 0x00, 0x00, 0x00, 0x00, 0xE4, 0x79, 0x67, 0x8A,
    0x46, 0x7A, 0xC8, 0xA2, 0x6A, 0xCB, 0xEB, 0xEB, 0x0B, 0xEC, 0xCB, 0xDB, 0xAA, 0xD3, 0xAA, 0xDB,
    0xCB, 0xE3, 0xEB, 0xE3, 0xAA, 0xD3, 0x6A, 0xCB, 0x49, 0xBB, 0xE8, 0xA2, 0x87, 0x92, 0x08, 0xB3,
    0x8A, 0xD3, 0xEB, 0xE3, 0xCB, 0xDB, 0xAA, 0xDB, 0xCB, 0xDB, 0xAA, 0xD3, 0x6A, 0xCB, 0xE8, 0xAA,
    0x26, 0x82, 0x87, 0x92, 0x6A, 0xCB, 0x0C, 0xEC, 0x0B, 0xEC, 0xAA, 0xD3, 0x6A, 0xCB, 0x8A, 0xCB,
    0xAA, 0xD3, 0xEB, 0xE3, 0xCB, 0xDB, 0xAA, 0xD3, 0xAA, 0xDB, 0xAA, 0xDB, 0xAA, 0xD3, 0xEB, 0xE3,
    0x0B, 0xEC, 0xAA, 0xD3, 0xE8, 0xAA, 0xE5, 0x69, 0x82, 0x30, 0x00, 0x00, 0x00, 0x00, 0x26, 0x9B,
    0xA0, 0x52, 0x00, 0x00, 0xAA, 0x52, 0xE7, 0x79, 0x86, 0x99, 0x26, 0x9B, 0xAA, 0xAA, 0x69, 0xB3,
    0x69, 0xDB, 0xEA, 0xFB, 0xEF, 0xFD, 0xFF, 0xFF, 0xFF, 0xFF, 0xF5, 0xFF, 0xE7, 0xBB, 0xE7, 0x79,
    0x00, 0x00, 0x00, 0x00, 0x00, 0x00, 0x00, 0x00, 0x00, 0x00, 0x00, 0x00, 0x00, 0x00, 0x00, 0x00,
    0x00, 0x00, 0x00, 0x00, 0x00, 0x00, 0xE7, 0x79, 0xE7, 0x9A, 0xFF, 0xFF, 0x00, 0x00, 0x00, 0x00,
    0x00, 0x00, 0xE5, 0x69, 0x29, 0xBB, 0x8A, 0xD3, 0x8A, 0xD3, 0x8A, 0xD3, 0xEB, 0xE3, 0xCB, 0xE3,
    0xAA, 0xDB, 0xCB, 0xDB, 0xEB, 0xE3, 0xCB, 0xE3, 0x6A, 0xCB, 0x29, 0xBB, 0xC8, 0xA2, 0x09, 0xB3,
    0x8A, 0xD3, 0xEB, 0xE3, 0xCB, 0xE3, 0xAA, 0xD3, 0xAA, 0xD3, 0xCB, 0xDB, 0xCB, 0xDB, 0x6A, 0xCB,
    0xE8, 0xAA, 0xE8, 0xAA, 0x8A, 0xCB, 0xEB, 0xE3, 0xCB, 0xDB, 0xAA, 0xDB, 0xCB, 0xDB, 0xCB, 0xDB,
    0xAA, 0xDB, 0xAA, 0xDB, 0xAA, 0xDB, 0xCB, 0xDB, 0xAA, 0xDB, 0xAA, 0xDB, 0xAA, 0xDB, 0xCB, 0xE3,
    0xCB, 0xE3, 0x49, 0xBB, 0x06, 0x7A, 0x00, 0x00, 0x00, 0x00, 0x8D, 0xFC, 0xAA, 0xFA, 0xE0, 0xFB,
    0x00, 0x00, 0x00, 0x00, 0x00, 0x00, 0x00, 0x00, 0x00, 0x00, 0x00, 0x00, 0x00, 0x00, 0x00, 0x00,
    0x00, 0x00, 0x00, 0x00, 0x00, 0x00, 0x00, 0x00, 0x00, 0x00, 0x00, 0x00, 0x00, 0x00, 0x00, 0x00,
    0x00, 0x00, 0x00, 0x00, 0x00, 0x00, 0x00, 0x00, 0x00, 0x00, 0x00, 0x00, 0x00, 0x00, 0x00, 0x00,
    0x00, 0x00, 0x00, 0x00, 0x00, 0x00, 0x00, 0x00, 0xE0, 0x7B, 0x00, 0x00, 0x00, 0x00, 0x00, 0x00,
    0x00, 0x00, 0x43, 0x41, 0xC8, 0xAA, 0xA8, 0xA2, 0xC8, 0xAA, 0x29, 0xBB, 0xCB, 0xE3, 0x0B, 0xEC,
    0xCB, 0xDB, 0xAA, 0xDB, 0xCA, 0xDB, 0xCB, 0xDB, 0xCA, 0xDB, 0x8A, 0xD3, 0x8A, 0xCB, 0x8A, 0xCB,
    0xAA, 0xD3, 0xCB, 0xDB, 0xCB, 0xDB, 0xAA, 0xDB, 0xAA, 0xD3, 0xCB, 0xDB, 0xCB, 0xDB, 0xAA, 0xD3,
    0x6A, 0xCB, 0x6A, 0xCB, 0xAA, 0xD3, 0xCB, 0xDB, 0xCB, 0xDB, 0xCB, 0xDB, 0xCB, 0xE3, 0xCB, 0xE3,
    0xCB, 0xDB, 0xAA, 0xDB, 0xAA, 0xDB, 0xAA, 0xDB, 0xAA, 0xDB, 0xCB, 0xDB, 0xCB, 0xDB, 0x8A, 0xD3,
    0x29, 0xBB, 0xA8, 0xA2, 0xE5, 0x69, 0x00, 0x00, 0xE7, 0x79, 0xEA, 0xD3, 0x8D, 0xFC, 0xEF, 0xFD,
    0x00, 0x00, 0x00, 0x00, 0x00, 0x00, 0x00, 0x00, 0x00, 0x00, 0x00, 0x00, 0x00, 0x00, 0x00, 0x00,
    0x00, 0x00, 0x00, 0x00, 0x00, 0x00, 0x00, 0x00, 0x00, 0x00, 0x00, 0x00, 0x00, 0x00, 0x00, 0x00,
    0x00, 0x00, 0x00, 0x00, 0x00, 0x00, 0x00, 0x00, 0x00, 0x00, 0x00, 0x00, 0x00, 0x00, 0x00, 0x00,
    0x00, 0x00, 0x00, 0x00, 0x00, 0x00, 0x00, 0x00, 0x00, 0x00, 0x00, 0x78, 0x86, 0x61, 0x2C, 0xFB,
    0xFF, 0xFF, 0x00, 0x00, 0x00, 0x00, 0x00, 0x00, 0x06, 0x82, 0xC8, 0xAA, 0x49, 0xC3, 0xAA, 0xD3,
    0xCB, 0xDB, 0xCB, 0xDB, 0xCB, 0xDB, 0xAB, 0xDB, 0xAB, 0xDB, 0xCB, 0xDB, 0xEB, 0xE3, 0xEB, 0xE3,
    0xCB, 0xDB, 0xAA, 0xD3, 0xAA, 0xDB, 0xAA, 0xDB, 0xAA, 0xDB, 0xAB, 0xDB, 0xCA, 0xDB, 0xAA, 0xD3,
    0xAA, 0xD3, 0xAB, 0xDB, 0xAA, 0xDB, 0xCA, 0xDB, 0xCB, 0xDB, 0xAA, 0xDB, 0xAA, 0xDB, 0xAA, 0xDB,
    0xAA, 0xDB, 0xAA, 0xDB, 0xAA, 0xDB, 0xAA, 0xD3, 0xAA, 0xD3, 0xEB, 0xE3, 0x0B, 0xEC, 0x8A, 0xCB,
    0xC8, 0xA2, 0x47, 0x8A, 0xEB, 0xBA, 0x00, 0x00, 0x00, 0x00, 0x00, 0x00, 0x00, 0x00, 0x00, 0x00,
    0x00, 0x00, 0x00, 0x00, 0x00, 0x00, 0xC3, 0x30, 0x85, 0x61, 0x47, 0x82, 0xA8, 0xA2, 0x49, 0xC3,
    0xAA, 0xD3, 0x69, 0xC3, 0xA8, 0xA2, 0x87, 0x92, 0x87, 0x92, 0x87, 0x9A, 0x67, 0x92, 0x47, 0x82,
    0x00, 0x00, 0x00, 0x78, 0xAA, 0x52, 0xE7, 0x79, 0xAA, 0x52, 0xA0, 0x52, 0xA0, 0x52, 0x00, 0x78,
    0x00, 0x78, 0x00, 0x00, 0x00, 0x00, 0x00, 0x00, 0x00, 0x00, 0x00, 0x00, 0x00, 0x78, 0xE0, 0xFF,
    0x00, 0x00, 0x00, 0x00, 0x00, 0x00, 0x00, 0x00, 0xE6, 0x79, 0x46, 0x8A, 0x26, 0x7A, 0xC8, 0xA2,
    0x69, 0xCB, 0xEB, 0xE3, 0xEB, 0xEB, 0xCB, 0xDB, 0xAA, 0xDB, 0xAA, 0xD3, 0xCB, 0xDB, 0xCB, 0xE3,
    0xCB, 0xDB, 0xAA, 0xDB, 0xAA, 0xDB, 0xAA, 0xDB, 0xAA, 0xDB, 0xAA, 0xDB, 0xCA, 0xDB, 0xCB, 0xDB,
    0xCB, 0xDB, 0xCB, 0xDB, 0xAA, 0xDB, 0xAA, 0xDB, 0xAA, 0xDB, 0xAA, 0xDB, 0xAA, 0xDB, 0xAA, 0xDB,
    0xAA, 0xDB, 0xAA, 0xDB, 0xAA, 0xDB, 0xAA, 0xD3, 0xAA, 0xD3, 0xEB, 0xE3, 0x0C, 0xEC, 0x8A, 0xD3,
    0xA8, 0xA2, 0x69, 0xB2, 0x00, 0x00, 0x00, 0x00, 0x00, 0x00, 0x00, 0x00, 0x00, 0x00, 0x00, 0x00,
    0x00, 0x00, 0x20, 0x08, 0x02, 0x41, 0xA4, 0x61, 0x06, 0x7A, 0x87, 0x92, 0xE8, 0xAA, 0x69, 0xC3,
    0xAA, 0xD3, 0xAA, 0xDB, 0x8A, 0xD3, 0xAA, 0xD3, 0xCB, 0xDB, 0x69, 0xC3, 0xC8, 0xAA, 0x46, 0x82,
    0x00, 0x00, 0x00, 0x00, 0x00, 0x00, 0x00, 0x00, 0x00, 0x00, 0x00, 0x00, 0x00, 0x00, 0x00, 0x00,
    0x00, 0x00, 0x00, 0x00, 0x00, 0x00, 0x00, 0x00, 0x00, 0x00, 0x00, 0x00, 0xFF, 0xFF, 0xEF, 0x7B,
    0xAA, 0xAA, 0x44, 0x92, 0x29, 0xB3, 0xFF, 0xFF, 0x00, 0x00, 0x00, 0x00, 0x00, 0x00, 0xC5, 0x69,
    0x29, 0xBB, 0x8A, 0xCB, 0x8A, 0xD3, 0x8A, 0xD3, 0xCB, 0xE3, 0xEB, 0xE3, 0xAA, 0xDB, 0xAA, 0xDB,
    0xAA, 0xD3, 0xAA, 0xDB, 0xAA, 0xDB, 0xAA, 0xDB, 0xAA, 0xDB, 0xAA, 0xDB, 0xAA, 0xDB, 0xAA, 0xDB,
    0xAA, 0xDB, 0xAA, 0xDB, 0xAA, 0xDB, 0xAA, 0xDB, 0xAA, 0xDB, 0xAA, 0xDB, 0xAA, 0xDB, 0xAA, 0xDB,
    0xAA, 0xDB, 0xAA, 0xDB, 0xAA, 0xDB, 0xCB, 0xDB, 0xAA, 0xDB, 0xCB, 0xDB, 0xAB, 0xDB, 0x49, 0xC3,
    0x06, 0x7A, 0x00, 0x00, 0x64, 0x59, 0xC7, 0xA2, 0x29, 0xBB, 0x6A, 0xCB, 0x29, 0xBB, 0xA7, 0xA2,
    0x67, 0x8A, 0x66, 0x8A, 0x67, 0x92, 0xA7, 0x9A, 0xC8, 0xA2, 0xE8, 0xB2, 0x29, 0xBB, 0x6A, 0xCB,
    0xCB, 0xDB, 0x0B, 0xEC, 0x0B, 0xEC, 0x4C, 0xFC, 0x8D, 0xFC, 0xAA, 0xD3, 0xE8, 0xAA, 0x46, 0x8A,
    0x00, 0x00, 0x00, 0x00, 0x00, 0x00, 0x00, 0x00, 0x00, 0x00, 0x00, 0x00, 0x00, 0x00, 0x00, 0x00,
    0x00, 0x00, 0x00, 0x00, 0xFF, 0xFF, 0xFF, 0xFF, 0xF5, 0xFF, 0xEF, 0xFD, 0xCC, 0xFC, 0xEA, 0xFB,
    0x6D, 0xDB, 0x8A, 0xC3, 0x8A, 0xE3, 0xCC, 0xFC, 0xFF, 0xFF, 0x00, 0x00, 0x00, 0x00, 0xA3, 0x51,
    0xE8, 0xA2, 0xC7, 0x9A, 0xC8, 0xA2, 0x29, 0xBB, 0xCB, 0xE3, 0x0B, 0xEC, 0xCB, 0xE3, 0xAA, 0xDB,
    0xAA, 0xD3, 0xAA, 0xDB, 0xAA, 0xDB, 0xAA, 0xDB, 0xAA, 0xDB, 0xAA, 0xDB, 0xAA, 0xDB, 0xAA, 0xDB,
    0xAA, 0xDB, 0xAA, 0xDB, 0xAA, 0xDB, 0xAA, 0xDB, 0xAA, 0xDB, 0xAA, 0xDB, 0xAA, 0xDB, 0xAA, 0xDB,
    0xAA, 0xDB, 0xAA, 0xDB, 0xAA, 0xD3, 0xCB, 0xDB, 0xCB, 0xDB, 0xAA, 0xD3, 0x49, 0xC3, 0xA8, 0xA2,
    0x84, 0x51, 0xE2, 0x30, 0xE5, 0x71, 0xA8, 0xA2, 0x29, 0xBB, 0x8A, 0xCB, 0xAA, 0xD3, 0xAA, 0xD3,
    0x8A, 0xCB, 0x6A, 0xCB, 0x6A, 0xCB, 0x6A, 0xCB, 0x6A, 0xCB, 0x8A, 0xCB, 0x8A, 0xCB, 0xAA, 0xD3,
    0xCB, 0xDB, 0xCB, 0xDB, 0xEB, 0xE3, 0x2C, 0xF4, 0x6D, 0xFC, 0x8A, 0xD3, 0xE8, 0xAA, 0x47, 0x92,
    0x00, 0x00, 0x00, 0x00, 0x00, 0x00, 0x61, 0x28, 0x00, 0x00, 0x00, 0x00, 0x00, 0x00, 0x00, 0x00,
    0x00, 0x00, 0x00, 0x00, 0x00, 0x00, 0x00, 0x00, 0x00, 0x00, 0x00, 0x00, 0x00, 0x00, 0x00, 0x00,
    0x00, 0x00, 0x00, 0x00, 0x00, 0x00, 0x00, 0x00, 0x00, 0x00, 0x00, 0x00, 0x00, 0x00, 0x00, 0x00,
    0x00, 0x00, 0x00, 0x00, 0x26, 0x7A, 0xE8, 0xAA, 0x69, 0xC3, 0xAA, 0xDB, 0xCB, 0xDB, 0xCB, 0xDB,
    0xCB, 0xDB, 0xAA, 0xD3, 0xAA, 0xDB, 0xAA, 0xDB, 0xAA, 0xDB, 0xAA, 0xDB, 0xAA, 0xDB, 0xAA, 0xDB,
    0xAA, 0xDB, 0xAA, 0xDB, 0xAA, 0xDB, 0xAA, 0xDB, 0xAA, 0xDB, 0xAA, 0xDB, 0xAA, 0xDB, 0xAA, 0xDB,
    0xAA, 0xDB, 0xAA, 0xDB, 0xAA, 0xD3, 0xCB, 0xDB, 0xCB, 0xE3, 0x8A, 0xD3, 0x49, 0xBB, 0xE8, 0xAA,
    0xA7, 0x92, 0x87, 0x92, 0xA7, 0x9A, 0x09, 0xB3, 0x49, 0xC3, 0x8A, 0xD3, 0x0B, 0xE4, 0x2C, 0xEC,
    0x0C, 0xEC, 0x0B, 0xEC, 0x0B, 0xEC, 0x0B, 0xEC, 0x0B, 0xEC, 0x0B, 0xEC, 0xEB, 0xEB, 0xEB, 0xE3,
    0xEB, 0xE3, 0xCB, 0xDB, 0x8A, 0xD3, 0xAA, 0xD3, 0xAA, 0xD3, 0x49, 0xC3, 0xC7, 0xA2, 0x26, 0x82,
    0x00, 0x00, 0x00, 0x00, 0x03, 0x41, 0x64, 0x59, 0x43, 0x49, 0xC2, 0x28, 0x61, 0x18, 0x00, 0x00,
    0x00, 0x00, 0x00, 0x00, 0x00, 0x00, 0x00, 0x00, 0x00, 0x00, 0x00, 0x00, 0x00, 0x00, 0x00, 0x00,
    0x00, 0x00, 0x00, 0x00, 0x00, 0x00, 0x00, 0x00, 0x00, 0x00, 0x00, 0x00, 0x00, 0x00, 0x00, 0x00,
    0x00, 0x00, 0x00, 0x00, 0xE7, 0x79, 0xC7, 0x9A, 0x46, 0x82, 0xE8, 0xAA, 0x8A, 0xCB, 0xEB, 0xE3,
    0xCB, 0xE3, 0xAA, 0xD3, 0xAA, 0xDB, 0xAA, 0xDB, 0xAA, 0xDB, 0xAA, 0xDB, 0xAA, 0xDB, 0xAA, 0xDB,
    0xAA, 0xDB, 0xAA, 0xDB, 0xAA, 0xDB, 0xAA, 0xDB, 0xAA, 0xDB, 0xAA, 0xDB, 0xAA, 0xDB, 0xAA, 0xDB,
    0xAA, 0xDB, 0xAA, 0xDB, 0xAA, 0xDB, 0xCB, 0xDB, 0xCB, 0xDB, 0xAA, 0xD3, 0x8A, 0xD3, 0x8A, 0xCB,
    0x8A, 0xCB, 0x6A, 0xCB, 0x6A, 0xCB, 0x6A, 0xCB, 0x8A, 0xD3, 0xAA, 0xDB, 0xCB, 0xDB, 0xCB, 0xE3,
    0xEB, 0xE3, 0xEB, 0xE3, 0xEB, 0xEB, 0x0B, 0xEC, 0x0B, 0xEC, 0x0C, 0xEC, 0x0B, 0xEC, 0x2C, 0xF4,
    0x2C, 0xF4, 0xEB, 0xE3, 0x6A, 0xCB, 0x29, 0xBB, 0xE8, 0xAA, 0x87, 0x92, 0xE5, 0x71, 0x44, 0x51,
    0x67, 0x92, 0x87, 0x92, 0x87, 0x9A, 0x87, 0x92, 0x87, 0x92, 0x67, 0x8A, 0x66, 0x8A, 0x47, 0x8A,
    0x47, 0x8A, 0x46, 0x8A, 0x67, 0x92, 0x67, 0x92, 0x87, 0x9A, 0xC8, 0xA2, 0xE8, 0xAA, 0x49, 0xBB,
    0x69, 0xCB, 0x8A, 0xD3, 0xAB, 0xDB, 0xAA, 0xD3, 0x49, 0xCB, 0x49, 0xBB, 0xE8, 0xAA, 0xA7, 0x9A,
    0x46, 0x92, 0x67, 0x92, 0x26, 0x72, 0x00, 0x00, 0x00, 0x00, 0x64, 0x51, 0xE8, 0xAA, 0x8A, 0xCB,
    0xAA, 0xDB, 0xCB, 0xDB, 0xCB, 0xDB, 0xAA, 0xDB, 0xAA, 0xDB, 0xAA, 0xDB, 0xAA, 0xDB, 0xAA, 0xDB,
    0xAA, 0xDB, 0xAA, 0xDB, 0xAA, 0xDB, 0xAA, 0xDB, 0xAA, 0xDB, 0xAA, 0xDB, 0xAA, 0xDB, 0xAA, 0xDB,
    0xAA, 0xDB, 0xAA, 0xDB, 0xAA, 0xDB, 0xAA, 0xDB, 0xAA, 0xDB, 0xCB, 0xDB, 0xCB, 0xE3, 0xEB, 0xE3,
    0x0B, 0xEC, 0x0B, 0xEC, 0x0B, 0xEC, 0x0B, 0xEC, 0xEB, 0xE3, 0xEB, 0xE3, 0xCB, 0xE3, 0xCB, 0xDB,
    0xCB, 0xDB, 0xAA, 0xD3, 0x8A, 0xCB, 0x8A, 0xCB, 0x6A, 0xCB, 0x6A, 0xCB, 0x6A, 0xCB, 0x8A, 0xD3,
    0xAA, 0xD3, 0xAA, 0xD3, 0x6A, 0xCB, 0xE8, 0xAA, 0x26, 0x82, 0x84, 0x59, 0x00, 0x08, 0x00, 0x00,
    0x8A, 0xCB, 0x8A, 0xCB, 0x6A, 0xCB, 0x6A, 0xCB, 0x6A, 0xCB, 0x6A, 0xCB, 0x6A, 0xCB, 0x6A, 0xCB,
    0x6A, 0xCB, 0x8A, 0xCB, 0x8A, 0xCB, 0x8A, 0xCB, 0x8A, 0xCB, 0x8A, 0xD3, 0x8A, 0xD3, 0xAA, 0xD3,
    0xAA, 0xD3, 0xAA, 0xDB, 0xAA, 0xDB, 0xAA, 0xD3, 0x6A, 0xCB, 0x69, 0xC3, 0x29, 0xBB, 0xE8, 0xAA,
    0xA7, 0x9A, 0x47, 0x8A, 0x05, 0x72, 0x64, 0x51, 0xC2, 0x28, 0xC2, 0x28, 0xA4, 0x61, 0xC8, 0xAA,
    0x8A, 0xD3, 0xEB, 0xE3, 0xEB, 0xE3, 0xAA, 0xD3, 0xAA, 0xDB, 0xAA, 0xDB, 0xAA, 0xDB, 0xAA, 0xDB,
    0xAA, 0xDB, 0xAA, 0xDB, 0xAA, 0xDB, 0xAA, 0xDB, 0xAA, 0xDB, 0xAA, 0xDB, 0xAA, 0xDB, 0xAA, 0xDB,
    0xAA, 0xDB, 0xAA, 0xDB, 0xAA, 0xDB, 0xAA, 0xDB, 0xAA, 0xDB, 0xAA, 0xDB, 0xAA, 0xDB, 0xCB, 0xDB,
    0xEB, 0xE3, 0xEB, 0xEB, 0x0B, 0xEC, 0x0B, 0xEC, 0x0B, 0xEC, 0x0C, 0xEC, 0x0B, 0xEC, 0x0B, 0xEC,
    0xCB, 0xDB, 0x6A, 0xCB, 0x29, 0xBB, 0xC8, 0xA2, 0xA7, 0x9A, 0x87, 0x92, 0x67, 0x8A, 0x87, 0x92,
    0xC8, 0xA2, 0x29, 0xBB, 0x49, 0xC3, 0xC7, 0x9A, 0xE5, 0x69, 0x82, 0x20, 0x00, 0x00, 0x00, 0x00,
    0x6A, 0xCB, 0x8A, 0xCB, 0xCB, 0xDB, 0x4C, 0xFC, 0x4C, 0xFC, 0x2C, 0xF4, 0x4C, 0xFC, 0x4C, 0xFC,
    0x4C, 0xFC, 0x4C, 0xFC, 0x4C, 0xFC, 0x4C, 0xFC, 0x4C, 0xFC, 0x4C, 0xFC, 0x4C, 0xFC, 0x4C, 0xFC,
    0x4C, 0xFC, 0x2C, 0xF4, 0x2C, 0xF4, 0x0B, 0xEC, 0xCB, 0xDB, 0x8A, 0xD3, 0x6A, 0xCB, 0x49, 0xC3,
    0x29, 0xBB, 0xE8, 0xB2, 0xE8, 0xAA, 0xC8, 0xA2, 0xC8, 0xA2, 0xA7, 0x9A, 0x67, 0x92, 0xE8, 0xAA,
    0x8A, 0xCB, 0xEB, 0xE3, 0xCB, 0xE3, 0xAA, 0xD3, 0xAA, 0xDB, 0xAA, 0xDB, 0xAA, 0xDB, 0xAA, 0xDB,
    0xAA, 0xDB, 0xAA, 0xDB, 0xAA, 0xDB, 0xAA, 0xDB, 0xAA, 0xDB, 0xAA, 0xDB, 0xAA, 0xDB, 0xAA, 0xDB,
    0xAA, 0xDB, 0xAA, 0xDB, 0xAA, 0xDB, 0xAA, 0xDB, 0xCB, 0xDB, 0xCB, 0xDB, 0xCB, 0xE3, 0xCB, 0xDB,
    0xAA, 0xD3, 0x8A, 0xD3, 0x8A, 0xCB, 0x8A, 0xCB, 0x6A, 0xCB, 0x8A, 0xD3, 0xAA, 0xD3, 0xAA, 0xD3,
    0xAA, 0xD3, 0x6A, 0xC3, 0xE8, 0xAA, 0x66, 0x8A, 0xC5, 0x69, 0x43, 0x41, 0x41, 0x10, 0x00, 0x00,
    0x00, 0x00, 0x00, 0x00, 0x00, 0x00, 0x00, 0x00, 0x00, 0x00, 0x00, 0x00, 0x00, 0x00, 0xFF, 0xFF,
    0x46, 0x82, 0xE8, 0xAA, 0x8A, 0xCB, 0x6C, 0xFC, 0x6C, 0xFC, 0x2C, 0xF4, 0x4C, 0xFC, 0x4C, 0xFC,
    0x4C, 0xFC, 0x4C, 0xFC, 0x4C, 0xFC, 0x4C, 0xFC, 0x4C, 0xFC, 0x4C, 0xFC, 0x4C, 0xFC, 0x4C, 0xFC,
    0x4C, 0xFC, 0x2C, 0xF4, 0x2C, 0xF4, 0x2C, 0xF4, 0x0B, 0xEC, 0x0B, 0xEC, 0xEB, 0xE3, 0xCB, 0xE3,
    0xCB, 0xDB, 0xAA, 0xD3, 0x8A, 0xD3, 0x8A, 0xD3, 0xAA, 0xD3, 0xAA, 0xD3, 0x8A, 0xD3, 0x8A, 0xD3,
    0xAA, 0xD3, 0xCB, 0xDB, 0xCB, 0xDB, 0xAA, 0xDB, 0xAA, 0xDB, 0xAA, 0xDB, 0xAA, 0xDB, 0xAA, 0xDB,
    0xAA, 0xDB, 0xAA, 0xDB, 0xAA, 0xDB, 0xAA, 0xDB, 0xAA, 0xDB, 0xAA, 0xDB, 0xAA, 0xDB, 0xAA, 0xDB,
    0xAA, 0xDB, 0xAA, 0xDB, 0xAA, 0xDB, 0xAA, 0xDB, 0xCB, 0xDB, 0xEB, 0xE3, 0x0B, 0xEC, 0xEB, 0xE3,
    0x8A, 0xD3, 0x49, 0xC3, 0x08, 0xB3, 0xC8, 0xA2, 0x87, 0x92, 0xA7, 0x9A, 0xC8, 0xA2, 0x49, 0xC3,
    0xCB, 0xDB, 0xAB, 0xDB, 0x49, 0xBB, 0x87, 0x92, 0xE5, 0x71, 0x43, 0x41, 0x80, 0x00, 0x00, 0x00,
    0x00, 0x00, 0x00, 0x00, 0x00, 0x00, 0x00, 0x00, 0x00, 0x00, 0x00, 0x00, 0x00, 0x00, 0x00, 0x00,
    0x00, 0x00, 0xC5, 0x69, 0x49, 0xBB, 0xCB, 0xDB, 0xCB, 0xDB, 0x8A, 0xD3, 0x8A, 0xD3, 0xAA, 0xD3,
    0x8A, 0xCB, 0x8A, 0xCB, 0x8A, 0xCB, 0x8A, 0xCB, 0x8A, 0xCB, 0x6A, 0xCB, 0x8A, 0xCB, 0x6A, 0xCB,
    0x6A, 0xCB, 0x6A, 0xCB, 0x6A, 0xCB, 0x6A, 0xCB, 0x8A, 0xCB, 0x6A, 0xCB, 0x8A, 0xCB, 0x8A, 0xCB,
    0x8A, 0xCB, 0x8A, 0xD3, 0x8A, 0xD3, 0x8A, 0xD3, 0x8A, 0xD3, 0xAA, 0xD3, 0xAA, 0xD3, 0xAA, 0xD3,
    0xAA, 0xDB, 0xAA, 0xDB, 0xAA, 0xDB, 0xAA, 0xDB, 0xAA, 0xDB, 0xAA, 0xDB, 0xAA, 0xDB, 0xAA, 0xDB,
    0xAA, 0xDB, 0xAA, 0xDB, 0xAA, 0xDB, 0xAA, 0xDB, 0xAA, 0xDB, 0xAA, 0xDB, 0xAA, 0xDB, 0xAA, 0xDB,
    0xAA, 0xDB, 0xAA, 0xDB, 0xAA, 0xDB, 0xAA, 0xDB, 0xAA, 0xD3, 0xAA, 0xD3, 0x8A, 0xD3, 0x6A, 0xC3,
    0x09, 0xB3, 0xA7, 0x9A, 0x05, 0x72, 0x43, 0x49, 0x40, 0x10, 0x00, 0x00, 0x00, 0x00, 0x00, 0x00,
    0x00, 0x00, 0x00, 0x00, 0x00, 0x00, 0x00, 0x00, 0x00, 0x00, 0x00, 0x00, 0x00, 0x00, 0x00, 0x00,
    0x00, 0x00, 0x00, 0x00, 0x00, 0x00, 0x00, 0x00, 0x00, 0x00, 0x00, 0x00, 0xE0, 0xFF, 0x00, 0x00,
    0x00, 0x00, 0xE3, 0x38, 0x29, 0xBB, 0xAB, 0xDB, 0x6A, 0xCB, 0x09, 0xB3, 0xC8, 0xA2, 0xC8, 0xA2,
    0xA7, 0x9A, 0x87, 0x92, 0x67, 0x8A, 0x67, 0x8A, 0x66, 0x8A, 0x67, 0x8A, 0x67, 0x8A, 0x67, 0x8A,
    0x66, 0x8A, 0x67, 0x8A, 0x67, 0x92, 0x67, 0x92, 0x87, 0x92, 0x87, 0x92, 0x87, 0x92, 0x87, 0x92,
    0xA7, 0x9A, 0xA7, 0xA2, 0xC8, 0xA2, 0xC8, 0xA2, 0xE8, 0xAA, 0xE8, 0xAA, 0x09, 0xB3, 0x49, 0xC3,
    0xAA, 0xD3, 0xCB, 0xE3, 0xCB, 0xDB, 0xAA, 0xD3, 0xAA, 0xDB, 0xAA, 0xDB, 0xAA, 0xDB, 0xAA, 0xDB,
    0xAA, 0xDB, 0xAA, 0xDB, 0xAA, 0xDB, 0xAA, 0xDB, 0xAA, 0xDB, 0xAA, 0xDB, 0xAA, 0xDB, 0xAA, 0xDB,
    0xAA, 0xDB, 0xCB, 0xDB, 0xCB, 0xDB, 0xAA, 0xDB, 0x8A, 0xD3, 0x49, 0xC3, 0xC8, 0xAA, 0x26, 0x82,
    0xC5, 0x69, 0x43, 0x51, 0xA1, 0x28, 0x00, 0x00, 0x00, 0x00, 0x00, 0x00, 0x00, 0x00, 0x00, 0x00,
    0x00, 0x00, 0x00, 0x00, 0x00, 0x00, 0x00, 0x00, 0x00, 0x00, 0x00, 0x00, 0x00, 0x00, 0x00, 0x00,
    0x00, 0x00, 0x00, 0x00, 0x00, 0x00, 0x00, 0x00, 0x00, 0x00, 0x00, 0x00, 0x4A, 0xFD, 0xE7, 0x79,
    0x00, 0x00, 0x00, 0x00, 0x00, 0x00, 0x00, 0x00, 0x00, 0x00, 0x00, 0x00, 0x00, 0x00, 0x00, 0x00,
    0x00, 0x00, 0x00, 0x00, 0x00, 0x00, 0x00, 0x00, 0x00, 0x00, 0x00, 0x00, 0x00, 0x00, 0x00, 0x00,
    0x41, 0x08, 0x81, 0x20, 0xC2, 0x30, 0xE2, 0x38, 0x23, 0x41, 0xE3, 0x38, 0x02, 0x41, 0x23, 0x41,
    0x63, 0x51, 0x84, 0x59, 0x84, 0x59, 0x64, 0x51, 0x64, 0x51, 0x64, 0x51, 0x26, 0x7A, 0xE8, 0xAA,
    0x8A, 0xCB, 0xEB, 0xE3, 0xCB, 0xDB, 0xAA, 0xD3, 0xAA, 0xDB, 0xAA, 0xDB, 0xAA, 0xDB, 0xAA, 0xDB,
    0xAA, 0xDB, 0xAA, 0xDB, 0xAA, 0xDB, 0xAA, 0xDB, 0xAA, 0xDB, 0xAA, 0xDB, 0xAA, 0xDB, 0xAA, 0xDB,
    0xAA, 0xDB, 0xCB, 0xDB, 0xAB, 0xDB, 0xAA, 0xDB, 0xAA, 0xD3, 0x6A, 0xCB, 0x08, 0xB3, 0x87, 0x9A,
    0x67, 0x92, 0x67, 0x92, 0x67, 0x92, 0x87, 0x92, 0xA7, 0x92, 0xA7, 0x9A, 0xA7, 0x9A, 0x87, 0x92,
    0x87, 0x92, 0x67, 0x92, 0x87, 0x92, 0x87, 0x92, 0xA7, 0x9A, 0xC8, 0xA2, 0xE9, 0xB2, 0x69, 0xC3,
    0xAB, 0xD3, 0xAA, 0xDB, 0x6A, 0xD3, 0xE8, 0xB2, 0x64, 0x59, 0x00, 0x00, 0x00, 0x00, 0x00, 0x00,
    0x00, 0x00, 0x00, 0x00, 0x00, 0x00, 0x00, 0x00, 0x00, 0x00, 0x00, 0x00, 0x00, 0x00, 0x00, 0x00,
    0x00, 0x00, 0x00, 0x00, 0x00, 0x00, 0x00, 0x00, 0x00, 0x00, 0x00, 0x00, 0x00, 0x00, 0x00, 0x00,
    0x00, 0x00, 0x00, 0x00, 0x00, 0x00, 0x00, 0x00, 0x00, 0x00, 0x00, 0x00, 0x00, 0x00, 0x61, 0x20,
    0x62, 0x49, 0xA5, 0x69, 0x64, 0x72, 0x00, 0x00, 0x00, 0x00, 0x40, 0x10, 0x26, 0x82, 0x08, 0xAB,
    0x8A, 0xCB, 0xCB, 0xE3, 0xCB, 0xDB, 0xAA, 0xD3, 0xAA, 0xDB, 0xAA, 0xDB, 0xAA, 0xDB, 0xAA, 0xDB,
    0xAA, 0xDB, 0xAA, 0xDB, 0xAA, 0xDB, 0xAA, 0xDB, 0xAA, 0xDB, 0xAA, 0xDB, 0xAA, 0xDB, 0xAA, 0xDB,
    0xAA, 0xDB, 0xAA, 0xDB, 0xAA, 0xDB, 0xCB, 0xDB, 0xCB, 0xDB, 0xAA, 0xDB, 0xAA, 0xD3, 0x8A, 0xD3,
    0x8A, 0xD3, 0x8A, 0xD3, 0x8A, 0xD3, 0x8A, 0xD3, 0x8A, 0xCB, 0x8A, 0xD3, 0x8A, 0xCB, 0x8A, 0xCB,
    0x8A, 0xCB, 0x6A, 0xCB, 0x8A, 0xCB, 0x8A, 0xCB, 0x8A, 0xD3, 0x8A, 0xD3, 0xAA, 0xD3, 0xAA, 0xDB,
    0xAA, 0xD3, 0xAA, 0xDB, 0x8A, 0xD3, 0x08, 0xB3, 0xE5, 0x79, 0xA1, 0x30, 0x00, 0x00, 0x00, 0x00,
    0x00, 0x00, 0xE7, 0x79, 0xEA, 0xD3, 0x8D, 0xFC, 0x8D, 0xFC, 0x4F, 0xFD, 0xCC, 0xFC, 0xEF, 0xFD,
    0xF5, 0xFF, 0xFF, 0xFF, 0xFF, 0xFF, 0xFF, 0xFF, 0x00, 0x00, 0x00, 0x00, 0x00, 0x00, 0x00, 0x00,
    0x00, 0x00, 0x00, 0x00, 0x00, 0x00, 0x00, 0x00, 0x00, 0x00, 0x00, 0x00, 0x00, 0x00, 0x00, 0x00,
    0x00, 0x00, 0x00, 0x00, 0x80, 0x31, 0x08, 0xB3, 0xE8, 0xAA, 0xC7, 0xA2, 0x08, 0xB3, 0x49, 0xC3,
    0xAA, 0xD3, 0xEB, 0xE3, 0xEB, 0xE3, 0xCB, 0xDB, 0xCA, 0xDB, 0xAA, 0xDB, 0xAA, 0xDB, 0xAA, 0xDB,
    0xAA, 0xDB, 0xAA, 0xDB, 0xAA, 0xDB, 0xAA, 0xDB, 0xAA, 0xDB, 0xAA, 0xDB, 0xAA, 0xDB, 0xAA, 0xDB,
    0xAA, 0xDB, 0xCB, 0xDB, 0xCB, 0xDB, 0xAA, 0xD3, 0x8A, 0xD3, 0x8A, 0xD3, 0xAA, 0xD3, 0xAA, 0xD3,
    0xCA, 0xDB, 0xEB, 0xE3, 0x2C, 0xF4, 0x4C, 0xFC, 0x4C, 0xFC, 0x4C, 0xFC, 0x4C, 0xFC, 0x2C, 0xF4,
    0x2C, 0xF4, 0x2C, 0xF4, 0x2C, 0xF4, 0x0C, 0xEC, 0x0B, 0xEC, 0x0B, 0xEC, 0x0B, 0xEC, 0x0C, 0xEC,
    0xEB, 0xE3, 0xEB, 0xE3, 0xAA, 0xDB, 0x49, 0xC3, 0xE8, 0xAA, 0x46, 0x8A, 0xC5, 0x69, 0x04, 0x41,
    0x00, 0x00, 0x00, 0x00, 0xE0, 0xFF, 0xEF, 0xFB, 0xFF, 0xFF, 0xFF, 0xFF, 0xFF, 0xFF, 0x00, 0x00,
    0x00, 0x00, 0x00, 0x00, 0x00, 0x00, 0x00, 0x00, 0x00, 0x00, 0x00, 0x00, 0x00, 0x00, 0x00, 0x00,
    0x00, 0x00, 0x00, 0x00, 0x00, 0x00, 0x00, 0x00, 0xFF, 0xFF, 0x00, 0x00, 0x00, 0x00, 0x00, 0x00,
    0x00, 0x00, 0x00, 0x00, 0x63, 0x51, 0xA7, 0x9A, 0x69, 0xCB, 0xAA, 0xD3, 0x8A, 0xD3, 0x8A, 0xD3,
    0xCB, 0xDB, 0xEB, 0xE3, 0xEB, 0xE3, 0xCB, 0xE3, 0xCB, 0xDB, 0xAA, 0xD3, 0xAA, 0xDB, 0xAA, 0xD3,
    0xAA, 0xDB, 0xAA, 0xDB, 0xAA, 0xDB, 0xAA, 0xDB, 0xAA, 0xDB, 0xAA, 0xDB, 0xAA, 0xDB, 0xAA, 0xDB,
    0xAA, 0xD3, 0xCB, 0xDB, 0xEB, 0xE3, 0x8A, 0xD3, 0x29, 0xB3, 0xC8, 0xA2, 0xA7, 0xA2, 0xC8, 0xAA,
    0xE8, 0xAA, 0x49, 0xBB, 0xAA, 0xDB, 0x2B, 0xF4, 0x4C, 0xFC, 0x4C, 0xFC, 0x4C, 0xFC, 0x2C, 0xF4,
    0x2C, 0xF4, 0x0B, 0xEC, 0xEB, 0xE3, 0xEB, 0xE3, 0xCB, 0xE3, 0xCB, 0xDB, 0xCB, 0xE3, 0xCB, 0xE3,
    0xCB, 0xDB, 0xCB, 0xDB, 0xCA, 0xDB, 0xAB, 0xDB, 0xAA, 0xDB, 0x29, 0xBB, 0x87, 0x92, 0xC5, 0x61,
    0x00, 0x00, 0x00, 0x00, 0x00, 0x00, 0x00, 0x00, 0x00, 0x00, 0x00, 0x00, 0x00, 0x00, 0x00, 0x00,
    0x00, 0x00, 0x00, 0x00, 0x00, 0x00, 0x00, 0x00, 0x00, 0x78, 0x00, 0x78, 0x00, 0x78, 0xA0, 0x52,
    0xE7, 0x79, 0xE7, 0x79, 0xEF, 0xFB, 0x00, 0x00, 0x00, 0x00, 0x00, 0x00, 0x00, 0x00, 0xA5, 0x61,
    0xC8, 0xAA, 0xA7, 0x9A, 0x87, 0x9A, 0xE8, 0xB2, 0xAA, 0xD3, 0x4C, 0xFC, 0x4C, 0xFC, 0xEB, 0xE3,
    0xAA, 0xD3, 0x8A, 0xD3, 0x8A, 0xD3, 0x8A, 0xD3, 0xAA, 0xD3, 0xCB, 0xDB, 0xCB, 0xDB, 0xCB, 0xDB,
    0xCA, 0xDB, 0xAA, 0xDB, 0xAA, 0xDB, 0xAA, 0xDB, 0xAA, 0xDB, 0xAA, 0xDB, 0xAA, 0xDB, 0xAA, 0xDB,
    0xAA, 0xD3, 0xCB, 0xDB, 0xEB, 0xE3, 0xAA, 0xD3, 0x49, 0xBB, 0x66, 0x8A, 0x02, 0x41, 0xC2, 0x30,
    0xE5, 0x71, 0xE8, 0xAA, 0x69, 0xCB, 0xAA, 0xD3, 0xAA, 0xD3, 0x8A, 0xCB, 0x8A, 0xCB, 0x6A, 0xCB,
    0x6A, 0xCB, 0x8A, 0xCB, 0x8A, 0xD3, 0xAA, 0xDB, 0xCB, 0xDB, 0xCB, 0xE3, 0xCB, 0xDB, 0xCB, 0xDB,
    0xCB, 0xDB, 0xCB, 0xDB, 0xAA, 0xDB, 0xEB, 0xE3, 0x4C, 0xFC, 0xAA, 0xD3, 0x09, 0xB3, 0x87, 0x9A,
    0x00, 0x00, 0x00, 0x00, 0x00, 0x00, 0x00, 0x00, 0x00, 0x00, 0x00, 0x00, 0x00, 0x00, 0x00, 0x00,
    0x00, 0x00, 0x00, 0x00, 0x00, 0x00, 0x00, 0x00, 0x00, 0x00, 0x00, 0x00, 0x00, 0x00, 0xA0, 0x52,
    0x26, 0x9B, 0xEA, 0xD3, 0xF7, 0xFF, 0x00, 0x00, 0x00, 0x00, 0x00, 0x00, 0x00, 0x08, 0x26, 0x7A,
    0x49, 0xBB, 0xAA, 0xD3, 0x8A, 0xCB, 0x6A, 0xCB, 0xAA, 0xD3, 0x0B, 0xEC, 0x4C, 0xFC, 0xCB, 0xDB,
    0x49, 0xC3, 0x09, 0xB3, 0x29, 0xBB, 0x69, 0xC3, 0x8A, 0xD3, 0xCB, 0xDB, 0xCB, 0xDB, 0xCA, 0xDB,
    0xCA, 0xDB, 0xAA, 0xDB, 0xAA, 0xDB, 0xAA, 0xDB, 0xAA, 0xDB, 0xAA, 0xDB, 0xAA, 0xDB, 0xAA, 0xDB,
    0xAA, 0xDB, 0xAB, 0xDB, 0xAA, 0xDB, 0xCB, 0xE3, 0xCB, 0xDB, 0x29, 0xBB, 0xC4, 0x61, 0x00, 0x00,
    0xA2, 0x30, 0x6A, 0xCB, 0x69, 0xCB, 0x29, 0xBB, 0xC7, 0xA2, 0x47, 0x8A, 0x67, 0x8A, 0x67, 0x92,
    0xC7, 0xA2, 0x09, 0xB3, 0x69, 0xC3, 0xAA, 0xD3, 0x0B, 0xEC, 0x0C, 0xEC, 0x0B, 0xEC, 0xEB, 0xEB,
    0xEB, 0xE3, 0xCB, 0xE3, 0xAB, 0xDB, 0xEB, 0xE3, 0x2C, 0xF4, 0xEB, 0xE3, 0x6A, 0xCB, 0x49, 0xC3,
    0x00, 0x00, 0x00, 0x00, 0x00, 0x00, 0x00, 0x00, 0x00, 0x00, 0x00, 0x00, 0x00, 0x00, 0x00, 0x00,
    0x00, 0x00, 0x00, 0x00, 0x00, 0x00, 0x00, 0x00, 0x00, 0x00, 0x00, 0xF8, 0xFF, 0xFF, 0x00, 0x00,
    0x00, 0x00, 0x00, 0x00, 0x00, 0x00, 0xE1, 0x28, 0xE8, 0xAA, 0xA7, 0x92, 0x46, 0x8A, 0xC8, 0xA2,
    0x6A, 0xCB, 0x0B, 0xEC, 0x0C, 0xEC, 0xEB, 0xE3, 0xCB, 0xDB, 0xAA, 0xDB, 0xAA, 0xDB, 0x49, 0xC3,
    0xA7, 0x9A, 0x67, 0x92, 0xE8, 0xB2, 0x8A, 0xD3, 0xCB, 0xDB, 0xCB, 0xDB, 0xCA, 0xDB, 0xAA, 0xD3,
    0xAA, 0xD3, 0xCA, 0xDB, 0xAA, 0xDB, 0xAA, 0xDB, 0xAA, 0xDB, 0xAA, 0xDB, 0xAA, 0xDB, 0xAA, 0xDB,
    0xAA, 0xDB, 0xAA, 0xD3, 0xAA, 0xD3, 0xEB, 0xE3, 0x2C, 0xF4, 0xAA, 0xD3, 0x08, 0xB3, 0x26, 0x7A,
    0xA2, 0x30, 0x00, 0x00, 0x00, 0x00, 0x00, 0x00, 0x00, 0x00, 0x00, 0x00, 0x41, 0x08, 0x43, 0x49,
    0x05, 0x7A, 0xA7, 0x9A, 0x49, 0xBB, 0x8A, 0xCB, 0xAA, 0xD3, 0x8A, 0xD3, 0x8A, 0xCB, 0x6A, 0xCB,
    0x6A, 0xCB, 0x8A, 0xCB, 0x8A, 0xD3, 0x8A, 0xD3, 0x8A, 0xCB, 0x6A, 0xCB, 0x8A, 0xCB, 0x8A, 0xD3,
    0x00, 0x00, 0x00, 0x00, 0x00, 0x00, 0x00, 0x00, 0x00, 0x00, 0x00, 0x00, 0x00, 0x00, 0x00, 0x00,
    0x00, 0x00, 0x00, 0x00, 0x00, 0x00, 0x00, 0x00, 0x00, 0x00, 0x86, 0x99, 0xEA, 0xFB, 0x00, 0x00,
    0x00, 0x00, 0x00, 0x00, 0x00, 0x00, 0xA4, 0x61, 0x09, 0xAB, 0x6A, 0xCB, 0x6A, 0xCB, 0x8A, 0xCB,
    0x8A, 0xD3, 0xCB, 0xE3, 0xEB, 0xE3, 0x0C, 0xEC, 0xEB, 0xEB, 0x6A, 0xCB, 0x08, 0xB3, 0xE5, 0x71,
    0x64, 0x51, 0x47, 0x8A, 0x49, 0xC3, 0xEB, 0xEB, 0x0B, 0xEC, 0xAA, 0xDB, 0x8A, 0xCB, 0x8A, 0xCB,
    0xAA, 0xD3, 0xCB, 0xDB, 0xCB, 0xDB, 0xAA, 0xD3, 0xAA, 0xD3, 0xAA, 0xD3, 0xAA, 0xDB, 0xAA, 0xDB,
    0xAA, 0xDB, 0xAA, 0xDB, 0xAA, 0xD3, 0xCB, 0xDB, 0xCB, 0xDB, 0xCB, 0xDB, 0xCB, 0xDB, 0x49, 0xBB,
    0x06, 0x7A, 0x00, 0x00, 0x00, 0x00, 0x00, 0x00, 0x00, 0x00, 0x00, 0x00, 0x00, 0x00, 0x00, 0x00,
    0x83, 0x51, 0x66, 0x8A, 0x09, 0xB3, 0x69, 0xC3, 0xE9, 0xAA, 0xA7, 0x9A, 0x67, 0x92, 0x66, 0x8A,
    0x87, 0x9A, 0xE8, 0xAA, 0x49, 0xC3, 0x49, 0xC3, 0xE8, 0xAA, 0x87, 0x9A, 0xA8, 0xA2, 0x49, 0xC3,
    0x00, 0x00, 0x00, 0x00, 0x00, 0x00, 0x00, 0x00, 0x00, 0x00, 0x00, 0x00, 0x00, 0x00, 0x00, 0x00,
    0x00, 0x00, 0x00, 0x00, 0x00, 0xF8, 0x00, 0x00, 0x00, 0x00, 0x00, 0x00, 0x00, 0x00, 0x00, 0x00,
    0x86, 0x92, 0xA7, 0x9A, 0x26, 0x82, 0xC8, 0x9A, 0x49, 0xBB, 0xAA, 0xDB, 0x0B, 0xEC, 0x0B, 0xEC,
    0xEB, 0xE3, 0xCB, 0xDB, 0x8A, 0xCB, 0x8A, 0xD3, 0x8A, 0xCB, 0x29, 0xBB, 0x64, 0x59, 0x00, 0x00,
    0xE5, 0x69, 0x29, 0xBB, 0xAA, 0xD3, 0x2C, 0xF4, 0x0B, 0xEC, 0x6A, 0xCB, 0x09, 0xB3, 0x29, 0xBB,
    0x8A, 0xD3, 0xEB, 0xE3, 0xCB, 0xDB, 0xAA, 0xDB, 0xCB, 0xDB, 0xCB, 0xDB, 0xCA, 0xDB, 0xAA, 0xDB,
    0xAA, 0xDB, 0xAA, 0xDB, 0xAA, 0xDB, 0xAA, 0xDB, 0xAA, 0xDB, 0x0B, 0xEC, 0x2C, 0xF4, 0xAA, 0xD3,
    0xE8, 0xAA, 0x26, 0x82, 0xC5, 0x69, 0x63, 0x49, 0x00, 0x00, 0x00, 0x00, 0x00, 0x00, 0x00, 0x00,
    0x00, 0x00, 0x00, 0x00, 0x00, 0x00, 0x00, 0x00, 0x00, 0x00, 0x00, 0x00, 0x00, 0x00, 0xE2, 0x30,
    0x84, 0x59, 0x87, 0x92, 0x09, 0xB3, 0x09, 0xB3, 0x67, 0x8A, 0x03, 0x41, 0x00, 0x00, 0x00, 0x00,
    0x00, 0x00, 0x00, 0x00, 0x00, 0x00, 0x00, 0x00, 0x00, 0x00, 0x00, 0x00, 0x00, 0x00, 0x00, 0x00,
    0x00, 0x00, 0x00, 0x78, 0x26, 0x9B, 0xEF, 0xFD, 0x00, 0x00, 0x00, 0x00, 0x00, 0x00, 0x81, 0x20,
    0x87, 0x9A, 0x29, 0xBB, 0x6A, 0xCB, 0x8A, 0xCB, 0xAA, 0xD3, 0xAA, 0xDB, 0xCB, 0xDB, 0xEB, 0xEB,
    0x2C, 0xF4, 0xCB, 0xDB, 0x29, 0xBB, 0xE8, 0xAA, 0xE8, 0xAA, 0xC8, 0xA2, 0x00, 0x00, 0x84, 0x59,
    0x29, 0xBB, 0xEB, 0xE3, 0xCB, 0xE3, 0xCB, 0xDB, 0xAA, 0xD3, 0x29, 0xB3, 0x46, 0x8A, 0xA7, 0x9A,
    0x8A, 0xCB, 0x0B, 0xEC, 0xCB, 0xE3, 0xAA, 0xDB, 0xAB, 0xDB, 0xCB, 0xDB, 0xAA, 0xDB, 0xAA, 0xD3,
    0xAA, 0xDB, 0xAA, 0xDB, 0xAA, 0xD3, 0xCB, 0xDB, 0xEB, 0xE3, 0x0B, 0xEC, 0xEB, 0xE3, 0xEB, 0xE3,
    0xAA, 0xDB, 0x29, 0xBB, 0x66, 0x8A, 0x43, 0x49, 0x00, 0x00, 0x00, 0x00, 0x00, 0x00, 0xEF, 0xFB,
    0x00, 0x00, 0x00, 0x00, 0x00, 0x00, 0x00, 0x00, 0x00, 0x00, 0x00, 0x00, 0x00, 0x00, 0x00, 0x00,
    0xC1, 0x30, 0x26, 0x7A, 0xE9, 0xAA, 0xC8, 0xAA, 0x26, 0x72, 0x00, 0x00, 0x00, 0x00, 0x00, 0x00,
    0x00, 0x00, 0x00, 0x00, 0x00, 0x00, 0x00, 0x00, 0x00, 0x00, 0x00, 0x00, 0x00, 0x00, 0x00, 0x00,
    0xFF, 0xFF, 0x00, 0x00, 0x00, 0x00, 0x00, 0x00, 0x00, 0x00, 0xC4, 0x61, 0x46, 0x8A, 0xA8, 0x9A,
    0x09, 0xB3, 0x69, 0xC3, 0xEB, 0xE3, 0x0B, 0xEC, 0xEB, 0xE3, 0xCB, 0xDB, 0xAA, 0xDB, 0xAA, 0xD3,
    0xAA, 0xD3, 0x49, 0xC3, 0xC8, 0xA2, 0x05, 0x7A, 0x00, 0x00, 0x00, 0x00, 0xE5, 0x69, 0x08, 0xAB,
    0x8A, 0xD3, 0x4C, 0xFC, 0x2C, 0xF4, 0x8A, 0xD3, 0x49, 0xBB, 0xA7, 0x9A, 0x64, 0x51, 0x66, 0x8A,
    0x8A, 0xCB, 0x0B, 0xEC, 0xAA, 0xDB, 0x6A, 0xCB, 0x6A, 0xC3, 0x6A, 0xCB, 0xAA, 0xD3, 0xCB, 0xDB,
    0xCA, 0xDB, 0xCB, 0xDB, 0xCB, 0xDB, 0xAA, 0xD3, 0x8A, 0xCB, 0x8A, 0xCB, 0x8A, 0xCB, 0xEB, 0xE3,
    0x2C, 0xF4, 0xAA, 0xDB, 0x09, 0xB3, 0x67, 0x8A, 0xE5, 0x71, 0xE3, 0x48, 0x00, 0x00, 0x00, 0x00,
    0xE7, 0xB9, 0x69, 0xB3, 0x69, 0xB3, 0xEA, 0xD3, 0xCC, 0xFC, 0xF5, 0xFF, 0x00, 0x00, 0x00, 0x00,
    0x00, 0x00, 0x00, 0x00, 0x00, 0x00, 0x00, 0x00, 0x00, 0x00, 0x00, 0x00, 0xFF, 0xFF, 0xEA, 0xD3,
    0x00, 0x00, 0x00, 0x00, 0x00, 0x00, 0x00, 0x00, 0x00, 0x00, 0x00, 0x00, 0x00, 0x00, 0x00, 0x78,
    0xAA, 0xAA, 0x00, 0x00, 0x00, 0x00, 0x00, 0x00, 0x20, 0x10, 0x26, 0x82, 0x49, 0xC3, 0xAA, 0xD3,
    0xAA, 0xD3, 0x8A, 0xD3, 0xCB, 0xDB, 0xCB, 0xE3, 0xEB, 0xE3, 0xEB, 0xEB, 0xCB, 0xE3, 0x69, 0xC3,
    0xC8, 0xA2, 0x26, 0x82, 0x46, 0x82, 0x63, 0x59, 0x00, 0x00, 0xE5, 0x61, 0x29, 0xBB, 0x8A, 0xCB,
    0xAA, 0xD3, 0x0B, 0xEC, 0x2C, 0xF4, 0x8A, 0xD3, 0xC8, 0xA2, 0x64, 0x49, 0x23, 0x41, 0xC7, 0x9A,
    0x8A, 0xCB, 0xCB, 0xE3, 0x8A, 0xD3, 0xE8, 0xB2, 0x87, 0x92, 0xE8, 0xA2, 0x8A, 0xCB, 0x0B, 0xEC,
    0xCB, 0xDB, 0xCB, 0xDB, 0xEB, 0xEB, 0x8A, 0xD3, 0xE8, 0xAA, 0xC8, 0xA2, 0x49, 0xC3, 0xCB, 0xDB,
    0xEB, 0xEB, 0xEB, 0xE3, 0xAB, 0xDB, 0x29, 0xBB, 0x87, 0x9A, 0xE5, 0x71, 0x00, 0x00, 0x00, 0x00,
    0x4A, 0xFD, 0x87, 0xC3, 0xE7, 0xB9, 0xE0, 0xFF, 0xFF, 0xFF, 0x00, 0x00, 0x00, 0x00, 0x00, 0x00,
    0x00, 0x00, 0x00, 0x00, 0x00, 0x00, 0x00, 0x00, 0x00, 0x00, 0x00, 0x00, 0x00, 0x00, 0xFF, 0xFF,
    0x00, 0x00, 0x00, 0x00, 0x00, 0x00, 0x00, 0x00, 0x00, 0x00, 0x00, 0x00, 0xE0, 0xFF, 0x00, 0x00,
    0x00, 0x00, 0x00, 0x00, 0x26, 0x92, 0x46, 0x8A, 0x46, 0x8A, 0xE8, 0xAA, 0x8A, 0xD3, 0x0C, 0xEC,
    0xEB, 0xE3, 0xCB, 0xDB, 0xCB, 0xDB, 0xCB, 0xDB, 0x8A, 0xCB, 0x8A, 0xCB, 0x8A, 0xCB, 0x29, 0xBB,
    0xA4, 0x61, 0x00, 0x00, 0x00, 0x00, 0x00, 0x00, 0x09, 0xBB, 0xC8, 0xA2, 0x8A, 0xCB, 0x0B, 0xEC,
    0xEB, 0xE3, 0xAA, 0xDB, 0xAA, 0xDB, 0x49, 0xC3, 0x47, 0x82, 0x00, 0x00, 0xA4, 0x61, 0xE8, 0xAA,
    0x8A, 0xD3, 0xAA, 0xDB, 0x49, 0xC3, 0x87, 0x92, 0x64, 0x51, 0x67, 0x8A, 0x8A, 0xCB, 0x0B, 0xEC,
    0xCB, 0xE3, 0xCB, 0xDB, 0xEB, 0xE3, 0x8A, 0xD3, 0xE8, 0xAA, 0x67, 0x92, 0xE8, 0xAA, 0x49, 0xC3,
    0x6A, 0xCB, 0xCB, 0xDB, 0x2C, 0xF4, 0xCB, 0xDB, 0x29, 0xBB, 0xA7, 0x9A, 0x46, 0x8A, 0xE6, 0x69,
    0x00, 0x00, 0x00, 0x00, 0x00, 0x00, 0xEF, 0xFB, 0x00, 0xF8, 0x00, 0x00, 0x00, 0x78, 0xA0, 0x52,
    0xE7, 0x79, 0x26, 0x9B, 0xAA, 0xAA, 0xAA, 0xAA, 0x26, 0x9B, 0xAA, 0x52, 0x00, 0x00, 0x00, 0x00,
    0x00, 0x00, 0x00, 0x00, 0x00, 0x00, 0x00, 0x00, 0x00, 0x00, 0x00, 0x00, 0xEF, 0xFF, 0x00, 0x00,
    0x00, 0x00, 0xA2, 0x30, 0x87, 0x9A, 0x08, 0xBB, 0x69, 0xC3, 0x8A, 0xD3, 0xCB, 0xDB, 0xCB, 0xDB,
    0xCB, 0xDB, 0xEB, 0xE3, 0x2C, 0xEC, 0xCB, 0xDB, 0x09, 0xB3, 0xC8, 0xA2, 0xA7, 0x9A, 0xE8, 0xAA,
    0x61, 0x28, 0x00, 0x00, 0x00, 0x00, 0xC7, 0xA2, 0xE8, 0xAA, 0x09, 0xB3, 0x8A, 0xCB, 0x0B, 0xEC,
    0x2C, 0xF4, 0x8A, 0xD3, 0xE8, 0xAA, 0x06, 0x72, 0xE3, 0x38, 0x63, 0x59, 0x46, 0x8A, 0x08, 0xB3,
    0x8A, 0xD3, 0xAA, 0xD3, 0x29, 0xBB, 0x47, 0x8A, 0x20, 0x08, 0xA8, 0x92, 0x8A, 0xCB, 0xEB, 0xE3,
    0xCB, 0xDB, 0xAA, 0xDB, 0xCB, 0xDB, 0xCA, 0xDB, 0x8A, 0xD3, 0x09, 0xBB, 0x67, 0x92, 0x46, 0x82,
    0xE8, 0xAA, 0x6A, 0xCB, 0xEB, 0xE3, 0x0B, 0xEC, 0xAA, 0xDB, 0x49, 0xC3, 0xE8, 0xA2, 0x46, 0x8A,
    0x80, 0x20, 0x00, 0x00, 0xFF, 0xFF, 0x87, 0xAB, 0xA0, 0xAA, 0x00, 0x00, 0x00, 0x00, 0x00, 0x00,
    0x00, 0x00, 0x00, 0xF8, 0xE0, 0xFF, 0xE0, 0xFF, 0x00, 0xF8, 0x00, 0x00, 0x00, 0x00, 0x00, 0x00,
    0x00, 0x00, 0x00, 0x00, 0x00, 0x00, 0x00, 0x00, 0x00, 0x78, 0x00, 0x00, 0xEF, 0xFF, 0x69, 0xB3,
    0x46, 0x8A, 0x67, 0x92, 0x08, 0xB3, 0x69, 0xC3, 0xEB, 0xE3, 0xEB, 0xE3, 0xCB, 0xE3, 0xAA, 0xDB,
    0xAA, 0xDB, 0xAA, 0xDB, 0xAA, 0xD3, 0x49, 0xC3, 0xA8, 0xA2, 0xC5, 0x69, 0x00, 0x00, 0x00, 0x00,
    0x00, 0x00, 0xFF, 0xFF, 0xA5, 0x59, 0x46, 0x8A, 0x09, 0xB3, 0x6A, 0xCB, 0xAA, 0xD3, 0xCB, 0xE3,
    0xCB, 0xE3, 0x49, 0xC3, 0x26, 0x82, 0x00, 0x00, 0x00, 0x00, 0x69, 0xCB, 0xC8, 0xAA, 0x09, 0xBB,
    0xAA, 0xD3, 0x8A, 0xD3, 0x08, 0xB3, 0x46, 0x8A, 0xC0, 0x18, 0x8B, 0xDB, 0x29, 0xB3, 0x49, 0xC3,
    0xAA, 0xDB, 0xCB, 0xDB, 0xAA, 0xDB, 0xEB, 0xE3, 0x0B, 0xEC, 0x6A, 0xCB, 0x26, 0x8A, 0x00, 0x08,
    0x87, 0x92, 0x29, 0xBB, 0x69, 0xC3, 0xAA, 0xDB, 0x0B, 0xEC, 0xEB, 0xE3, 0x49, 0xC3, 0xC8, 0xAA,
    0x87, 0x92, 0x87, 0x8A, 0x00, 0x00, 0x00, 0x00, 0x00, 0x00, 0xEF, 0xFB, 0x00, 0xF8, 0x00, 0x00,
    0x00, 0x00, 0x00, 0x00, 0x00, 0x00, 0x00, 0x00, 0x00, 0x00, 0x00, 0x00, 0x00, 0x00, 0x00, 0x00,
    0x00, 0x00, 0x00, 0x00, 0x00, 0x00, 0xE0, 0xFF, 0x2C, 0x9B, 0x00, 0x00, 0xE0, 0xFF, 0xA8, 0xA2,
    0xC8, 0xA2, 0x09, 0xB3, 0x6A, 0xCB, 0xAA, 0xD3, 0xCB, 0xDB, 0xCB, 0xDB, 0xEB, 0xE3, 0xEB, 0xE3,
    0xCA, 0xDB, 0x49, 0xC3, 0xC8, 0xA2, 0x26, 0x7A, 0x66, 0x82, 0x63, 0x49, 0x00, 0x00, 0x00, 0x00,
    0x00, 0x00, 0x69, 0x9A, 0xC4, 0x69, 0x87, 0x92, 0x49, 0xC3, 0xEB, 0xE3, 0xEB, 0xE3, 0xAA, 0xD3,
    0x49, 0xC3, 0xC8, 0xA2, 0x06, 0x82, 0x00, 0x00, 0x00, 0x00, 0x49, 0xC3, 0x29, 0xBB, 0x49, 0xC3,
    0xCB, 0xDB, 0x8A, 0xCB, 0xE8, 0xAA, 0x46, 0x82, 0x44, 0x7A, 0xEF, 0xFF, 0xC4, 0x59, 0xA8, 0xA2,
    0x8A, 0xD3, 0x0B, 0xEC, 0xCB, 0xDB, 0xCB, 0xDB, 0xEB, 0xEB, 0x8A, 0xCB, 0xC8, 0xA2, 0xE5, 0x79,
    0x06, 0x82, 0xC8, 0xAA, 0xC7, 0xA2, 0x29, 0xBB, 0xCB, 0xE3, 0x2C, 0xF4, 0xCA, 0xDB, 0x49, 0xC3,
    0x08, 0xB3, 0xA7, 0x9A, 0x04, 0x29, 0x00, 0x00, 0x00, 0x00, 0x8A, 0xE3, 0xE0, 0xFB, 0x00, 0x00,
    0x00, 0x00, 0x00, 0x00, 0x00, 0x00, 0x00, 0x00, 0x00, 0x00, 0x00, 0x00, 0x00, 0x00, 0x00, 0x00,
    0x00, 0x00, 0x00, 0x00, 0x00, 0x00, 0xE0, 0xFF, 0x49, 0x92, 0x00, 0x00, 0x00, 0x00, 0x47, 0x92,
    0xA8, 0xA2, 0x29, 0xBB, 0xCB, 0xDB, 0x0C, 0xEC, 0x0B, 0xEC, 0xAA, 0xDB, 0x8A, 0xCB, 0x6A, 0xCB,
    0x6A, 0xCB, 0xE9, 0xB2, 0x44, 0x51, 0x00, 0x00, 0x00, 0x00, 0x00, 0x00, 0xF7, 0xFF, 0xE7, 0x79,
    0x00, 0x00, 0x65, 0x51, 0x87, 0x92, 0x29, 0xB3, 0x8A, 0xD3, 0x0B, 0xEC, 0x0B, 0xEC, 0x6A, 0xCB,
    0xC8, 0xA2, 0x67, 0x92, 0xE8, 0xAA, 0x00, 0x00, 0xFF, 0xFF, 0x49, 0xC3, 0x6A, 0xCB, 0xAA, 0xDB,
    0x0B, 0xEC, 0x8A, 0xCB, 0xC8, 0xA2, 0x06, 0x7A, 0x26, 0x7A, 0x00, 0x00, 0x00, 0x00, 0x26, 0x82,
    0x49, 0xC3, 0xEB, 0xE3, 0xCB, 0xE3, 0xAA, 0xDB, 0xCB, 0xDB, 0xAA, 0xD3, 0x49, 0xC3, 0xE8, 0xAA,
    0x44, 0x61, 0x00, 0x00, 0xE5, 0x71, 0xC7, 0xA2, 0x29, 0xBB, 0xAA, 0xDB, 0x0B, 0xEC, 0xEB, 0xE3,
    0x6A, 0xCB, 0x09, 0xB3, 0xA8, 0x9A, 0xA8, 0x9A, 0x00, 0x00, 0x00, 0x00, 0x00, 0x00, 0xFF, 0xFF,
    0x00, 0x00, 0x00, 0x00, 0x00, 0x00, 0x00, 0x00, 0x00, 0x00, 0x00, 0x00, 0x00, 0x00, 0x00, 0x00,
    0x00, 0x00, 0x00, 0x00, 0x00, 0x00, 0x00, 0xF8, 0xA5, 0xAA, 0x00, 0x00, 0x00, 0x00, 0xE6, 0x79,
    0x67, 0x8A, 0xE8, 0xAA, 0xCB, 0xDB, 0x6C, 0xFC, 0x4C, 0xFC, 0x8A, 0xD3, 0xE8, 0xAA, 0x87, 0x9A,
    0x87, 0x9A, 0xE8, 0xA2, 0x00, 0x00, 0x00, 0x00, 0x00, 0x00, 0x00, 0x00, 0xFF, 0xFF, 0x00, 0x00,
    0x00, 0x00, 0xE6, 0x79, 0x49, 0xBB, 0xCB, 0xE3, 0xCB, 0xDB, 0xCB, 0xDB, 0xCB, 0xE3, 0x69, 0xC3,
    0xA7, 0x9A, 0x25, 0x7A, 0x00, 0x78, 0x00, 0x00, 0x00, 0x00, 0x49, 0xC3, 0x8A, 0xD3, 0x0C, 0xEC,
    0x2C, 0xF4, 0x6A, 0xCB, 0xA7, 0x9A, 0xC5, 0x61, 0x85, 0x61, 0x00, 0x00, 0x00, 0x00, 0x26, 0x7A,
    0xE8, 0xAA, 0x49, 0xC3, 0x8A, 0xD3, 0xCB, 0xDB, 0xAB, 0xDB, 0xCB, 0xE3, 0xEB, 0xE3, 0x49, 0xC3,
    0xE5, 0x79, 0x00, 0x00, 0x42, 0x39, 0x66, 0x8A, 0x67, 0x8A, 0x08, 0xB3, 0xAA, 0xDB, 0x4C, 0xFC,
    0xEB, 0xE3, 0x6A, 0xCB, 0x29, 0xBB, 0xC8, 0xAA, 0x44, 0x41, 0x00, 0x00, 0x00, 0x00, 0xD3, 0xFC,
    0x00, 0xF8, 0x00, 0x00, 0x00, 0x00, 0x00, 0x00, 0x00, 0x00, 0x00, 0x00, 0x00, 0x00, 0x00, 0x00,
    0x00, 0x00, 0x00, 0x00, 0x00, 0x00, 0x00, 0xF8, 0xE7, 0x7B, 0x00, 0x00, 0x00, 0x00, 0x84, 0x61,
    0x06, 0x7A, 0xA8, 0xA2, 0x49, 0xC3, 0xEB, 0xE3, 0xEB, 0xE3, 0x6A, 0xCB, 0x87, 0x92, 0x23, 0x49,
    0x00, 0x00, 0x00, 0x00, 0x00, 0x00, 0x73, 0xFE, 0x8A, 0xE3, 0x00, 0x00, 0x00, 0x00, 0x61, 0x18,
    0xE5, 0x71, 0xE8, 0xAA, 0x8A, 0xD3, 0x2C, 0xF4, 0x0B, 0xEC, 0x8A, 0xD3, 0x49, 0xC3, 0x09, 0xBB,
    0x67, 0x92, 0x00, 0x00, 0x00, 0x00, 0x00, 0x00, 0x00, 0x00, 0x08, 0xAB, 0xAA, 0xD3, 0x4C, 0xFC,
    0x2C, 0xF4, 0x6A, 0xCB, 0x87, 0x92, 0x64, 0x51, 0xA2, 0x38, 0xFF, 0xFF, 0x00, 0x00, 0xE7, 0xAA,
    0x87, 0x9A, 0xE8, 0xAA, 0x8A, 0xCB, 0xEB, 0xE3, 0xCB, 0xDB, 0xCB, 0xDB, 0x0B, 0xEC, 0x8A, 0xD3,
    0xC8, 0xA2, 0xE5, 0x71, 0xE0, 0xFF, 0x00, 0x00, 0x82, 0x20, 0x46, 0x82, 0x29, 0xBB, 0xCA, 0xDB,
    0xCB, 0xE3, 0xEB, 0xE3, 0xAA, 0xD3, 0x49, 0xC3, 0xC8, 0xA2, 0xC8, 0xA2, 0x00, 0x20, 0x00, 0x00,
    0x00, 0x00, 0xFF, 0xFF, 0x00, 0x00, 0x00, 0x00, 0x00, 0x00, 0x00, 0x00, 0x00, 0x00, 0x00, 0x00,
    0x00, 0x00, 0x00, 0x00, 0x00, 0x00, 0x00, 0x00, 0x00, 0xF8, 0x00, 0x00, 0x00, 0x00, 0x86, 0x61,
    0xC5, 0x71, 0x26, 0x82, 0x66, 0x8A, 0xE8, 0xA2, 0x49, 0xC3, 0x49, 0xC3, 0x26, 0x82, 0x00, 0x00,
    0x00, 0x00, 0x00, 0x00, 0x00, 0x00, 0xFF, 0xFF, 0xAD, 0xFD, 0x00, 0x00, 0x00, 0x00, 0x05, 0x72,
    0x29, 0xBB, 0xAA, 0xD3, 0xAA, 0xDB, 0x0B, 0xEC, 0x2C, 0xF4, 0x8A, 0xD3, 0xC8, 0xA2, 0xC5, 0x69,
    0x24, 0x49, 0x00, 0x00, 0x00, 0x00, 0x00, 0x00, 0x00, 0x00, 0x87, 0x92, 0x8A, 0xCB, 0x4C, 0xFC,
    0x2C, 0xF4, 0x6A, 0xCB, 0x87, 0x92, 0x03, 0x39, 0x01, 0x08, 0x00, 0x00, 0x00, 0x00, 0xAA, 0xAA,
    0x26, 0x7A, 0xA7, 0x9A, 0x8A, 0xD3, 0x0B, 0xEC, 0xCB, 0xDB, 0xAA, 0xDB, 0xCB, 0xDB, 0xCB, 0xDB,
    0x6A, 0xCB, 0x29, 0xBB, 0x86, 0x9A, 0x00, 0x00, 0x00, 0x00, 0x64, 0x51, 0xE5, 0x71, 0xE8, 0xAA,
    0x8A, 0xCB, 0x0B, 0xEC, 0xEB, 0xEB, 0x8A, 0xD3, 0x49, 0xC3, 0x08, 0xB3, 0xA4, 0x59, 0x00, 0x00,
    0x00, 0x00, 0xFF, 0xFF, 0x00, 0x00, 0x00, 0x00, 0x00, 0x00, 0x00, 0x00, 0x00, 0x00, 0x00, 0x00,
    0x00, 0x00, 0x00, 0x00, 0x00, 0x00, 0x00, 0x00, 0x00, 0x00, 0x00, 0x00, 0x00, 0x00, 0x00, 0x00,
    0x00, 0x00, 0x00, 0x00, 0x00, 0x00, 0x00, 0x00, 0x00, 0x00, 0x00, 0x00, 0x00, 0x00, 0x00, 0x00,
    0xF5, 0xFF, 0x69, 0x93, 0xA5, 0x7A, 0x00, 0x00, 0x00, 0x00, 0xA0, 0x52, 0x26, 0x82, 0xC8, 0xA2,
    0x8A, 0xD3, 0x2B, 0xEC, 0xEB, 0xE3, 0xAA, 0xDB, 0xCB, 0xDB, 0x49, 0xC3, 0xE5, 0x71, 0x00, 0x00,
    0x00, 0x00, 0xF7, 0xFF, 0xFF, 0xFF, 0x00, 0x00, 0x20, 0x08, 0x46, 0x8A, 0x6A, 0xCB, 0x2C, 0xF4,
    0x2C, 0xF4, 0x6A, 0xCB, 0x67, 0x92, 0xA1, 0x20, 0x00, 0x00, 0x00, 0x00, 0xFF, 0xFF, 0x00, 0x00,
    0x00, 0x00, 0x47, 0x82, 0x29, 0xBB, 0xAA, 0xD3, 0xCB, 0xDB, 0xCB, 0xDB, 0xAA, 0xDB, 0xCB, 0xDB,
    0xEB, 0xEB, 0x6A, 0xCB, 0x87, 0x9A, 0x26, 0x8A, 0x00, 0x00, 0x00, 0x00, 0x00, 0x00, 0x84, 0x59,
    0x29, 0xB3, 0x8A, 0xCB, 0xAA, 0xD3, 0xCB, 0xE3, 0xEB, 0xE3, 0x49, 0xC3, 0xA7, 0x9A, 0x06, 0x7A,
    0x49, 0x92, 0xFF, 0xFF, 0x00, 0x00, 0x00, 0x78, 0x00, 0x00, 0x00, 0x00, 0x00, 0x00, 0x00, 0x00,
    0x00, 0x00, 0x00, 0x00, 0x00, 0x00, 0x00, 0x00, 0x00, 0x00, 0x00, 0x00, 0x00, 0x00, 0x00, 0x00,
    0x00, 0x00, 0x00, 0x00, 0x00, 0x00, 0x00, 0x00, 0x00, 0x00, 0x00, 0x00, 0x00, 0x00, 0x00, 0x00,
    0x00, 0x00, 0xAA, 0xAA, 0xE7, 0xBA, 0x00, 0x00, 0x00, 0x00, 0x87, 0x92, 0x29, 0xB3, 0x49, 0xC3,
    0x8A, 0xD3, 0x0B, 0xEC, 0x0B, 0xEC, 0x8A, 0xD3, 0x08, 0xB3, 0x46, 0x8A, 0x03, 0x39, 0x00, 0x00,
    0x00, 0x00, 0xFF, 0xFF, 0x00, 0x00, 0x00, 0x00, 0xE2, 0x30, 0x67, 0x8A, 0x6A, 0xCB, 0x2C, 0xF4,
    0x2C, 0xF4, 0x6A, 0xCB, 0x67, 0x8A, 0x20, 0x08, 0x00, 0x00, 0x00, 0x00, 0x00, 0x00, 0x00, 0x00,
    0x00, 0x00, 0xE1, 0x28, 0xE5, 0x71, 0xE8, 0xAA, 0xAA, 0xD3, 0x0B, 0xEC, 0xCB, 0xDB, 0xCB, 0xDB,
    0xEB, 0xE3, 0x6A, 0xCB, 0xC8, 0xAA, 0x46, 0x92, 0x2A, 0xCB, 0x00, 0x00, 0x00, 0x00, 0x60, 0x08,
    0x87, 0x92, 0xC8, 0xA2, 0x09, 0xBB, 0x8A, 0xCB, 0x0B, 0xEC, 0xAA, 0xD3, 0x09, 0xB3, 0xA7, 0x9A,
    0x67, 0x8A, 0x00, 0x00, 0x00, 0x00, 0xE7, 0xBB, 0x00, 0xF8, 0x00, 0x00, 0x00, 0x00, 0x00, 0x00,
    0x00, 0x00, 0x00, 0x00, 0x00, 0x00, 0x00, 0x00, 0x00, 0x00, 0x00, 0x00, 0x00, 0x00, 0x00, 0x00,
    0xAA, 0xAA, 0xE7, 0xFB, 0xF5, 0xFF, 0xFF, 0xFF, 0x4F, 0xFD, 0x69, 0xDB, 0x26, 0x9B, 0xAA, 0xAA,
    0xE0, 0x7B, 0x00, 0x00, 0x00, 0x00, 0x00, 0x00, 0x25, 0x72, 0xA7, 0x9A, 0x49, 0xC3, 0xAB, 0xDB,
    0xAA, 0xDB, 0xCB, 0xDB, 0xEB, 0xE3, 0x69, 0xC3, 0x66, 0x8A, 0x22, 0x39, 0xC3, 0x30, 0xF5, 0xFF,
    0xAA, 0xAA, 0x00, 0x00, 0x00, 0x00, 0x61, 0x18, 0x64, 0x51, 0x87, 0x9A, 0x6A, 0xCB, 0x2C, 0xF4,
    0x2C, 0xF4, 0x6A, 0xCB, 0x47, 0x8A, 0x00, 0x00, 0x00, 0x00, 0x00, 0x00, 0x00, 0x00, 0xEF, 0x7B,
    0xCC, 0xFC, 0x00, 0x00, 0x00, 0x00, 0x26, 0x7A, 0x49, 0xC3, 0xEB, 0xE3, 0xCB, 0xE3, 0xAB, 0xDB,
    0xCB, 0xDB, 0x8A, 0xD3, 0x49, 0xC3, 0xC8, 0xAA, 0xE6, 0x79, 0x00, 0x00, 0xEF, 0xFF, 0x00, 0x00,
    0x00, 0x00, 0x41, 0x10, 0x87, 0x9A, 0x29, 0xBB, 0x8A, 0xCB, 0x69, 0xC3, 0xE8, 0xAA, 0x87, 0x92,
    0x46, 0x7A, 0x00, 0x00, 0x00, 0x00, 0x26, 0x9B, 0x00, 0xF8, 0x00, 0x00, 0x00, 0x00, 0x00, 0x00,
    0x00, 0x00, 0x00, 0x00, 0x00, 0x00, 0x00, 0x00, 0x00, 0x00, 0x00, 0x00, 0x00, 0x00, 0x00, 0x00,
    0x00, 0x00, 0x00, 0x00, 0x00, 0x00, 0x00, 0x00, 0xFF, 0xFF, 0xEF, 0x7B, 0x00, 0xF8, 0x00, 0x78,
    0x26, 0x9B, 0x00, 0x00, 0x00, 0x00, 0xE7, 0x9A, 0x67, 0x8A, 0xE8, 0xA2, 0x6A, 0xCB, 0xEB, 0xE3,
    0xEB, 0xE3, 0xAA, 0xD3, 0x69, 0xC3, 0x08, 0xB3, 0x46, 0x8A, 0x00, 0x00, 0x00, 0x00, 0xEF, 0xFD,
    0x2C, 0x9B, 0x00, 0x00, 0x00, 0x00, 0x83, 0x59, 0x06, 0x7A, 0xC8, 0xA2, 0x6A, 0xCB, 0x2C, 0xF4,
    0x2C, 0xF4, 0x8A, 0xCB, 0x67, 0x8A, 0x00, 0x00, 0x00, 0x00, 0xFF, 0xFF, 0x00, 0x00, 0xAA, 0x52,
    0xA5, 0xAA, 0x00, 0x00, 0x00, 0x00, 0x46, 0x7A, 0xE8, 0xAA, 0x49, 0xC3, 0xAA, 0xD3, 0xCB, 0xDB,
    0xCB, 0xDB, 0xCB, 0xE3, 0xCB, 0xE3, 0x49, 0xC3, 0x26, 0x82, 0x00, 0x00, 0x00, 0x00, 0x00, 0x00,
    0x00, 0x00, 0x00, 0x00, 0x26, 0x8A, 0xC8, 0xA2, 0xC8, 0xA2, 0xA7, 0x9A, 0x47, 0x8A, 0x26, 0x7A,
    0xC5, 0x71, 0x00, 0x00, 0x00, 0x00, 0xE7, 0x79, 0x00, 0x00, 0x00, 0x00, 0x00, 0x00, 0x00, 0x00,
    0x00, 0x00, 0x00, 0x00, 0x00, 0x00, 0x00, 0x00, 0x00, 0x00, 0x00, 0x00, 0x00, 0x00, 0x00, 0x00,
    0x00, 0x00, 0x00, 0x00, 0x00, 0x00, 0x00, 0x00, 0x00, 0x00, 0x00, 0x00, 0x00, 0x00, 0x00, 0xF8,
    0xE7, 0xBB, 0x00, 0x00, 0x00, 0x00, 0x06, 0x7A, 0xC8, 0xA2, 0x49, 0xC3, 0xAA, 0xD3, 0xEB, 0xE3,
    0xEB, 0xE3, 0x6A, 0xCB, 0x08, 0xB3, 0xC8, 0xA2, 0xEA, 0xBA, 0x00, 0x00, 0xE0, 0xFF, 0x69, 0xB3,
    0x49, 0xB2, 0x00, 0x00, 0x00, 0x00, 0x47, 0x92, 0xA7, 0x9A, 0x08, 0xB3, 0x8A, 0xCB, 0x0B, 0xEC,
    0x2C, 0xF4, 0x8A, 0xCB, 0x67, 0x92, 0x00, 0x00, 0x00, 0x00, 0xFF, 0xFF, 0x00, 0x00, 0xAA, 0x52,
    0xA5, 0x7A, 0xFF, 0xFF, 0x00, 0x00, 0xE8, 0xBA, 0x87, 0x92, 0xE8, 0xAA, 0x8A, 0xCB, 0xEB, 0xE3,
    0xCA, 0xDB, 0xCB, 0xDB, 0x0B, 0xEC, 0xAA, 0xD3, 0xA7, 0xA2, 0x84, 0x61, 0x63, 0x59, 0xF5, 0xFF,
    0xD3, 0xFC, 0xFF, 0xFF, 0x00, 0x00, 0x00, 0x00, 0xA5, 0x69, 0xE5, 0x69, 0xA5, 0x61, 0x64, 0x59,
    0x24, 0x59, 0x00, 0x00, 0x00, 0x00, 0xEF, 0x03, 0x00, 0x00, 0x00, 0x00, 0x00, 0x00, 0x00, 0x00,
    0x00, 0x00, 0x00, 0x00, 0x00, 0x00, 0x00, 0x00, 0x00, 0x00, 0x00, 0x00, 0x00, 0x00, 0x00, 0x00,
    0x00, 0x00, 0x00, 0x00, 0x00, 0x00, 0x00, 0x00, 0x00, 0x00, 0x00, 0x00, 0xAA, 0x52, 0x00, 0x00,
    0xE0, 0xFF, 0x00, 0x00, 0x61, 0x18, 0x26, 0x82, 0x29, 0xBB, 0xEB, 0xE3, 0xEB, 0xE3, 0xAA, 0xDB,
    0x6A, 0xCB, 0x29, 0xB3, 0xA7, 0x9A, 0xA7, 0x92, 0x00, 0xF8, 0x00, 0x00, 0x00, 0x00, 0x4A, 0xAD,
    0x69, 0xB3, 0x00, 0x00, 0x00, 0x00, 0x08, 0xB3, 0x29, 0xBB, 0x49, 0xC3, 0x8A, 0xD3, 0xEB, 0xEB,
    0x2C, 0xF4, 0x8A, 0xD3, 0x87, 0x9A, 0x00, 0x00, 0x00, 0x00, 0xF5, 0xFF, 0x00, 0x00, 0x00, 0x00,
    0x00, 0x50, 0x00, 0x00, 0xFF, 0xFF, 0xFF, 0xFF, 0x66, 0x82, 0xA7, 0x9A, 0x6A, 0xCB, 0xEB, 0xE3,
    0xCB, 0xDB, 0xAA, 0xDB, 0xCB, 0xE3, 0xAA, 0xD3, 0x49, 0xBB, 0x08, 0xB3, 0xE8, 0xAA, 0xE0, 0xFF,
    0xFF, 0xFF, 0x4A, 0xFD, 0x00, 0x00, 0x00, 0x00, 0x82, 0x38, 0x43, 0x51, 0x64, 0x51, 0x22, 0x49,
    0x00, 0x50, 0x00, 0x00, 0x00, 0x00, 0x00, 0x00, 0x00, 0x00, 0x00, 0x00, 0x00, 0x00, 0x00, 0x00,
    0x00, 0x00, 0x00, 0x00, 0x00, 0x00, 0x00, 0x00, 0x00, 0x00, 0x00, 0x00, 0x00, 0x00, 0x00, 0x00,
    0x00, 0x00, 0x00, 0x00, 0x00, 0x00, 0x00, 0x00, 0x00, 0x00, 0x00, 0x00, 0x2C, 0x9B, 0x00, 0x00,
    0x00, 0x00, 0xE5, 0x69, 0x66, 0x8A, 0x09, 0xB3, 0xAA, 0xD3, 0x0C, 0xF4, 0xEB, 0xE3, 0x6A, 0xCB,
    0x29, 0xB3, 0xE8, 0xAA, 0xC6, 0x61, 0x00, 0x00, 0x00, 0x00, 0xAA, 0xD2, 0xE0, 0xFF, 0xFF, 0xFF,
    0x69, 0xB3, 0x00, 0x00, 0x00, 0x00, 0x4A, 0xCB, 0x6A, 0xCB, 0xAA, 0xD3, 0xAA, 0xD3, 0xEB, 0xE3,
    0x2C, 0xF4, 0xAA, 0xD3, 0xE8, 0xAA, 0x00, 0x00, 0x00, 0x00, 0xCC, 0xFC, 0x00, 0x00, 0x00, 0x00,
    0x00, 0x00, 0xE0, 0xFF, 0xEA, 0xD3, 0x00, 0x00, 0x00, 0x00, 0x26, 0x8A, 0x09, 0xBB, 0x6A, 0xCB,
    0xCB, 0xDB, 0xEB, 0xE3, 0xAA, 0xDB, 0xCB, 0xDB, 0xCB, 0xDB, 0xAA, 0xD3, 0x8A, 0xCB, 0x00, 0x00,
    0x00, 0x00, 0x29, 0xB3, 0x69, 0x93, 0xEF, 0xFF, 0x00, 0x00, 0x00, 0x00, 0x00, 0x00, 0x00, 0x00,
    0x00, 0x00, 0x00, 0x00, 0x00, 0x00, 0x00, 0x00, 0x00, 0x00, 0x00, 0x00, 0x00, 0x00, 0x00, 0x00,
    0x00, 0x00, 0x00, 0x00, 0x00, 0x00, 0x00, 0x00, 0x00, 0x00, 0x00, 0x00, 0x00, 0x00, 0x00, 0x00,
    0x00, 0x00, 0x00, 0x00, 0x00, 0x00, 0x00, 0x00, 0x00, 0x00, 0xFF, 0xFF, 0xEF, 0xD3, 0x00, 0x00,
    0x00, 0x00, 0x08, 0xA3, 0x69, 0xC3, 0xEB, 0xE3, 0xEB, 0xE3, 0xCB, 0xE3, 0xAA, 0xD3, 0x49, 0xBB,
    0xC7, 0x9A, 0xC7, 0x9A, 0x00, 0x00, 0x00, 0x00, 0x00, 0x00, 0xAA, 0x52, 0x00, 0x00, 0xFF, 0xFF,
    0x69, 0xDB, 0x00, 0x00, 0x00, 0x00, 0x4A, 0xC3, 0xAA, 0xD3, 0xEB, 0xE3, 0xCB, 0xDB, 0xEB, 0xE3,
    0x0C, 0xEC, 0xAA, 0xD3, 0x49, 0xC3, 0x00, 0x00, 0x00, 0x00, 0x8D, 0xDC, 0xEF, 0xFB, 0x00, 0x00,
    0x00, 0x00, 0x00, 0x00, 0xAA, 0xAA, 0x00, 0x00, 0x00, 0x00, 0xE3, 0x38, 0xA5, 0x61, 0xC8, 0xA2,
    0xAA, 0xD3, 0x2B, 0xEC, 0xCB, 0xDB, 0xCB, 0xDB, 0x0C, 0xEC, 0xCB, 0xDB, 0x8B, 0xD3, 0x00, 0x00,
    0x00, 0x00, 0xEB, 0xDA, 0x4A, 0xFD, 0x00, 0x00, 0x00, 0x00, 0x00, 0x00, 0x00, 0x00, 0x00, 0x00,
    0x00, 0x00, 0x00, 0x00, 0x00, 0x00, 0x00, 0x00, 0x00, 0x00, 0x00, 0x00, 0x00, 0x00, 0x00, 0x00,
    0x00, 0x00, 0x00, 0x00, 0x00, 0x00, 0x00, 0x00, 0x00, 0x00, 0x00, 0x00, 0x00, 0x00, 0x00, 0x00,
    0x00, 0x00, 0x00, 0x00, 0x00, 0x00, 0x00, 0x00, 0x00, 0x00, 0xFF, 0xFF, 0xEF, 0xFB, 0x00, 0x00,
    0x00, 0x00, 0xE8, 0xAA, 0x8A, 0xD3, 0x2C, 0xF4, 0xEB, 0xE3, 0x6A, 0xCB, 0x49, 0xBB, 0x08, 0xB3,
    0xC5, 0x61, 0x00, 0x00, 0x00, 0x00, 0xEB, 0xDB, 0xE0, 0xFF, 0x00, 0x00, 0x00, 0x00, 0xFF, 0xFF,
    0xCC, 0xFC, 0x00, 0x00, 0x00, 0x00, 0xE8, 0xA2, 0xAA, 0xD3, 0x0B, 0xEC, 0xCB, 0xE3, 0xCB, 0xDB,
    0x0B, 0xEC, 0xAA, 0xDB, 0xAA, 0xCB, 0x00, 0x00, 0x00, 0x00, 0x8D, 0xDC, 0xEF, 0xFB, 0x00, 0x00,
    0x00, 0x00, 0x00, 0x00, 0x00, 0x00, 0x00, 0xF8, 0xCC, 0xFC, 0x00, 0x00, 0x00, 0x00, 0xE5, 0x71,
    0x29, 0xBB, 0xCB, 0xDB, 0xCB, 0xE3, 0xEB, 0xE3, 0xCB, 0xDB, 0x6A, 0xCB, 0x4A, 0xC3, 0x00, 0x00,
    0x00, 0x00, 0x6D, 0xDB, 0xEF, 0xFB, 0x00, 0x00, 0xAA, 0xAA, 0xE7, 0x79, 0xE7, 0x79, 0xE0, 0x7B,
    0x00, 0x00, 0x00, 0x00, 0x00, 0x00, 0x00, 0x00, 0x00, 0x00, 0x00, 0x00, 0x00, 0x00, 0x00, 0x00,
    0x00, 0x00, 0x00, 0x00, 0x00, 0x00, 0x00, 0x00, 0x00, 0x00, 0x00, 0x00, 0x00, 0x00, 0x00, 0x00,
    0x00, 0x00, 0x00, 0x00, 0x00, 0x00, 0x00, 0x00, 0x00, 0x00, 0x00, 0x00, 0xD3, 0xFC, 0x00, 0x00,
    0x00, 0x00, 0x66, 0x9A, 0x29, 0xC3, 0x8A, 0xD3, 0x8A, 0xD3, 0x49, 0xBB, 0xC8, 0xA2, 0xA7, 0xA2,
    0x00, 0x00, 0x00, 0x00, 0x00, 0x00, 0xAA, 0xAA, 0x00, 0x00, 0x00, 0x00, 0x00, 0x78, 0x00, 0x00,
    0xFF, 0xFF, 0x00, 0x00, 0x00, 0x00, 0x87, 0x8A, 0x8A, 0xCB, 0x0C, 0xEC, 0xEB, 0xE3, 0xCB, 0xDB,
    0xCB, 0xE3, 0x8A, 0xD3, 0xAB, 0xDB, 0x00, 0x00, 0x00, 0x00, 0x69, 0xDB, 0xEF, 0x7B, 0x00, 0x00,
    0x00, 0x00, 0x00, 0x00, 0x00, 0x00, 0x00, 0x00, 0x26, 0xCB, 0x00, 0x00, 0x00, 0x00, 0x23, 0x41,
    0x46, 0x82, 0x08, 0xB3, 0x8A, 0xD3, 0xCB, 0xDB, 0x49, 0xC3, 0xE8, 0xAA, 0xA7, 0x9A, 0x00, 0x00,
    0x00, 0x00, 0xAA, 0xAA, 0x00, 0xF8, 0x00, 0x00, 0x00, 0x00, 0x00, 0xF8, 0x00, 0x00, 0x00, 0x00,
    0x00, 0x00, 0x00, 0x00, 0x00, 0x00, 0x00, 0x00, 0x00, 0x00, 0x00, 0x00, 0x00, 0x00, 0x00, 0x00,
    0x00, 0x00, 0x00, 0x00, 0x00, 0x00, 0x00, 0x00, 0x00, 0x00, 0x00, 0x00, 0x00, 0x00, 0x00, 0x00,
    0x00, 0x00, 0x00, 0x00, 0x00, 0x00, 0x00, 0x00, 0x00, 0x00, 0x00, 0x00, 0xAA, 0xFA, 0x00, 0x00,
    0x00, 0x00, 0xE6, 0x81, 0xA7, 0xAA, 0xE8, 0xB2, 0x29, 0xBB, 0x29, 0xB3, 0xC5, 0x61, 0x00, 0x00,
    0x00, 0x00, 0x8D, 0xFC, 0xE0, 0xFB, 0x00, 0x00, 0x00, 0x00, 0x00, 0x00, 0x00, 0x50, 0x00, 0x00,
    0x00, 0x00, 0x00, 0x20, 0xA1, 0x20, 0x67, 0x8A, 0x8A, 0xCB, 0x0B, 0xEC, 0xEB, 0xE3, 0xAA, 0xDB,
    0xAA, 0xD3, 0x8A, 0xD3, 0xAA, 0xD3, 0x00, 0x00, 0x00, 0x00, 0x69, 0xDB, 0xEF, 0x7B, 0x00, 0x00,
    0x00, 0x00, 0x00, 0x00, 0x00, 0x00, 0x00, 0x00, 0xE7, 0x39, 0xE0, 0x7B, 0xFF, 0xFF, 0x83, 0x31,
    0x23, 0x41, 0x67, 0x8A, 0x6A, 0xCB, 0x8A, 0xD3, 0xC8, 0xAA, 0x46, 0x82, 0xC4, 0x69, 0x00, 0x00,
    0x00, 0x00, 0xE7, 0x79, 0x00, 0xF8, 0x00, 0x00, 0x00, 0x00, 0x00, 0x00, 0x00, 0x00, 0x00, 0x00,
    0x00, 0x00, 0x00, 0x00, 0x00, 0x00, 0x00, 0x00, 0x00, 0x00, 0x00, 0x00, 0x00, 0x00, 0x00, 0x00,
    0x00, 0x00, 0x00, 0x00, 0x00, 0x00, 0x00, 0x00, 0x00, 0x00, 0x00, 0x00, 0x00, 0x00, 0x00, 0x00,
    0x00, 0x00, 0x00, 0x00, 0x00, 0x00, 0x00, 0x00, 0x00, 0x00, 0x00, 0x00, 0x00, 0xF8, 0x00, 0x00,
    0x00, 0x00, 0x86, 0x79, 0x67, 0xA2, 0xC8, 0xAA, 0x09, 0xB3, 0x09, 0xAB, 0x00, 0x00, 0x00, 0x00,
    0x00, 0x00, 0xEF, 0xFB, 0x00, 0x00, 0x00, 0x00, 0x00, 0x00, 0x00, 0x00, 0xE7, 0x79, 0x00, 0x00,
    0x00, 0x00, 0x61, 0x28, 0x64, 0x51, 0x87, 0x92, 0x6A, 0xCB, 0xEB, 0xEB, 0xCB, 0xE3, 0x8A, 0xD3,
    0x6A, 0xCB, 0x49, 0xC3, 0x29, 0xBB, 0x00, 0x00, 0x00, 0x00, 0xEA, 0xD3, 0xE0, 0x7B, 0x00, 0x00,
    0x00, 0x00, 0x00, 0x00, 0x00, 0x00, 0x00, 0x00, 0x00, 0x00, 0x00, 0x00, 0x00, 0x00, 0x00, 0x00,
    0x00, 0x00, 0xC6, 0x71, 0x49, 0xC3, 0x8A, 0xD3, 0x87, 0x9A, 0xE6, 0x69, 0x80, 0x61, 0x00, 0x00,
    0x00, 0x00, 0x00, 0x00, 0x00, 0x00, 0x00, 0x00, 0x00, 0x00, 0x00, 0x00, 0x00, 0x00, 0x00, 0x00,
    0x00, 0x00, 0x00, 0x00, 0x00, 0x00, 0x00, 0x00, 0x00, 0x00, 0x00, 0x00, 0x00, 0x00, 0x00, 0x00,
    0x00, 0x00, 0x00, 0x00, 0x00, 0x00, 0x00, 0x00, 0x00, 0x00, 0x00, 0x00, 0x00, 0x00, 0x00, 0x00,
    0x00, 0x00, 0x00, 0x00, 0x00, 0x00, 0x00, 0x00, 0x00, 0x00, 0x00, 0x00, 0x00, 0x00, 0x00, 0x00,
    0x00, 0x00, 0x00, 0x00, 0x00, 0x00, 0x00, 0x00, 0x00, 0x00, 0x00, 0x00, 0x00, 0x00, 0x26, 0xCB,
    0xE0, 0x7B, 0x00, 0x00, 0x00, 0x00, 0x00, 0x00, 0x00, 0x00, 0x00, 0x00, 0xE7, 0x79, 0x00, 0x00,
    0x00, 0x00, 0x61, 0x28, 0x64, 0x51, 0x87, 0x9A, 0x8A, 0xCB, 0x2C, 0xF4, 0x0B, 0xEC, 0xAA, 0xD3,
    0x49, 0xC3, 0x29, 0xB3, 0xE8, 0xAA, 0x00, 0x00, 0x00, 0x00, 0xEA, 0xD3, 0xE0, 0x7B, 0x00, 0x00,
    0x00, 0x00, 0x00, 0x00, 0x00, 0x00, 0x00, 0x00, 0x00, 0x00, 0x00, 0x00, 0x00, 0x00, 0xFF, 0xFF,
    0x00, 0x00, 0x00, 0x00, 0x00, 0x00, 0x00, 0x00, 0x00, 0x00, 0x00, 0x00, 0x00, 0x00, 0x00, 0x00,
    0x00, 0x00, 0x00, 0x00, 0x00, 0x00, 0x00, 0x00, 0x00, 0x00, 0x00, 0x00, 0x00, 0x00, 0x00, 0x00,
    0x00, 0x00, 0x00, 0x00, 0x00, 0x00, 0x00, 0x00, 0x00, 0x00, 0x00, 0x00, 0x00, 0x00, 0x00, 0x00,
    0x00, 0x00, 0x00, 0x00, 0x00, 0x00, 0x00, 0x00, 0x00, 0x00, 0x00, 0x00, 0x00, 0x00, 0x00, 0x00,
    0x00, 0x00, 0x00, 0x00, 0x00, 0x00, 0x00, 0x00, 0x00, 0x00, 0x00, 0x00, 0x00, 0x00, 0x00, 0x00,
    0x00, 0x00, 0x00, 0x00, 0x00, 0x00, 0x00, 0x00, 0x00, 0x00, 0x00, 0x00, 0x00, 0x00, 0xE0, 0xFF,
    0x00, 0x00, 0x00, 0x00, 0x00, 0x00, 0x00, 0x00, 0x00, 0x00, 0x00, 0x00, 0xE0, 0x39, 0x00, 0x00,
    0x00, 0x00, 0x00, 0x10, 0xE3, 0x38, 0x87, 0x92, 0x8A, 0xCB, 0x4C, 0xFC, 0x2C, 0xF4, 0xAA, 0xD3,
    0x29, 0xBB, 0xE8, 0xAA, 0x87, 0x9A, 0x00, 0x00, 0x00, 0x00, 0xAA, 0xD2, 0x00, 0xF8, 0x00, 0x00,
    0x00, 0x00, 0x00, 0x00, 0x00, 0x00, 0x00, 0x00, 0x00, 0x00, 0x00, 0x00, 0x00, 0x00, 0x00, 0x00,
    0x00, 0x00, 0x00, 0x00, 0x00, 0x00, 0x00, 0x00, 0x00, 0x00, 0x00, 0x00, 0x00, 0x00, 0x00, 0x00,
    0x00, 0x00, 0x00, 0x00, 0x00, 0x00, 0x00, 0x00, 0x00, 0x00, 0x00, 0x00, 0x00, 0x00, 0x00, 0x00,
    0x00, 0x00, 0x00, 0x00, 0x00, 0x00, 0x00, 0x00, 0x00, 0x00, 0x00, 0x00, 0x00, 0x00, 0x00, 0x00,
    0x00, 0x00, 0x00, 0x00, 0x00, 0x00, 0x00, 0x00, 0x00, 0x00, 0x00, 0x00, 0x00, 0x00, 0x00, 0x00,
    0x00, 0x00, 0x00, 0x00, 0x00, 0x00, 0x00, 0x00, 0x00, 0x00, 0x00, 0x00, 0x00, 0x00, 0x00, 0x00,
    0x00, 0x00, 0x00, 0x78, 0xE7, 0xBB, 0xEA, 0xD3, 0x69, 0xB3, 0x26, 0x9B, 0xE0, 0x7B, 0x00, 0x00,
    0x00, 0x00, 0x00, 0x00, 0x00, 0x00, 0x00, 0x00, 0x00, 0x00, 0x00, 0x00, 0xE0, 0x7B, 0x00, 0x00,
    0xFF, 0xFF, 0x00, 0x00, 0x61, 0x20, 0x67, 0x8A, 0x49, 0xC3, 0xCB, 0xE3, 0xCB, 0xDB, 0x6A, 0xCB,
    0xE8, 0xAA, 0x87, 0x92, 0x87, 0x8A, 0x00, 0x00, 0x00, 0x00, 0x86, 0x99, 0x00, 0xF8, 0x00, 0x00,
    0x00, 0x00, 0x00, 0x00, 0x00, 0x00, 0x00, 0x00, 0x00, 0x00, 0x00, 0x00, 0x00, 0x00, 0x00, 0x00,
    0xE0, 0x7B, 0x26, 0x9B, 0xEA, 0xD3, 0x69, 0xDB, 0xAA, 0xAA, 0xAA, 0xAA, 0x00, 0x00, 0x00, 0x00,
    0x00, 0x00, 0x00, 0x00, 0x00, 0x00, 0x00, 0x00, 0x00, 0x00, 0x00, 0x00, 0x00, 0x00, 0x00, 0x00,
    0x00, 0x00, 0x00, 0x00, 0x00, 0x00, 0x00, 0x00, 0x00, 0x00, 0x00, 0x00, 0x00, 0x00, 0x00, 0x00,
    0x00, 0x00, 0x00, 0x00, 0x00, 0x00, 0x00, 0x00, 0x00, 0x00, 0x00, 0x00, 0x00, 0x00, 0x00, 0x00,
    0x00, 0x00, 0x00, 0x00, 0x00, 0x00, 0x00, 0x00, 0x00, 0x00, 0x00, 0x00, 0x00, 0x00, 0x00, 0x00,
    0x00, 0x00, 0x00, 0x00, 0x00, 0xF8, 0xE0, 0x7B, 0xE0, 0x7B, 0x00, 0xF8, 0x00, 0x00, 0x00, 0x00,
    0x00, 0x00, 0x00, 0x00, 0x00, 0x00, 0x00, 0x00, 0x00, 0x00, 0x00, 0x00, 0x00, 0x00, 0x00, 0xF8,
    0x4A, 0xFD, 0x00, 0x00, 0x00, 0x18, 0x46, 0x82, 0xC8, 0xA2, 0x29, 0xBB, 0x49, 0xC3, 0x29, 0xBB,
    0x67, 0x8A, 0x64, 0x51, 0xE3, 0x59, 0x00, 0x00, 0x00, 0x00, 0x00, 0x50, 0x00, 0x00, 0x00, 0x00,
    0x00, 0x00, 0x00, 0x00, 0x00, 0x00, 0x00, 0x00, 0x00, 0x00, 0x00, 0x00, 0x00, 0x00, 0x00, 0x00,
    0x00, 0x00, 0x00, 0xF8, 0xE0, 0xFF, 0xEF, 0x7B, 0xE0, 0xFF, 0x00, 0x00, 0x00, 0x00, 0x00, 0x00,
    0x00, 0x00, 0x00, 0x00, 0x00, 0x00, 0x00, 0x00, 0x00, 0x00, 0x00, 0x00, 0x00, 0x00, 0x00, 0x00,
    0x00, 0x00, 0x00, 0x00, 0x00, 0x00, 0x00, 0x00, 0x00, 0x00, 0x00, 0x00, 0x00, 0x00, 0x00, 0x00,
    0x00, 0x00, 0x00, 0x00, 0x00, 0x00, 0x00, 0x00, 0x00, 0x00, 0x00, 0x00, 0x00, 0x00, 0x00, 0x00,
    0x00, 0x00, 0x00, 0x00, 0x00, 0x00, 0x00, 0x00, 0x00, 0x00, 0x00, 0x00, 0x00, 0x00, 0x00, 0x00,
    0x00, 0x00, 0x00, 0x00, 0x00, 0x00, 0x00, 0x00, 0x00, 0x00, 0x00, 0x00, 0x00, 0x00, 0x00, 0x00,
    0x00, 0x00, 0x00, 0x00, 0x00, 0x00, 0x00, 0x00, 0x00, 0x00, 0x00, 0x00, 0x00, 0x00, 0x00, 0xF8,
    0x26, 0x9B, 0x00, 0x00, 0x00, 0x00, 0xA5, 0x69, 0x26, 0x82, 0x87, 0x9A, 0xE8, 0xB2, 0x08, 0xAB,
    0xC5, 0x69, 0x00, 0x00, 0x00, 0x00, 0x00, 0x00, 0x00, 0x00, 0x00, 0x00, 0x00, 0x00, 0x00, 0x00,
    0x00, 0x00, 0x00, 0x00, 0x00, 0x00, 0x00, 0x00, 0x00, 0x00, 0x00, 0x00, 0x00, 0x00, 0x00, 0x00,
    0x00, 0x00, 0x00, 0x00, 0x00, 0x00, 0x00, 0x00, 0x00, 0x00, 0x00, 0x00, 0x00, 0x00, 0x00, 0x00,
    0x00, 0x00, 0x00, 0x00, 0x00, 0x00, 0x00, 0x00, 0x00, 0x00, 0x00, 0x00, 0x00, 0x00, 0x00, 0x00,
    0x00, 0x00, 0x00, 0x00, 0x00, 0x00, 0x00, 0x00, 0x00, 0x00, 0x00, 0x00, 0x00, 0x00, 0x00, 0x00,
    0x00, 0x00, 0x00, 0x00, 0x00, 0x00, 0x00, 0x00, 0x00, 0x00, 0x00, 0x00, 0x00, 0x00, 0x00, 0x01,
    0x06, 0x00, 0x00, 0x13, 0x73, 0xC8, 0xEC, 0xF5, 0xE3, 0xA2, 0x4A, 0x12, 0x02, 0x01, 0x00, 0x01,
    0x00, 0x00, 0x00, 0x00, 0x00, 0x00, 0x00, 0x00, 0x00, 0x00, 0x03, 0x00, 0x00, 0x00, 0x25, 0x26,
    0x00, 0x00, 0x00, 0x01, 0x00, 0x00, 0x00, 0x00, 0x00, 0x00, 0x00, 0x00, 0x00, 0x00, 0x00, 0x00,
    0x00, 0x00, 0x00, 0x00, 0x00, 0x00, 0x00, 0x00, 0x00, 0x00, 0x00, 0x00, 0x00, 0x00, 0x00, 0x00,
    0x00, 0x00, 0x00, 0x00, 0x00, 0x00, 0x00, 0x00, 0x00, 0x00, 0x00, 0x00, 0x00, 0x00, 0x00, 0x01,
    0x04, 0x02, 0x0B, 0x35, 0x93, 0xD7, 0xF1, 0xF7, 0xEA, 0xBD, 0x78, 0x36, 0x08, 0x00, 0x00, 0x03,
    0x00, 0x00, 0x00, 0x00, 0x00, 0x00, 0x00, 0x00, 0x01, 0x00, 0x00, 0x04, 0x19, 0x3E, 0x63, 0x62,
    0x3A, 0x15, 0x04, 0x01, 0x00, 0x01, 0x00, 0x00, 0x00, 0x00, 0x00, 0x00, 0x00, 0x00, 0x00, 0x00,
    0x00, 0x00, 0x00, 0x00, 0x00, 0x00, 0x00, 0x00, 0x00, 0x00, 0x00, 0x00, 0x00, 0x00, 0x00, 0x00,
    0x00, 0x00, 0x00, 0x00, 0x00, 0x00, 0x00, 0x00, 0x00, 0x00, 0x00, 0x00, 0x00, 0x01, 0x02, 0x00,
    0x01, 0x09, 0x31, 0x75, 0xCB, 0xF2, 0xFB, 0xFB, 0xF7, 0xEA, 0xC9, 0x7C, 0x1C, 0x00, 0x01, 0x06,
    0x01, 0x00, 0x00, 0x00, 0x00, 0x00, 0x00, 0x01, 0x05, 0x00, 0x00, 0x18, 0x6A, 0xB3, 0xCE, 0xC9,
    0xA5, 0x5D, 0x14, 0x00, 0x00, 0x04, 0x01, 0x00, 0x00, 0x00, 0x00, 0x00, 0x00, 0x00, 0x00, 0x00,
    0x00, 0x00, 0x00, 0x00, 0x00, 0x00, 0x00, 0x00, 0x00, 0x00, 0x00, 0x00, 0x00, 0x00, 0x00, 0x00,
    0x00, 0x00, 0x00, 0x00, 0x00, 0x00, 0x00, 0x00, 0x00, 0x00, 0x00, 0x00, 0x00, 0x01, 0x04, 0x00,
    0x00, 0x15, 0x63, 0xB9, 0xFA, 0xFF, 0xFF, 0xFD, 0xFE, 0xFF, 0xFF, 0xBD, 0x38, 0x01, 0x00, 0x05,
    0x01, 0x00, 0x00, 0x00, 0x00, 0x00, 0x00, 0x01, 0x06, 0x00, 0x06, 0x3D, 0xBA, 0xFF, 0xFF, 0xFF,
    0xFD, 0xAB, 0x33, 0x01, 0x00, 0x05, 0x01, 0x00, 0x00, 0x00, 0x00, 0x00, 0x00, 0x00, 0x00, 0x01,
    0x01, 0x01, 0x01, 0x00, 0x00, 0x00, 0x00, 0x00, 0x00, 0x00, 0x00, 0x00, 0x00, 0x00, 0x00, 0x00,
    0x00, 0x00, 0x00, 0x00, 0x00, 0x00, 0x00, 0x00, 0x00, 0x00, 0x00, 0x00, 0x00, 0x01, 0x05, 0x00,
    0x00, 0x1E, 0x7C, 0xCF, 0xFC, 0xFF, 0xFF, 0xFC, 0xFB, 0xFF, 0xFF, 0xD5, 0x5B, 0x11, 0x00, 0x02,
    0x00, 0x01, 0x00, 0x00, 0x00, 0x01, 0x01, 0x00, 0x02, 0x03, 0x1D, 0x67, 0xD8, 0xFF, 0xFF, 0xFF,
    0xFF, 0xCD, 0x4F, 0x04, 0x00, 0x03, 0x00, 0x01, 0x00, 0x00, 0x00, 0x00, 0x00, 0x00, 0x02, 0x03,
    0x04, 0x04, 0x03, 0x02, 0x00, 0x00, 0x00, 0x00, 0x00, 0x00, 0x00, 0x00, 0x00, 0x00, 0x00, 0x00,
    0x00, 0x00, 0x00, 0x00, 0x00, 0x00, 0x00, 0x00, 0x00, 0x00, 0x00, 0x00, 0x00, 0x01, 0x05, 0x00,
    0x00, 0x1E, 0x7B, 0xC9, 0xF4, 0xFD, 0xFE, 0xFB, 0xF9, 0xFD, 0xFC, 0xE3, 0x89, 0x34, 0x06, 0x00,
    0x00, 0x03, 0x00, 0x00, 0x00, 0x01, 0x03, 0x00, 0x00, 0x09, 0x38, 0x8B, 0xE4, 0xFB, 0xF9, 0xFA,
    0xFD, 0xD6, 0x53, 0x04, 0x00, 0x03, 0x00, 0x01, 0x00, 0x00, 0x00, 0x00, 0x01, 0x00, 0x00, 0x00,
    0x00, 0x00, 0x00, 0x00, 0x00, 0x00, 0x00, 0x00, 0x00, 0x00, 0x00, 0x00, 0x00, 0x00, 0x00, 0x00,
    0x00, 0x00, 0x00, 0x00, 0x00, 0x00, 0x00, 0x00, 0x00, 0x00, 0x00, 0x00, 0x00, 0x01, 0x04, 0x00,
    0x00, 0x15, 0x60, 0xAF, 0xEC, 0xFB, 0xFE, 0xFA, 0xFB, 0xFF, 0xFF, 0xF5, 0xBE, 0x6A, 0x18, 0x02,
    0x01, 0x05, 0x01, 0x00, 0x00, 0x01, 0x04, 0x00, 0x00, 0x11, 0x55, 0xA7, 0xED, 0xFF, 0xFD, 0xFE,
    0xFF, 0xCE, 0x43, 0x01, 0x00, 0x06, 0x01, 0x00, 0x00, 0x00, 0x00, 0x01, 0x03, 0x03, 0x00, 0x00,
    0x00, 0x00, 0x00, 0x00, 0x01, 0x00, 0x00, 0x00, 0x00, 0x00, 0x00, 0x00, 0x00, 0x00, 0x00, 0x00,
    0x00, 0x00, 0x00, 0x00, 0x00, 0x00, 0x00, 0x00, 0x00, 0x00, 0x00, 0x00, 0x00, 0x01, 0x02, 0x00,
    0x01, 0x0A, 0x34, 0x86, 0xE5, 0xFF, 0xFF, 0xF9, 0xFD, 0xFF, 0xFD, 0xFC, 0xE5, 0x9C, 0x2A, 0x00,
    0x00, 0x05, 0x01, 0x00, 0x00, 0x01, 0x04, 0x00, 0x00, 0x18, 0x67, 0xB5, 0xEF, 0xFE, 0xFE, 0xFF,
    0xFE, 0xBE, 0x32, 0x00, 0x00, 0x08, 0x02, 0x00, 0x00, 0x00, 0x01, 0x00, 0x00, 0x00, 0x01, 0x0C,
    0x14, 0x14, 0x0C, 0x03, 0x00, 0x00, 0x00, 0x00, 0x00, 0x00, 0x00, 0x00, 0x00, 0x00, 0x00, 0x00,
    0x00, 0x00, 0x00, 0x00, 0x00, 0x00, 0x00, 0x00, 0x00, 0x00, 0x00, 0x00, 0x00, 0x00, 0x01, 0x00,
    0x03, 0x02, 0x0C, 0x5C, 0xD5, 0xFF, 0xFF, 0xF9, 0xFE, 0xFE, 0xFA, 0xFF, 0xFB, 0xC4, 0x44, 0x00,
    0x00, 0x04, 0x00, 0x01, 0x00, 0x01, 0x05, 0x00, 0x00, 0x1B, 0x72, 0xC1, 0xF3, 0xFF, 0xFF, 0xFF,
    0xFB, 0xAF, 0x2D, 0x00, 0x00, 0x07, 0x02, 0x00, 0x00, 0x01, 0x04, 0x02, 0x00, 0x00, 0x1B, 0x41,
    0x5A, 0x5A, 0x42, 0x1F, 0x07, 0x02, 0x01, 0x02, 0x01, 0x00, 0x00, 0x00, 0x00, 0x00, 0x00, 0x00,
    0x00, 0x00, 0x00, 0x00, 0x00, 0x00, 0x00, 0x00, 0x01, 0x01, 0x01, 0x01, 0x00, 0x00, 0x01, 0x00,
    0x04, 0x00, 0x00, 0x35, 0xA9, 0xEF, 0xFD, 0xFB, 0xFE, 0xFC, 0xF9, 0xFF, 0xFF, 0xDC, 0x6A, 0x16,
    0x03, 0x03, 0x00, 0x02, 0x00, 0x01, 0x05, 0x00, 0x00, 0x1D, 0x79, 0xC8, 0xF5, 0xFF, 0xFF, 0xFE,
    0xF2, 0xA0, 0x2A, 0x00, 0x00, 0x06, 0x01, 0x00, 0x01, 0x01, 0x00, 0x00, 0x09, 0x29, 0x63, 0x92,
    0xAA, 0xAA, 0x92, 0x5B, 0x18, 0x00, 0x00, 0x02, 0x01, 0x00, 0x00, 0x00, 0x00, 0x00, 0x00, 0x00,
    0x00, 0x00, 0x00, 0x00, 0x00, 0x00, 0x00, 0x01, 0x03, 0x04, 0x04, 0x02, 0x01, 0x00, 0x00, 0x01,
    0x04, 0x00, 0x00, 0x16, 0x64, 0xB4, 0xEF, 0xFC, 0xFE, 0xFA, 0xFA, 0xFF, 0xFF, 0xED, 0x9F, 0x4C,
    0x12, 0x03, 0x01, 0x03, 0x01, 0x01, 0x06, 0x00, 0x00, 0x21, 0x84, 0xD3, 0xF8, 0xFF, 0xFF, 0xFA,
    0xE0, 0x8F, 0x24, 0x00, 0x00, 0x05, 0x01, 0x01, 0x05, 0x02, 0x00, 0x03, 0x34, 0x7C, 0xC7, 0xE6,
    0xED, 0xED, 0xE5, 0xAC, 0x3B, 0x00, 0x00, 0x02, 0x00, 0x00, 0x00, 0x00, 0x00, 0x00, 0x00, 0x00,
    0x00, 0x00, 0x00, 0x00, 0x00, 0x00, 0x01, 0x00, 0x00, 0x00, 0x00, 0x00, 0x00, 0x01, 0x01, 0x01,
    0x02, 0x01, 0x04, 0x07, 0x2A, 0x75, 0xDC, 0xFF, 0xFF, 0xFA, 0xFC, 0xFF, 0xFC, 0xF5, 0xD0, 0x83,
    0x1E, 0x00, 0x00, 0x05, 0x01, 0x01, 0x06, 0x00, 0x00, 0x23, 0x8E, 0xDC, 0xFA, 0xFF, 0xFF, 0xF6,
    0xCE, 0x7F, 0x1F, 0x00, 0x00, 0x05, 0x02, 0x01, 0x02, 0x00, 0x07, 0x2B, 0x7B, 0xC7, 0xFF, 0xFF,
    0xFF, 0xFF, 0xFF, 0xE2, 0x74, 0x21, 0x06, 0x02, 0x00, 0x02, 0x00, 0x00, 0x00, 0x00, 0x00, 0x00,
    0x00, 0x00, 0x00, 0x00, 0x00, 0x01, 0x04, 0x01, 0x00, 0x00, 0x00, 0x00, 0x03, 0x05, 0x03, 0x01,
    0x01, 0x01, 0x06, 0x00, 0x07, 0x3F, 0xB8, 0xFC, 0xFF, 0xFB, 0xFE, 0xFE, 0xFA, 0xFD, 0xF5, 0xB2,
    0x32, 0x00, 0x00, 0x05, 0x01, 0x01, 0x06, 0x00, 0x00, 0x27, 0x98, 0xE7, 0xFC, 0xFF, 0xFF, 0xF0,
    0xB9, 0x69, 0x19, 0x00, 0x00, 0x05, 0x05, 0x02, 0x00, 0x04, 0x2F, 0x77, 0xCC, 0xF6, 0xFF, 0xFF,
    0xFF, 0xFF, 0xFF, 0xF2, 0xAC, 0x5A, 0x15, 0x01, 0x00, 0x03, 0x01, 0x00, 0x00, 0x00, 0x00, 0x00,
    0x00, 0x00, 0x00, 0x00, 0x01, 0x00, 0x00, 0x00, 0x0C, 0x15, 0x12, 0x06, 0x00, 0x00, 0x00, 0x00,
    0x01, 0x02, 0x06, 0x00, 0x00, 0x1B, 0x7E, 0xD5, 0xFC, 0xFF, 0xFF, 0xFB, 0xF8, 0xFF, 0xFF, 0xD1,
    0x55, 0x0C, 0x02, 0x05, 0x01, 0x03, 0x06, 0x00, 0x00, 0x29, 0xA2, 0xF1, 0xFE, 0xFF, 0xFF, 0xEA,
    0xA4, 0x54, 0x11, 0x00, 0x00, 0x05, 0x04, 0x00, 0x02, 0x23, 0x73, 0xC1, 0xFB, 0xFF, 0xFB, 0xF6,
    0xF7, 0xFB, 0xF9, 0xEF, 0xBB, 0x6C, 0x19, 0x00, 0x00, 0x04, 0x01, 0x00, 0x00, 0x00, 0x00, 0x00,
    0x00, 0x00, 0x00, 0x00, 0x02, 0x00, 0x00, 0x0D, 0x3F, 0x5D, 0x53, 0x2E, 0x06, 0x00, 0x00, 0x05,
    0x04, 0x03, 0x04, 0x00, 0x00, 0x04, 0x37, 0x8E, 0xE7, 0xFF, 0xFF, 0xF8, 0xF9, 0xFF, 0xFF, 0xE6,
    0x8B, 0x3B, 0x0D, 0x04, 0x01, 0x05, 0x07, 0x00, 0x00, 0x2D, 0xAC, 0xFC, 0xFF, 0xFF, 0xFF, 0xE1,
    0x8A, 0x3B, 0x09, 0x00, 0x00, 0x03, 0x04, 0x02, 0x1B, 0x61, 0xC4, 0xF4, 0xFF, 0xFF, 0xFE, 0xFC,
    0xF9, 0xFD, 0xF9, 0xE6, 0x9C, 0x4C, 0x0F, 0x00, 0x00, 0x04, 0x01, 0x00, 0x00, 0x00, 0x00, 0x00,
    0x00, 0x00, 0x01, 0x00, 0x02, 0x06, 0x1A, 0x4E, 0x8C, 0xAD, 0xA3, 0x7E, 0x52, 0x27, 0x08, 0x00,
    0x00, 0x00, 0x02, 0x02, 0x04, 0x00, 0x0B, 0x52, 0xC9, 0xFC, 0xFF, 0xF8, 0xFB, 0xFE, 0xFC, 0xF1,
    0xC3, 0x74, 0x19, 0x00, 0x00, 0x07, 0x09, 0x00, 0x00, 0x2F, 0xB6, 0xFF, 0xFF, 0xFF, 0xFF, 0xDB,
    0x72, 0x20, 0x04, 0x01, 0x01, 0x00, 0x00, 0x14, 0x59, 0xAA, 0xF4, 0xFF, 0xFC, 0xF8, 0xFE, 0xFF,
    0xF9, 0xFF, 0xFF, 0xDF, 0x72, 0x22, 0x05, 0x01, 0x00, 0x02, 0x01, 0x00, 0x00, 0x00, 0x00, 0x00,
    0x00, 0x01, 0x04, 0x00, 0x01, 0x19, 0x66, 0xAF, 0xDE, 0xEE, 0xEA, 0xDF, 0xC9, 0x8A, 0x32, 0x00,
    0x00, 0x00, 0x04, 0x06, 0x06, 0x00, 0x00, 0x2B, 0x9B, 0xE3, 0xFA, 0xFB, 0xFE, 0xFD, 0xFA, 0xFD,
    0xF2, 0xAC, 0x31, 0x00, 0x00, 0x07, 0x09, 0x00, 0x01, 0x33, 0xC1, 0xFF, 0xFF, 0xFF, 0xFE, 0xD4,
    0x58, 0x07, 0x00, 0x03, 0x05, 0x00, 0x03, 0x41, 0xAF, 0xED, 0xFF, 0xFF, 0xFE, 0xFD, 0xFE, 0xFE,
    0xF8, 0xFF, 0xFF, 0xCD, 0x4E, 0x08, 0x01, 0x04, 0x01, 0x01, 0x00, 0x00, 0x00, 0x00, 0x00, 0x00,
    0x00, 0x01, 0x06, 0x00, 0x00, 0x27, 0x9C, 0xEE, 0xFF, 0xFF, 0xFF, 0xFF, 0xFF, 0xD8, 0x83, 0x3E,
    0x16, 0x02, 0x00, 0x00, 0x04, 0x03, 0x03, 0x14, 0x5B, 0xB1, 0xF2, 0xFF, 0xFF, 0xFB, 0xF8, 0xFF,
    0xFF, 0xD2, 0x59, 0x0E, 0x02, 0x05, 0x06, 0x00, 0x00, 0x3A, 0xC8, 0xFE, 0xFF, 0xFF, 0xFF, 0xCB,
    0x43, 0x00, 0x01, 0x00, 0x00, 0x05, 0x36, 0x8C, 0xE9, 0xFF, 0xFE, 0xF7, 0xFE, 0xFF, 0xFC, 0xFF,
    0xFF, 0xFE, 0xE3, 0x92, 0x29, 0x00, 0x00, 0x05, 0x01, 0x00, 0x00, 0x00, 0x00, 0x00, 0x00, 0x00,
    0x00, 0x01, 0x06, 0x00, 0x00, 0x2A, 0xA4, 0xF4, 0xFF, 0xFF, 0xFF, 0xFF, 0xFF, 0xFB, 0xE1, 0xAF,
    0x62, 0x1F, 0x00, 0x00, 0x04, 0x08, 0x05, 0x03, 0x18, 0x6D, 0xDB, 0xFF, 0xFF, 0xF9, 0xF9, 0xFF,
    0xFF, 0xE9, 0x92, 0x41, 0x0F, 0x04, 0x02, 0x00, 0x00, 0x45, 0xCE, 0xFF, 0xFF, 0xFF, 0xFF, 0xB9,
    0x32, 0x00, 0x03, 0x00, 0x00, 0x25, 0x8F, 0xE2, 0xFE, 0xFF, 0xFF, 0xFC, 0xFF, 0xFE, 0xF9, 0xFE,
    0xFF, 0xE8, 0x8F, 0x3A, 0x09, 0x00, 0x00, 0x03, 0x00, 0x00, 0x00, 0x00, 0x00, 0x00, 0x00, 0x00,
    0x00, 0x01, 0x06, 0x00, 0x00, 0x25, 0x94, 0xE6, 0xFF, 0xFE, 0xFB, 0xF6, 0xF6, 0xFF, 0xFF, 0xF7,
    0xB2, 0x6A, 0x30, 0x10, 0x00, 0x00, 0x01, 0x00, 0x00, 0x3A, 0xB5, 0xF4, 0xFD, 0xF9, 0xFB, 0xFD,
    0xFB, 0xF3, 0xC9, 0x7B, 0x1D, 0x00, 0x00, 0x01, 0x03, 0x51, 0xD0, 0xFF, 0xFF, 0xFD, 0xF6, 0xA6,
    0x2C, 0x01, 0x00, 0x02, 0x1A, 0x6A, 0xD6, 0xFF, 0xFF, 0xF8, 0xFE, 0xFF, 0xFE, 0xFE, 0xFD, 0xFF,
    0xEF, 0xB3, 0x44, 0x05, 0x00, 0x02, 0x01, 0x01, 0x00, 0x00, 0x00, 0x00, 0x00, 0x00, 0x00, 0x00,
    0x00, 0x01, 0x05, 0x00, 0x00, 0x1C, 0x77, 0xCB, 0xFC, 0xFF, 0xFA, 0xF5, 0xFA, 0xFF, 0xFF, 0xFF,
    0xEF, 0xCF, 0x95, 0x4E, 0x08, 0x00, 0x00, 0x03, 0x00, 0x1F, 0x7E, 0xCA, 0xF3, 0xFB, 0xFD, 0xFB,
    0xFA, 0xFD, 0xF4, 0xB2, 0x36, 0x00, 0x00, 0x03, 0x0F, 0x5E, 0xD3, 0xFF, 0xFF, 0xF5, 0xDB, 0x8D,
    0x29, 0x02, 0x00, 0x18, 0x6D, 0xC1, 0xF9, 0xFF, 0xFF, 0xFC, 0xFF, 0xFE, 0xFA, 0xFD, 0xFF, 0xF4,
    0xB5, 0x65, 0x18, 0x00, 0x00, 0x03, 0x01, 0x00, 0x00, 0x00, 0x00, 0x00, 0x00, 0x00, 0x00, 0x00,
    0x00, 0x01, 0x03, 0x00, 0x01, 0x0F, 0x45, 0x8C, 0xD5, 0xF9, 0xFF, 0xFF, 0xFF, 0xFA, 0xF6, 0xFC,
    0xFF, 0xFF, 0xE0, 0x9E, 0x51, 0x1E, 0x05, 0x00, 0x00, 0x0E, 0x44, 0x95, 0xE9, 0xFF, 0xFF, 0xF9,
    0xF9, 0xFF, 0xFF, 0xD6, 0x61, 0x0F, 0x02, 0x03, 0x1A, 0x6C, 0xD7, 0xFF, 0xFF, 0xEF, 0xC4, 0x72,
    0x1C, 0x00, 0x0E, 0x4E, 0xB8, 0xF7, 0xFF, 0xFA, 0xFD, 0xFD, 0xFE, 0xFE, 0xFB, 0xFF, 0xFC, 0xD2,
    0x6F, 0x27, 0x06, 0x03, 0x02, 0x03, 0x01, 0x00, 0x00, 0x00, 0x00, 0x00, 0x00, 0x00, 0x00, 0x00,
    0x00, 0x00, 0x01, 0x01, 0x03, 0x03, 0x10, 0x3A, 0x8A, 0xD2, 0xFF, 0xFF, 0xFF, 0xF6, 0xF8, 0xFE,
    0xFF, 0xFF, 0xFD, 0xE9, 0xC2, 0x7E, 0x2A, 0x00, 0x00, 0x03, 0x14, 0x5D, 0xD3, 0xFF, 0xFF, 0xF8,
    0xFA, 0xFF, 0xFF, 0xEC, 0x9C, 0x44, 0x0E, 0x03, 0x24, 0x7C, 0xDB, 0xFF, 0xFF, 0xE9, 0xB0, 0x56,
    0x0B, 0x05, 0x42, 0x9B, 0xE6, 0xFF, 0xFF, 0xFB, 0xFE, 0xFE, 0xFC, 0xFD, 0xFB, 0xFB, 0xDE, 0x96,
    0x30, 0x05, 0x00, 0x04, 0x01, 0x01, 0x00, 0x00, 0x00, 0x00, 0x00, 0x00, 0x00, 0x00, 0x00, 0x00,
    0x00, 0x00, 0x00, 0x01, 0x03, 0x00, 0x00, 0x09, 0x41, 0x84, 0xC1, 0xE6, 0xFE, 0xFF, 0xFF, 0xFF,
    0xFA, 0xFA, 0xFF, 0xFF, 0xFF, 0xCE, 0x7B, 0x38, 0x17, 0x00, 0x00, 0x2B, 0xA9, 0xF4, 0xFE, 0xFA,
    0xFC, 0xFD, 0xFB, 0xF5, 0xD1, 0x7F, 0x1B, 0x00, 0x2C, 0x8A, 0xDF, 0xFF, 0xFF, 0xE3, 0x9B, 0x40,
    0x06, 0x22, 0x85, 0xD8, 0xFA, 0xFC, 0xFD, 0xFC, 0xFE, 0xFE, 0xFB, 0xFF, 0xFF, 0xEA, 0xA1, 0x50,
    0x0C, 0x00, 0x02, 0x05, 0x01, 0x00, 0x00, 0x00, 0x00, 0x00, 0x00, 0x00, 0x00, 0x00, 0x00, 0x00,
    0x00, 0x00, 0x00, 0x00, 0x01, 0x00, 0x00, 0x00, 0x0D, 0x24, 0x4E, 0x92, 0xE4, 0xFF, 0xFF, 0xFC,
    0xF9, 0xFA, 0xFF, 0xFF, 0xFF, 0xF8, 0xDF, 0xA9, 0x5C, 0x11, 0x00, 0x0E, 0x70, 0xC8, 0xF4, 0xFB,
    0xFE, 0xFB, 0xF9, 0xFE, 0xF6, 0xB3, 0x35, 0x02, 0x37, 0x95, 0xE1, 0xFF, 0xFF, 0xDA, 0x84, 0x35,
    0x20, 0x5E, 0xC7, 0xFA, 0xFF, 0xFB, 0xFE, 0xFE, 0xFF, 0xFE, 0xFA, 0xFF, 0xFE, 0xC0, 0x50, 0x11,
    0x00, 0x01, 0x01, 0x02, 0x00, 0x00, 0x00, 0x00, 0x00, 0x00, 0x00, 0x00, 0x00, 0x00, 0x00, 0x00,
    0x00, 0x00, 0x00, 0x00, 0x00, 0x01, 0x05, 0x02, 0x00, 0x00, 0x07, 0x41, 0x94, 0xD2, 0xEE, 0xFF,
    0xFF, 0xFF, 0xFE, 0xF9, 0xF7, 0xFF, 0xFF, 0xF3, 0xAB, 0x5E, 0x28, 0x14, 0x2B, 0x7C, 0xDF, 0xFF,
    0xFF, 0xF9, 0xF8, 0xFF, 0xFF, 0xD3, 0x5E, 0x23, 0x49, 0x9A, 0xE0, 0xFF, 0xFF, 0xCF, 0x62, 0x2F,
    0x58, 0xA8, 0xEF, 0xFF, 0xFE, 0xFA, 0xFE, 0xFF, 0xFC, 0xFF, 0xFF, 0xFC, 0xCE, 0x78, 0x19, 0x00,
    0x01, 0x07, 0x01, 0x00, 0x00, 0x00, 0x00, 0x00, 0x00, 0x00, 0x00, 0x00, 0x00, 0x00, 0x00, 0x00,
    0x00, 0x00, 0x00, 0x00, 0x00, 0x00, 0x01, 0x00, 0x00, 0x00, 0x00, 0x0C, 0x27, 0x61, 0xAE, 0xED,
    0xFF, 0xFF, 0xFD, 0xF7, 0xF9, 0xFF, 0xFF, 0xFF, 0xED, 0xCB, 0x91, 0x3E, 0x04, 0x3A, 0xC2, 0xFF,
    0xFF, 0xF9, 0xFA, 0xFF, 0xFF, 0xE6, 0x97, 0x60, 0x65, 0x9B, 0xDF, 0xFF, 0xFF, 0xC7, 0x4E, 0x3D,
    0xA2, 0xEB, 0xFF, 0xFE, 0xFF, 0xFE, 0xFE, 0xFE, 0xF9, 0xFF, 0xFF, 0xE0, 0x79, 0x25, 0x02, 0x00,
    0x00, 0x03, 0x00, 0x00, 0x00, 0x00, 0x00, 0x00, 0x00, 0x00, 0x01, 0x01, 0x01, 0x01, 0x00, 0x00,
    0x00, 0x00, 0x00, 0x00, 0x00, 0x00, 0x00, 0x01, 0x04, 0x05, 0x05, 0x00, 0x00, 0x13, 0x5E, 0xA1,
    0xD1, 0xEC, 0xFF, 0xFF, 0xFF, 0xFD, 0xF6, 0xFC, 0xFF, 0xFF, 0xE0, 0x8C, 0x38, 0x41, 0xA0, 0xE9,
    0xF8, 0xFB, 0xFD, 0xFE, 0xFD, 0xF0, 0xC8, 0x95, 0x76, 0x95, 0xDD, 0xFF, 0xFF, 0xD3, 0x79, 0x7B,
    0xDA, 0xFF, 0xFF, 0xFA, 0xFF, 0xFF, 0xFD, 0xFE, 0xFD, 0xFE, 0xEB, 0xA5, 0x34, 0x00, 0x00, 0x06,
    0x02, 0x01, 0x01, 0x01, 0x01, 0x01, 0x01, 0x02, 0x02, 0x01, 0x00, 0x00, 0x00, 0x00, 0x01, 0x01,
    0x00, 0x00, 0x00, 0x00, 0x00, 0x00, 0x00, 0x00, 0x01, 0x01, 0x00, 0x00, 0x00, 0x00, 0x15, 0x32,
    0x66, 0xA9, 0xEF, 0xFF, 0xFF, 0xFC, 0xF8, 0xFB, 0xFF, 0xFF, 0xFD, 0xDD, 0xAE, 0x8D, 0x8F, 0xB6,
    0xEA, 0xFE, 0xFF, 0xFD, 0xFF, 0xFC, 0xED, 0xBB, 0x87, 0x97, 0xE0, 0xFF, 0xFF, 0xED, 0xD1, 0xD4,
    0xF7, 0xFF, 0xFF, 0xFE, 0xFF, 0xFE, 0xFA, 0xFE, 0xFF, 0xEF, 0xA8, 0x55, 0x0F, 0x00, 0x00, 0x05,
    0x03, 0x02, 0x03, 0x04, 0x05, 0x05, 0x06, 0x07, 0x07, 0x06, 0x04, 0x02, 0x01, 0x03, 0x04, 0x04,
    0x00, 0x00, 0x00, 0x00, 0x00, 0x00, 0x00, 0x00, 0x00, 0x00, 0x01, 0x04, 0x08, 0x01, 0x00, 0x00,
    0x1A, 0x59, 0xA1, 0xD4, 0xED, 0xFE, 0xFF, 0xFF, 0xFB, 0xF9, 0xFF, 0xFF, 0xFD, 0xD6, 0xAD, 0xB6,
    0xEA, 0xFF, 0xFF, 0xFD, 0xFF, 0xFF, 0xFC, 0xD8, 0xA9, 0xB0, 0xE8, 0xFF, 0xFF, 0xFE, 0xFF, 0xFF,
    0xFF, 0xFB, 0xFE, 0xFF, 0xFF, 0xFE, 0xFA, 0xFF, 0xFC, 0xD0, 0x64, 0x1D, 0x05, 0x07, 0x03, 0x02,
    0x00, 0x00, 0x00, 0x00, 0x00, 0x00, 0x00, 0x00, 0x00, 0x00, 0x00, 0x00, 0x00, 0x00, 0x00, 0x00,
    0x00, 0x00, 0x00, 0x00, 0x00, 0x00, 0x00, 0x00, 0x00, 0x00, 0x00, 0x01, 0x02, 0x00, 0x00, 0x00,
    0x02, 0x13, 0x2D, 0x63, 0xAC, 0xEA, 0xFF, 0xFF, 0xFD, 0xF7, 0xFD, 0xFF, 0xFF, 0xF9, 0xE8, 0xE9,
    0xF8, 0xFF, 0xFF, 0xFE, 0xFE, 0xFF, 0xFF, 0xF3, 0xDB, 0xDC, 0xF5, 0xFF, 0xFF, 0xFF, 0xFF, 0xFF,
    0xFF, 0xFE, 0xFF, 0xFF, 0xFD, 0xFE, 0xFC, 0xFB, 0xE2, 0x9C, 0x32, 0x07, 0x04, 0x0C, 0x07, 0x04,
    0x00, 0x00, 0x00, 0x00, 0x00, 0x00, 0x00, 0x00, 0x00, 0x00, 0x00, 0x0D, 0x10, 0x03, 0x00, 0x00,
    0x00, 0x01, 0x01, 0x01, 0x01, 0x01, 0x01, 0x01, 0x01, 0x00, 0x00, 0x00, 0x00, 0x02, 0x05, 0x05,
    0x02, 0x00, 0x00, 0x15, 0x5C, 0x9E, 0xCF, 0xEB, 0xFF, 0xFF, 0xFF, 0xFC, 0xFB, 0xFF, 0xFF, 0xFF,
    0xFF, 0xFF, 0xFF, 0xFF, 0xFE, 0xFE, 0xFE, 0xFE, 0xFA, 0xF9, 0xFD, 0xFF, 0xFF, 0xFD, 0xFC, 0xFB,
    0xFE, 0xFF, 0xFF, 0xFE, 0xFB, 0xFF, 0xFF, 0xEF, 0xA7, 0x50, 0x08, 0x00, 0x00, 0x00, 0x00, 0x00,
    0x00, 0x07, 0x0E, 0x13, 0x19, 0x1F, 0x26, 0x2B, 0x31, 0x3D, 0x4F, 0x5C, 0x5F, 0x48, 0x2A, 0x1B,
    0x02, 0x02, 0x03, 0x04, 0x03, 0x03, 0x03, 0x02, 0x02, 0x02, 0x02, 0x01, 0x01, 0x01, 0x02, 0x01,
    0x00, 0x00, 0x00, 0x00, 0x14, 0x30, 0x61, 0xA4, 0xED, 0xFF, 0xFF, 0xFC, 0xFB, 0xFE, 0xFF, 0xFF,
    0xFF, 0xFF, 0xFF, 0xFF, 0xFF, 0xFF, 0xFF, 0xFF, 0xFF, 0xFF, 0xFF, 0xFF, 0xFF, 0xFF, 0xFF, 0xFF,
    0xFF, 0xFF, 0xFF, 0xFE, 0xFA, 0xFF, 0xFF, 0xD8, 0x64, 0x0D, 0x00, 0x00, 0x00, 0x00, 0x00, 0x00,
    0x19, 0x30, 0x45, 0x57, 0x6D, 0x7E, 0x93, 0xA7, 0xBB, 0xC7, 0xCE, 0xD3, 0xD3, 0xB7, 0x84, 0x68,
    0x00, 0x00, 0x00, 0x00, 0x00, 0x00, 0x00, 0x00, 0x00, 0x00, 0x00, 0x00, 0x00, 0x00, 0x01, 0x02,
    0x03, 0x07, 0x0A, 0x02, 0x00, 0x00, 0x17, 0x56, 0xA0, 0xD5, 0xEE, 0xFF, 0xFF, 0xFF, 0xFE, 0xFB,
    0xFE, 0xFF, 0xFF, 0xFF, 0xFF, 0xFF, 0xFF, 0xFE, 0xFE, 0xFE, 0xFF, 0xFF, 0xFF, 0xFF, 0xFF, 0xFF,
    0xFF, 0xFF, 0xFE, 0xFE, 0xFB, 0xFC, 0xF3, 0xB5, 0x41, 0x05, 0x17, 0x25, 0x28, 0x2F, 0x3D, 0x50,
    0x69, 0x7F, 0x95, 0xA6, 0xBC, 0xCD, 0xE1, 0xF5, 0xFF, 0xFF, 0xFF, 0xFF, 0xFF, 0xFE, 0xC5, 0xA2,
    0x00, 0x00, 0x00, 0x00, 0x00, 0x00, 0x00, 0x00, 0x00, 0x00, 0x01, 0x02, 0x03, 0x04, 0x05, 0x06,
    0x07, 0x09, 0x09, 0x05, 0x01, 0x00, 0x07, 0x18, 0x31, 0x65, 0xAF, 0xED, 0xFF, 0xFF, 0xFF, 0xF9,
    0xFD, 0xFF, 0xFF, 0xFF, 0xFF, 0xFF, 0xFF, 0xFF, 0xFF, 0xFF, 0xFF, 0xFF, 0xFF, 0xFF, 0xFF, 0xFF,
    0xFF, 0xFE, 0xFD, 0xFF, 0xFE, 0xF6, 0xD7, 0x9A, 0x55, 0x40, 0x63, 0x86, 0x9C, 0xB1, 0xC7, 0xD1,
    0xD9, 0xDE, 0xE4, 0xE9, 0xEF, 0xF3, 0xF9, 0xFE, 0xFF, 0xFF, 0xFF, 0xFF, 0xFF, 0xFB, 0xC8, 0xA8,
    0x01, 0x06, 0x0E, 0x13, 0x0F, 0x0B, 0x08, 0x06, 0x03, 0x01, 0x00, 0x00, 0x00, 0x00, 0x00, 0x00,
    0x00, 0x00, 0x00, 0x00, 0x00, 0x00, 0x00, 0x00, 0x00, 0x09, 0x52, 0x96, 0xC9, 0xE6, 0xFC, 0xFF,
    0xFF, 0xFE, 0xFF, 0xFF, 0xFF, 0xFF, 0xFF, 0xFF, 0xFE, 0xFE, 0xFF, 0xFF, 0xFF, 0xFF, 0xFF, 0xFF,
    0xFF, 0xFE, 0xFD, 0xFF, 0xFF, 0xF6, 0xD7, 0xAF, 0x97, 0x99, 0xB4, 0xD3, 0xEB, 0xFF, 0xFF, 0xFF,
    0xFF, 0xFF, 0xFF, 0xFF, 0xFF, 0xFF, 0xFF, 0xFF, 0xFF, 0xFF, 0xFB, 0xF7, 0xF0, 0xCE, 0x98, 0x7A,
    0x1A, 0x2B, 0x47, 0x56, 0x4A, 0x3B, 0x33, 0x2B, 0x22, 0x1A, 0x12, 0x0B, 0x04, 0x00, 0x00, 0x00,
    0x00, 0x00, 0x00, 0x00, 0x00, 0x00, 0x00, 0x00, 0x00, 0x00, 0x08, 0x25, 0x59, 0x9E, 0xE7, 0xFF,
    0xFF, 0xFD, 0xFF, 0xFF, 0xFF, 0xFF, 0xFF, 0xFF, 0xFF, 0xFF, 0xFF, 0xFF, 0xFF, 0xFF, 0xFF, 0xFF,
    0xFF, 0xFF, 0xFE, 0xFF, 0xFF, 0xFC, 0xF3, 0xE8, 0xE3, 0xE6, 0xED, 0xF6, 0xFC, 0xFF, 0xFF, 0xFF,
    0xFF, 0xFF, 0xFF, 0xFF, 0xFF, 0xFF, 0xFF, 0xFF, 0xFF, 0xFF, 0xF4, 0xE0, 0xC7, 0x90, 0x54, 0x35,
    0x71, 0x80, 0x98, 0xA4, 0x98, 0x8A, 0x82, 0x7A, 0x70, 0x69, 0x61, 0x5A, 0x53, 0x4B, 0x44, 0x3D,
    0x37, 0x34, 0x31, 0x2F, 0x2D, 0x2B, 0x29, 0x2A, 0x29, 0x1E, 0x0F, 0x09, 0x26, 0x61, 0xAB, 0xE1,
    0xF8, 0xFD, 0xFF, 0xFD, 0xFF, 0xFF, 0xFF, 0xFF, 0xFF, 0xFF, 0xFF, 0xFF, 0xFF, 0xFF, 0xFF, 0xFF,
    0xFF, 0xFF, 0xFF, 0xFF, 0xFF, 0xFF, 0xFF, 0xFF, 0xFF, 0xFF, 0xFF, 0xFF, 0xFF, 0xFF, 0xFF, 0xFF,
    0xFF, 0xFF, 0xF8, 0xF1, 0xEB, 0xE5, 0xDD, 0xD7, 0xCF, 0xC1, 0xA7, 0x91, 0x79, 0x48, 0x1C, 0x06,
    0xD6, 0xDB, 0xE3, 0xE4, 0xE0, 0xDC, 0xDA, 0xD8, 0xD5, 0xD3, 0xD1, 0xCF, 0xCD, 0xCB, 0xC9, 0xC7,
    0xC4, 0xBF, 0xB8, 0xB3, 0xAC, 0xA5, 0x9C, 0x93, 0x84, 0x74, 0x62, 0x51, 0x4D, 0x53, 0x6D, 0xA5,
    0xE7, 0xFE, 0xFF, 0xFB, 0xFE, 0xFF, 0xFF, 0xFF, 0xFF, 0xFF, 0xFF, 0xFF, 0xFF, 0xFF, 0xFF, 0xFF,
    0xFF, 0xFF, 0xFF, 0xFF, 0xFE, 0xFE, 0xFF, 0xFF, 0xFF, 0xFF, 0xFF, 0xFF, 0xFF, 0xFF, 0xFF, 0xFF,
    0xFF, 0xF7, 0xDD, 0xC6, 0xAD, 0x97, 0x7E, 0x65, 0x4B, 0x39, 0x2B, 0x25, 0x1D, 0x0F, 0x03, 0x00,
    0xDA, 0xEA, 0xFF, 0xFF, 0xFF, 0xFF, 0xFF, 0xFF, 0xFF, 0xFF, 0xFF, 0xFF, 0xFF, 0xFF, 0xFF, 0xFF,
    0xFF, 0xFF, 0xFF, 0xFF, 0xFF, 0xFF, 0xF8, 0xED, 0xDD, 0xD2, 0xC7, 0xBA, 0xA8, 0x92, 0x8A, 0xAC,
    0xE9, 0xFF, 0xFF, 0xFC, 0xFE, 0xFF, 0xFF, 0xFF, 0xFF, 0xFF, 0xFF, 0xFF, 0xFF, 0xFF, 0xFF, 0xFF,
    0xFF, 0xFF, 0xFF, 0xFF, 0xFF, 0xFF, 0xFF, 0xFF, 0xFC, 0xF5, 0xEE, 0xE8, 0xE0, 0xDA, 0xD2, 0xC9,
    0xB8, 0xA4, 0x8B, 0x75, 0x5C, 0x47, 0x2F, 0x17, 0x00, 0x00, 0x00, 0x00, 0x00, 0x00, 0x00, 0x01,
    0x7A, 0xA4, 0xED, 0xFF, 0xFF, 0xFF, 0xFF, 0xFF, 0xFF, 0xFF, 0xFF, 0xFF, 0xFF, 0xFF, 0xFF, 0xFF,
    0xFF, 0xFF, 0xFF, 0xFF, 0xFF, 0xFF, 0xFF, 0xFF, 0xFF, 0xFF, 0xFD, 0xF8, 0xF1, 0xE9, 0xE5, 0xEC,
    0xFA, 0xFF, 0xFF, 0xFE, 0xFF, 0xFF, 0xFF, 0xFF, 0xFF, 0xFF, 0xFF, 0xFF, 0xFF, 0xFF, 0xFF, 0xFF,
    0xFF, 0xFF, 0xFF, 0xFF, 0xFF, 0xFF, 0xFF, 0xFF, 0xF3, 0xDB, 0xC1, 0xA9, 0x8F, 0x76, 0x5A, 0x45,
    0x33, 0x2B, 0x24, 0x1F, 0x18, 0x13, 0x0D, 0x06, 0x00, 0x00, 0x00, 0x00, 0x00, 0x00, 0x00, 0x00,
    0x22, 0x4B, 0x93, 0xC6, 0xC7, 0xC6, 0xCA, 0xCA, 0xCD, 0xCE, 0xD0, 0xD1, 0xD3, 0xD4, 0xD6, 0xD7,
    0xD9, 0xDB, 0xDE, 0xE0, 0xE2, 0xE5, 0xE7, 0xE9, 0xED, 0xEF, 0xF3, 0xF6, 0xFB, 0xFD, 0xFE, 0xFE,
    0xFF, 0xFF, 0xFF, 0xFF, 0xFF, 0xFF, 0xFF, 0xFF, 0xFF, 0xFF, 0xFF, 0xFF, 0xFF, 0xFF, 0xFF, 0xFF,
    0xFF, 0xFF, 0xFF, 0xFE, 0xF8, 0xEF, 0xE1, 0xCF, 0xB4, 0x98, 0x7A, 0x5F, 0x42, 0x28, 0x0B, 0x00,
    0x00, 0x00, 0x00, 0x00, 0x00, 0x00, 0x00, 0x00, 0x00, 0x00, 0x00, 0x00, 0x00, 0x00, 0x01, 0x02,
    0x04, 0x10, 0x25, 0x36, 0x3B, 0x3F, 0x46, 0x4B, 0x52, 0x57, 0x5E, 0x63, 0x6A, 0x6F, 0x75, 0x7A,
    0x81, 0x86, 0x8D, 0x91, 0x95, 0x99, 0x9E, 0xA0, 0xA5, 0xA9, 0xB0, 0xB5, 0xBD, 0xBD, 0xC1, 0xD4,
    0xF4, 0xFF, 0xFF, 0xFE, 0xFE, 0xFF, 0xFF, 0xFF, 0xFF, 0xFF, 0xFF, 0xFF, 0xFF, 0xFF, 0xFF, 0xFF,
    0xFE, 0xFF, 0xFF, 0xFC, 0xEA, 0xC8, 0x9C, 0x7C, 0x66, 0x58, 0x45, 0x37, 0x2A, 0x20, 0x17, 0x13,
    0x10, 0x0E, 0x09, 0x04, 0x00, 0x00, 0x00, 0x00, 0x00, 0x00, 0x00, 0x00, 0x00, 0x00, 0x03, 0x04,
    0x00, 0x00, 0x00, 0x00, 0x00, 0x00, 0x00, 0x00, 0x03, 0x09, 0x10, 0x15, 0x1B, 0x21, 0x27, 0x2C,
    0x32, 0x38, 0x3E, 0x41, 0x44, 0x48, 0x4B, 0x4E, 0x51, 0x50, 0x50, 0x4C, 0x52, 0x63, 0x86, 0xB9,
    0xEE, 0xFE, 0xFE, 0xFC, 0xFE, 0xFF, 0xFF, 0xFF, 0xFF, 0xFF, 0xFF, 0xFF, 0xFF, 0xFF, 0xFF, 0xFF,
    0xFE, 0xFF, 0xFF, 0xFE, 0xF1, 0xD4, 0xA9, 0x8C, 0x7D, 0x76, 0x6D, 0x68, 0x66, 0x68, 0x6C, 0x71,
    0x73, 0x70, 0x69, 0x61, 0x57, 0x4D, 0x43, 0x3B, 0x34, 0x32, 0x30, 0x28, 0x1B, 0x08, 0x00, 0x00,
    0x00, 0x00, 0x00, 0x00, 0x00, 0x00, 0x00, 0x00, 0x00, 0x00, 0x00, 0x00, 0x01, 0x02, 0x04, 0x06,
    0x08, 0x09, 0x0B, 0x0C, 0x0D, 0x0F, 0x11, 0x14, 0x17, 0x13, 0x0D, 0x03, 0x0B, 0x36, 0x81, 0xC5,
    0xF3, 0xFC, 0xFD, 0xFB, 0xFD, 0xFF, 0xFF, 0xFF, 0xFF, 0xFF, 0xFF, 0xFF, 0xFF, 0xFF, 0xFF, 0xFF,
    0xFF, 0xFF, 0xFF, 0xFF, 0xFF, 0xFF, 0xF2, 0xE6, 0xDD, 0xD7, 0xD2, 0xCF, 0xCF, 0xD0, 0xD4, 0xD7,
    0xD8, 0xD9, 0xD7, 0xD6, 0xD3, 0xD0, 0xCD, 0xC8, 0xC0, 0xBE, 0xB5, 0x9E, 0x70, 0x30, 0x03, 0x00,
    0x02, 0x04, 0x06, 0x07, 0x07, 0x06, 0x05, 0x04, 0x03, 0x02, 0x01, 0x01, 0x00, 0x00, 0x00, 0x00,
    0x00, 0x00, 0x00, 0x00, 0x00, 0x00, 0x00, 0x00, 0x00, 0x00, 0x05, 0x17, 0x34, 0x64, 0xA8, 0xDE,
    0xFE, 0xFF, 0xFF, 0xFF, 0xFF, 0xFF, 0xFF, 0xFF, 0xFF, 0xFF, 0xFF, 0xFF, 0xFF, 0xFF, 0xFF, 0xFF,
    0xFE, 0xFF, 0xFF, 0xFA, 0xED, 0xE6, 0xED, 0xF9, 0xFF, 0xFF, 0xFF, 0xFF, 0xFF, 0xFF, 0xFF, 0xFF,
    0xFF, 0xFF, 0xFF, 0xFF, 0xFF, 0xFF, 0xFF, 0xFF, 0xFF, 0xFF, 0xFF, 0xED, 0xBF, 0x75, 0x31, 0x16,
    0x01, 0x01, 0x01, 0x02, 0x01, 0x01, 0x01, 0x00, 0x00, 0x00, 0x00, 0x00, 0x00, 0x00, 0x00, 0x00,
    0x00, 0x00, 0x00, 0x00, 0x01, 0x00, 0x00, 0x00, 0x00, 0x04, 0x3F, 0x7D, 0xB4, 0xD1, 0xE3, 0xF1,
    0xFF, 0xFF, 0xFF, 0xFF, 0xFF, 0xFE, 0xFD, 0xFE, 0xFF, 0xFF, 0xFF, 0xFF, 0xFF, 0xFF, 0xFF, 0xFE,
    0xFC, 0xFF, 0xFF, 0xEE, 0xBD, 0x96, 0x93, 0xA8, 0xCB, 0xED, 0xFF, 0xFF, 0xFF, 0xFF, 0xFF, 0xFF,
    0xFF, 0xFF, 0xFF, 0xFF, 0xFF, 0xFF, 0xFF, 0xFF, 0xFF, 0xFF, 0xFF, 0xFF, 0xF1, 0xC3, 0x7F, 0x5B,
    0x00, 0x00, 0x00, 0x00, 0x00, 0x00, 0x01, 0x01, 0x01, 0x01, 0x01, 0x02, 0x02, 0x02, 0x02, 0x03,
    0x04, 0x04, 0x02, 0x00, 0x00, 0x00, 0x0B, 0x1D, 0x33, 0x5C, 0x99, 0xD6, 0xFF, 0xFF, 0xFF, 0xFF,
    0xFA, 0xEE, 0xEB, 0xF2, 0xFB, 0xFF, 0xFF, 0xFF, 0xFF, 0xFF, 0xFF, 0xFF, 0xFF, 0xFF, 0xFF, 0xFE,
    0xFC, 0xFF, 0xFE, 0xEE, 0xBC, 0x85, 0x5A, 0x4E, 0x64, 0x88, 0xA6, 0xBA, 0xC9, 0xD1, 0xDA, 0xE2,
    0xEB, 0xF3, 0xFB, 0xFF, 0xFF, 0xFF, 0xFF, 0xFF, 0xFF, 0xFC, 0xF9, 0xFF, 0xFF, 0xFD, 0xCE, 0xB2,
    0x00, 0x00, 0x00, 0x00, 0x00, 0x00, 0x00, 0x00, 0x00, 0x00, 0x00, 0x00, 0x00, 0x00, 0x01, 0x03,
    0x05, 0x06, 0x04, 0x00, 0x00, 0x00, 0x2E, 0x6C, 0xA8, 0xD0, 0xE6, 0xF5, 0xFF, 0xFF, 0xFF, 0xFF,
    0xDE, 0xBE, 0xBB, 0xD3, 0xF3, 0xFF, 0xFF, 0xFF, 0xFF, 0xFF, 0xFF, 0xFF, 0xFF, 0xFF, 0xFF, 0xFF,
    0xFE, 0xFE, 0xFB, 0xFA, 0xEB, 0xC2, 0x6F, 0x2E, 0x17, 0x21, 0x2E, 0x3B, 0x4C, 0x62, 0x7F, 0x9A,
    0xB6, 0xD0, 0xED, 0xFF, 0xFF, 0xFF, 0xFF, 0xFF, 0xFF, 0xFF, 0xFD, 0xFF, 0xFF, 0xFF, 0xF2, 0xE5,
    0x00, 0x00, 0x00, 0x00, 0x00, 0x00, 0x00, 0x00, 0x00, 0x00, 0x00, 0x00, 0x01, 0x01, 0x01, 0x00,
    0x00, 0x00, 0x02, 0x11, 0x24, 0x45, 0x7C, 0xBA, 0xF4, 0xFF, 0xFF, 0xFF, 0xFF, 0xFA, 0xE5, 0xC6,
    0x9E, 0x95, 0xB0, 0xD3, 0xF3, 0xFE, 0xFA, 0xF8, 0xFD, 0xFF, 0xFF, 0xFF, 0xFF, 0xFF, 0xFF, 0xFF,
    0xFF, 0xFE, 0xFB, 0xFF, 0xFF, 0xF4, 0xAB, 0x5C, 0x17, 0x00, 0x00, 0x00, 0x00, 0x16, 0x31, 0x4B,
    0x67, 0x82, 0x9F, 0xB5, 0xCA, 0xD4, 0xDC, 0xE3, 0xEC, 0xF6, 0xFE, 0xFE, 0xF4, 0xD9, 0xBF, 0xB1,
    0x00, 0x00, 0x00, 0x00, 0x00, 0x00, 0x00, 0x00, 0x00, 0x00, 0x00, 0x01, 0x02, 0x05, 0x06, 0x00,
    0x00, 0x00, 0x16, 0x4F, 0x91, 0xC0, 0xDF, 0xEF, 0xFF, 0xFF, 0xFF, 0xFF, 0xFF, 0xE8, 0x9F, 0x69,
    0x5F, 0x8D, 0xD0, 0xF1, 0xF9, 0xF2, 0xE0, 0xE1, 0xF6, 0xFF, 0xFE, 0xFD, 0xFD, 0xFD, 0xFE, 0xFF,
    0xFF, 0xFF, 0xFE, 0xFE, 0xFE, 0xFC, 0xE8, 0xBC, 0x66, 0x1B, 0x00, 0x00, 0x00, 0x05, 0x09, 0x0F,
    0x19, 0x20, 0x29, 0x31, 0x43, 0x58, 0x74, 0x8F, 0xA9, 0xCA, 0xE6, 0xE9, 0xCA, 0x89, 0x52, 0x37,
    0x00, 0x00, 0x00, 0x00, 0x00, 0x00, 0x00, 0x00, 0x00, 0x00, 0x01, 0x00, 0x00, 0x00, 0x00, 0x05,
    0x1C, 0x36, 0x64, 0x9F, 0xE1, 0xFF, 0xFF, 0xFF, 0xFF, 0xFF, 0xF9, 0xE9, 0xD5, 0x97, 0x4E, 0x3A,
    0x69, 0xB0, 0xF0, 0xFF, 0xFF, 0xE5, 0xB3, 0xB4, 0xE9, 0xFF, 0xFF, 0xFE, 0xFF, 0xFF, 0xFF, 0xFF,
    0xFF, 0xFF, 0xFF, 0xFF, 0xFF, 0xFF, 0xFF, 0xFD, 0xBE, 0x75, 0x32, 0x11, 0x00, 0x00, 0x00, 0x00,
    0x00, 0x00, 0x00, 0x00, 0x00, 0x08, 0x24, 0x3F, 0x59, 0x7A, 0x97, 0x99, 0x7B, 0x3B, 0x07, 0x00,
    0x00, 0x00, 0x00, 0x00, 0x00, 0x00, 0x00, 0x00, 0x00, 0x02, 0x05, 0x04, 0x00, 0x00, 0x00, 0x2A,
    0x74, 0xAF, 0xD4, 0xE9, 0xFC, 0xFF, 0xFF, 0xFF, 0xFF, 0xFF, 0xE6, 0xA4, 0x62, 0x2B, 0x1F, 0x58,
    0xB5, 0xE9, 0xFA, 0xFE, 0xFE, 0xC8, 0x7E, 0x86, 0xDC, 0xFF, 0xFF, 0xF7, 0xFD, 0xFF, 0xFF, 0xFF,
    0xFF, 0xFF, 0xFF, 0xFF, 0xFF, 0xFF, 0xFF, 0xFF, 0xF0, 0xCD, 0x85, 0x3B, 0x01, 0x00, 0x00, 0x02,
    0x00, 0x00, 0x00, 0x00, 0x00, 0x00, 0x04, 0x0C, 0x14, 0x1E, 0x26, 0x27, 0x1E, 0x0B, 0x00, 0x00,
    0x00, 0x00, 0x00, 0x00, 0x00, 0x00, 0x00, 0x01, 0x01, 0x00, 0x00, 0x00, 0x06, 0x1B, 0x40, 0x7B,
    0xC5, 0xF9, 0xFF, 0xFF, 0xFF, 0xFF, 0xFF, 0xFC, 0xE7, 0xCD, 0x9D, 0x52, 0x05, 0x00, 0x3E, 0xA0,
    0xF2, 0xFF, 0xFF, 0xF3, 0xCD, 0x8C, 0x5D, 0x80, 0xDC, 0xFF, 0xFA, 0xE0, 0xDD, 0xE7, 0xF9, 0xFE,
    0xFF, 0xFF, 0xFF, 0xF7, 0xE3, 0xE1, 0xF3, 0xFF, 0xFF, 0xFF, 0xCD, 0x85, 0x38, 0x11, 0x00, 0x00,
    0x04, 0x07, 0x07, 0x06, 0x05, 0x03, 0x00, 0x00, 0x00, 0x00, 0x00, 0x00, 0x00, 0x00, 0x02, 0x06,
    0x00, 0x00, 0x00, 0x00, 0x00, 0x00, 0x00, 0x02, 0x06, 0x00, 0x00, 0x00, 0x2C, 0x6F, 0xB4, 0xDF,
    0xF5, 0xFF, 0xFF, 0xFF, 0xFF, 0xFF, 0xFF, 0xE5, 0x9C, 0x5C, 0x33, 0x11, 0x00, 0x25, 0x96, 0xE7,
    0xFE, 0xFF, 0xFF, 0xDC, 0x78, 0x3E, 0x57, 0xA1, 0xEA, 0xFF, 0xEA, 0xB8, 0x9E, 0xB2, 0xE8, 0xFB,
    0xFE, 0xFF, 0xFF, 0xE4, 0xA4, 0x9F, 0xDB, 0xFF, 0xFF, 0xFF, 0xF3, 0xD6, 0x98, 0x4E, 0x08, 0x00,
    0x03, 0x09, 0x04, 0x01, 0x01, 0x00, 0x00, 0x00, 0x00, 0x00, 0x00, 0x00, 0x00, 0x00, 0x00, 0x01,
    0x00, 0x00, 0x00, 0x00, 0x00, 0x00, 0x01, 0x00, 0x00, 0x04, 0x1A, 0x3D, 0x7A, 0xBF, 0xFB, 0xFF,
    0xFF, 0xFC, 0xFF, 0xFF, 0xF8, 0xE8, 0xCC, 0x96, 0x4D, 0x0F, 0x00, 0x00, 0x1D, 0x79, 0xDF, 0xFF,
    0xFF, 0xFC, 0xEF, 0xA6, 0x30, 0x13, 0x61, 0xC2, 0xF6, 0xFF, 0xE0, 0x94, 0x59, 0x74, 0xD8, 0xFF,
    0xFF, 0xFE, 0xFE, 0xE4, 0xA4, 0x84, 0x96, 0xC1, 0xE8, 0xFF, 0xFF, 0xFF, 0xDF, 0x9A, 0x45, 0x15,
    0x00, 0x00, 0x00, 0x02, 0x01, 0x01, 0x02, 0x03, 0x04, 0x05, 0x06, 0x06, 0x05, 0x03, 0x01, 0x00,
    0x00, 0x00, 0x00, 0x00, 0x00, 0x00, 0x02, 0x00, 0x00, 0x21, 0x6E, 0xB0, 0xDB, 0xF2, 0xFF, 0xFF,
    0xFC, 0xFF, 0xFF, 0xFF, 0xDC, 0x9C, 0x57, 0x28, 0x12, 0x00, 0x00, 0x11, 0x70, 0xC9, 0xF8, 0xFF,
    0xFF, 0xF1, 0xB9, 0x5A, 0x08, 0x11, 0x71, 0xD3, 0xFC, 0xFE, 0xDC, 0x7A, 0x20, 0x3B, 0xBC, 0xFF,
    0xFF, 0xFB, 0xFC, 0xF7, 0xE3, 0xA1, 0x4D, 0x56, 0xB5, 0xFF, 0xFF, 0xFF, 0xF8, 0xDF, 0xA9, 0x5E,
    0x0E, 0x00, 0x01, 0x09, 0x03, 0x00, 0x01, 0x01, 0x01, 0x01, 0x01, 0x01, 0x01, 0x01, 0x00, 0x00,
    0x00, 0x00, 0x00, 0x00, 0x02, 0x00, 0x02, 0x07, 0x25, 0x66, 0xBC, 0xF7, 0xFF, 0xFF, 0xFF, 0xFF,
    0xFF, 0xFC, 0xE5, 0xC7, 0x8F, 0x4C, 0x0B, 0x00, 0x00, 0x01, 0x13, 0x4E, 0xBC, 0xF9, 0xFC, 0xFC,
    0xFD, 0xD7, 0x79, 0x21, 0x00, 0x20, 0x85, 0xE3, 0xFE, 0xFA, 0xD4, 0x6E, 0x0A, 0x16, 0x8A, 0xEC,
    0xFD, 0xFE, 0xFC, 0xFF, 0xFF, 0xCD, 0x56, 0x2A, 0x66, 0xB3, 0xE0, 0xFC, 0xFF, 0xFF, 0xED, 0xAB,
    0x51, 0x19, 0x00, 0x00, 0x00, 0x02, 0x01, 0x00, 0x00, 0x00, 0x00, 0x00, 0x00, 0x00, 0x00, 0x00,
    0x00, 0x00, 0x00, 0x01, 0x05, 0x00, 0x01, 0x1B, 0x6E, 0xBA, 0xEA, 0xFD, 0xFF, 0xFF, 0xFF, 0xFF,
    0xFF, 0xDD, 0x92, 0x52, 0x28, 0x10, 0x00, 0x00, 0x00, 0x0A, 0x47, 0x96, 0xE5, 0xFF, 0xFC, 0xF8,
    0xE8, 0xA5, 0x3D, 0x04, 0x00, 0x2B, 0x9B, 0xF6, 0xFF, 0xF3, 0xC5, 0x66, 0x0E, 0x02, 0x47, 0xAB,
    0xED, 0xFE, 0xFD, 0xFF, 0xFF, 0xEE, 0xAA, 0x55, 0x23, 0x3E, 0x97, 0xE7, 0xFF, 0xFF, 0xFD, 0xE5,
    0xB7, 0x6D, 0x16, 0x00, 0x00, 0x09, 0x02, 0x00, 0x00, 0x00, 0x00, 0x00, 0x00, 0x00, 0x00, 0x00,
    0x00, 0x00, 0x00, 0x01, 0x07, 0x00, 0x00, 0x26, 0x99, 0xEE, 0xFF, 0xFF, 0xFF, 0xFF, 0xF7, 0xE6,
    0xC6, 0x8D, 0x42, 0x09, 0x00, 0x00, 0x04, 0x04, 0x06, 0x2C, 0x8B, 0xD3, 0xF6, 0xFF, 0xFF, 0xEF,
    0xB1, 0x5F, 0x16, 0x00, 0x01, 0x32, 0xAD, 0xFE, 0xFF, 0xED, 0xB7, 0x63, 0x1A, 0x00, 0x18, 0x6B,
    0xD5, 0xFF, 0xFF, 0xFC, 0xFB, 0xFF, 0xF0, 0x9A, 0x1F, 0x00, 0x45, 0x9E, 0xD3, 0xF1, 0xFF, 0xFF,
    0xFA, 0xBA, 0x5D, 0x1D, 0x02, 0x00, 0x00, 0x01, 0x00, 0x00, 0x00, 0x00, 0x00, 0x00, 0x00, 0x00,
    0x00, 0x00, 0x00, 0x01, 0x06, 0x00, 0x00, 0x21, 0x8B, 0xE1, 0xFF, 0xFF, 0xFF, 0xFF, 0xD3, 0x93,
    0x50, 0x23, 0x0C, 0x00, 0x00, 0x00, 0x03, 0x05, 0x1D, 0x64, 0xCB, 0xF7, 0xFD, 0xFF, 0xFF, 0xD0,
    0x60, 0x16, 0x02, 0x00, 0x00, 0x39, 0xBF, 0xFF, 0xFF, 0xE6, 0xAA, 0x5A, 0x19, 0x00, 0x02, 0x38,
    0xA9, 0xEE, 0xFE, 0xFB, 0xFC, 0xFF, 0xFF, 0xCE, 0x5E, 0x0F, 0x0C, 0x37, 0x78, 0xC5, 0xFF, 0xFF,
    0xFF, 0xEA, 0xC3, 0x7A, 0x1F, 0x00, 0x00, 0x05, 0x01, 0x01, 0x00, 0x00, 0x00, 0x00, 0x00, 0x00,
    0x00, 0x00, 0x00, 0x01, 0x04, 0x00, 0x00, 0x14, 0x54, 0x95, 0xC3, 0xD1, 0xCD, 0xB5, 0x84, 0x42,
    0x05, 0x00, 0x00, 0x05, 0x09, 0x01, 0x00, 0x12, 0x58, 0xAA, 0xF0, 0xFF, 0xFF, 0xFD, 0xE2, 0x90,
    0x24, 0x00, 0x00, 0x01, 0x03, 0x45, 0xCA, 0xFE, 0xFF, 0xE2, 0x9E, 0x51, 0x16, 0x01, 0x00, 0x18,
    0x65, 0xBB, 0xF7, 0xFF, 0xFE, 0xFC, 0xFE, 0xF1, 0xB0, 0x52, 0x01, 0x00, 0x2B, 0x79, 0xBD, 0xE5,
    0xFD, 0xFF, 0xFF, 0xCB, 0x6A, 0x22, 0x07, 0x00, 0x00, 0x01, 0x00, 0x00, 0x00, 0x00, 0x00, 0x00,
    0x00, 0x00, 0x00, 0x00, 0x01, 0x00, 0x00, 0x05, 0x16, 0x32, 0x4E, 0x52, 0x43, 0x30, 0x21, 0x0D,
    0x00, 0x00, 0x00, 0x01, 0x07, 0x00, 0x00, 0x3B, 0xAA, 0xEC, 0xFE, 0xFF, 0xFF, 0xE9, 0x92, 0x3C,
    0x07, 0x00, 0x00, 0x01, 0x12, 0x5D, 0xD2, 0xFF, 0xFF, 0xE0, 0x92, 0x45, 0x10, 0x00, 0x00, 0x03,
    0x1A, 0x6D, 0xDB, 0xFF, 0xFE, 0xF9, 0xFC, 0xFF, 0xEE, 0x9D, 0x26, 0x00, 0x06, 0x26, 0x53, 0x99,
    0xE9, 0xFF, 0xFF, 0xF3, 0xCE, 0x84, 0x2B, 0x00, 0x00, 0x02, 0x00, 0x00, 0x00, 0x00, 0x00, 0x00,
    0x00, 0x00, 0x00, 0x00, 0x00, 0x00, 0x00, 0x00, 0x00, 0x00, 0x04, 0x02, 0x00, 0x00, 0x00, 0x00,
    0x03, 0x07, 0x06, 0x00, 0x00, 0x03, 0x2D, 0x83, 0xE4, 0xFF, 0xFF, 0xFD, 0xF3, 0xBC, 0x4B, 0x09,
    0x00, 0x04, 0x01, 0x04, 0x25, 0x74, 0xD8, 0xFF, 0xFF, 0xDE, 0x88, 0x3A, 0x0A, 0x00, 0x01, 0x00,
    0x00, 0x31, 0xA6, 0xED, 0xFE, 0xFC, 0xF9, 0xFF, 0xFF, 0xD8, 0x6B, 0x19, 0x00, 0x00, 0x0C, 0x4A,
    0x9A, 0xD7, 0xF0, 0xFF, 0xFF, 0xDA, 0x75, 0x26, 0x07, 0x02, 0x00, 0x02, 0x00, 0x00, 0x00, 0x00,
    0x00, 0x00, 0x00, 0x00, 0x00, 0x00, 0x00, 0x00, 0x00, 0x00, 0x00, 0x00, 0x00, 0x00, 0x00, 0x00,
    0x00, 0x03, 0x08, 0x00, 0x00, 0x1F, 0x84, 0xD8, 0xFC, 0xFF, 0xFE, 0xF3, 0xC5, 0x77, 0x1F, 0x00,
    0x00, 0x01, 0x00, 0x0B, 0x3E, 0x8C, 0xDF, 0xFF, 0xFF, 0xDB, 0x7D, 0x2F, 0x07, 0x00, 0x00, 0x00,
    0x00, 0x11, 0x5D, 0xB0, 0xEF, 0xFD, 0xFC, 0xFF, 0xFF, 0xF4, 0xB3, 0x5C, 0x0F, 0x00, 0x00, 0x10,
    0x2E, 0x6C, 0xC0, 0xFF, 0xFF, 0xFC, 0xC2, 0x6C, 0x1A, 0x00, 0x00, 0x04, 0x01, 0x00, 0x00, 0x00,
    0x00, 0x00, 0x00, 0x00, 0x00, 0x00, 0x00, 0x01, 0x03, 0x04, 0x03, 0x03, 0x06, 0x07, 0x05, 0x03,
    0x02, 0x00, 0x00, 0x00, 0x16, 0x5C, 0xCB, 0xFF, 0xFF, 0xFF, 0xFF, 0xDD, 0x84, 0x38, 0x0A, 0x03,
    0x03, 0x00, 0x00, 0x12, 0x54, 0xA1, 0xE5, 0xFF, 0xFF, 0xD9, 0x73, 0x25, 0x03, 0x00, 0x00, 0x02,
    0x05, 0x06, 0x25, 0x6E, 0xD6, 0xFF, 0xFF, 0xFC, 0xFB, 0xFB, 0xE6, 0xA0, 0x34, 0x08, 0x02, 0x00,
    0x00, 0x1D, 0x6F, 0xB9, 0xE2, 0xF0, 0xD9, 0x88, 0x22, 0x00, 0x00, 0x05, 0x01, 0x00, 0x00, 0x00,
    0x00, 0x00, 0x00, 0x00, 0x00, 0x00, 0x00, 0x00, 0x01, 0x00, 0x00, 0x00, 0x01, 0x02, 0x01, 0x02,
    0x05, 0x00, 0x00, 0x10, 0x5E, 0xB1, 0xEF, 0xFF, 0xFE, 0xFF, 0xF4, 0xB0, 0x3F, 0x0A, 0x00, 0x04,
    0x05, 0x00, 0x00, 0x19, 0x6C, 0xBA, 0xEC, 0xFF, 0xFF, 0xD5, 0x67, 0x19, 0x01, 0x01, 0x00, 0x03,
    0x06, 0x00, 0x05, 0x35, 0xA8, 0xED, 0xFD, 0xFA, 0xFB, 0xFF, 0xFD, 0xD1, 0x66, 0x1F, 0x03, 0x00,
    0x00, 0x01, 0x1A, 0x4C, 0x94, 0xBD, 0xAC, 0x69, 0x1B, 0x00, 0x00, 0x04, 0x01, 0x00, 0x00, 0x00,
    0x00, 0x00, 0x00, 0x00, 0x00, 0x00, 0x00, 0x00, 0x00, 0x00, 0x01, 0x01, 0x00, 0x00, 0x01, 0x01,
    0x04, 0x01, 0x08, 0x39, 0xA4, 0xE9, 0xFB, 0xFE, 0xFF, 0xF0, 0xB9, 0x68, 0x13, 0x00, 0x01, 0x07,
    0x07, 0x00, 0x00, 0x1F, 0x81, 0xD1, 0xF3, 0xFF, 0xFF, 0xD3, 0x5D, 0x0D, 0x00, 0x02, 0x00, 0x03,
    0x06, 0x01, 0x00, 0x13, 0x63, 0xB8, 0xF5, 0xFF, 0xFE, 0xFD, 0xFF, 0xED, 0xA5, 0x50, 0x11, 0x03,
    0x05, 0x01, 0x00, 0x08, 0x45, 0x69, 0x5D, 0x36, 0x0E, 0x00, 0x00, 0x02, 0x01, 0x00, 0x00, 0x00,
    0x00, 0x00, 0x00, 0x00, 0x00, 0x00, 0x00, 0x00, 0x00, 0x00, 0x00, 0x00, 0x00, 0x01, 0x03, 0x00,
    0x01, 0x08, 0x30, 0x7C, 0xD8, 0xFC, 0xFD, 0xFF, 0xFD, 0xC3, 0x5C, 0x18, 0x01, 0x00, 0x00, 0x03,
    0x07, 0x00, 0x01, 0x27, 0x99, 0xEA, 0xFA, 0xFF, 0xFF, 0xD0, 0x52, 0x03, 0x00, 0x03, 0x00, 0x02,
    0x03, 0x00, 0x01, 0x01, 0x17, 0x67, 0xD6, 0xFF, 0xFE, 0xFA, 0xFD, 0xFD, 0xE2, 0x8D, 0x23, 0x01,
    0x01, 0x03, 0x00, 0x00, 0x0D, 0x19, 0x16, 0x0D, 0x03, 0x00, 0x00, 0x00, 0x00, 0x00, 0x00, 0x00,
    0x00, 0x00, 0x00, 0x00, 0x00, 0x00, 0x00, 0x00, 0x00, 0x00, 0x00, 0x00, 0x00, 0x01, 0x05, 0x00,
    0x00, 0x1D, 0x72, 0xBF, 0xF3, 0xFF, 0xFF, 0xF3, 0xC6, 0x75, 0x1A, 0x00, 0x00, 0x06, 0x01, 0x01,
    0x07, 0x00, 0x00, 0x2D, 0xAE, 0xF8, 0xFE, 0xFF, 0xFF, 0xCE, 0x48, 0x00, 0x00, 0x05, 0x00, 0x00,
    0x00, 0x01, 0x06, 0x00, 0x00, 0x29, 0x97, 0xE7, 0xFF, 0xFF, 0xFB, 0xFE, 0xFF, 0xBB, 0x32, 0x00,
    0x00, 0x0A, 0x07, 0x02, 0x00, 0x00, 0x00, 0x00, 0x00, 0x00, 0x00, 0x00, 0x00, 0x00, 0x00, 0x00,
    0x00, 0x00, 0x00, 0x00, 0x00, 0x00, 0x00, 0x00, 0x00, 0x00, 0x00, 0x00, 0x00, 0x01, 0x06, 0x00,
    0x00, 0x37, 0xB3, 0xEE, 0xFA, 0xFF, 0xFF, 0xCB, 0x65, 0x1C, 0x01, 0x00, 0x00, 0x03, 0x01, 0x01,
    0x07, 0x00, 0x00, 0x39, 0xC3, 0xFF, 0xFF, 0xFF, 0xFE, 0xCA, 0x3D, 0x00, 0x00, 0x07, 0x02, 0x00,
    0x00, 0x01, 0x03, 0x00, 0x00, 0x09, 0x45, 0x9B, 0xEE, 0xFF, 0xFA, 0xFB, 0xFF, 0xC8, 0x37, 0x00,
    0x00, 0x08, 0x03, 0x00, 0x00, 0x00, 0x00, 0x00, 0x00, 0x00, 0x00, 0x00, 0x00, 0x00, 0x00, 0x00,
    0x00, 0x00, 0x00, 0x00, 0x00, 0x00, 0x00, 0x00, 0x00, 0x00, 0x00, 0x00, 0x00, 0x01, 0x06, 0x00,
    0x00, 0x46, 0xD1, 0xFF, 0xFF, 0xF2, 0xCE, 0x7D, 0x1E, 0x00, 0x00, 0x08, 0x01, 0x00, 0x01, 0x01,
    0x05, 0x00, 0x04, 0x49, 0xCF, 0xFF, 0xFF, 0xFF, 0xFF, 0xC5, 0x36, 0x01, 0x00, 0x07, 0x02, 0x00,
    0x00, 0x01, 0x01, 0x01, 0x05, 0x01, 0x10, 0x53, 0xC1, 0xF7, 0xFF, 0xFF, 0xFE, 0xBB, 0x33, 0x00,
    0x00, 0x07, 0x02, 0x01, 0x03, 0x04, 0x04, 0x02, 0x01, 0x00, 0x00, 0x00, 0x00, 0x00, 0x00, 0x00,
    0x00, 0x00, 0x00, 0x00, 0x00, 0x00, 0x00, 0x00, 0x00, 0x00, 0x00, 0x00, 0x01, 0x00, 0x05, 0x00,
    0x00, 0x40, 0xB9, 0xFF, 0xFF, 0xCA, 0x6D, 0x20, 0x02, 0x00, 0x00, 0x03, 0x00, 0x00, 0x02, 0x00,
    0x01, 0x01, 0x15, 0x62, 0xD8, 0xFF, 0xFF, 0xFF, 0xFF, 0xBB, 0x31, 0x00, 0x00, 0x07, 0x02, 0x00,
    0x00, 0x00, 0x00, 0x01, 0x05, 0x00, 0x00, 0x22, 0x7A, 0xCA, 0xFD, 0xFF, 0xEB, 0x97, 0x27, 0x00,
    0x00, 0x06, 0x01, 0x00, 0x01, 0x01, 0x01, 0x01, 0x00, 0x00, 0x00, 0x00, 0x00, 0x00, 0x00, 0x00,
    0x00, 0x00, 0x00, 0x00, 0x00, 0x00, 0x00, 0x00, 0x00, 0x00, 0x00, 0x00, 0x01, 0x00, 0x03, 0x00,
    0x00, 0x28, 0x70, 0xAE, 0xB7, 0x7C, 0x24, 0x00, 0x00, 0x07, 0x02, 0x00, 0x00, 0x00, 0x03, 0x00,
    0x00, 0x07, 0x31, 0x81, 0xDF, 0xFE, 0xFF, 0xFF, 0xFC, 0xB0, 0x2E, 0x00, 0x00, 0x07, 0x02, 0x00,
    0x00, 0x00, 0x00, 0x01, 0x04, 0x02, 0x01, 0x0A, 0x38, 0x7A, 0xAD, 0xBB, 0x9C, 0x58, 0x16, 0x00,
    0x00, 0x04, 0x01, 0x00, 0x00, 0x00, 0x00, 0x00, 0x00, 0x00, 0x00, 0x00, 0x00, 0x00, 0x00, 0x00,
    0x00, 0x00, 0x00, 0x00, 0x00, 0x00, 0x00, 0x00, 0x00, 0x00, 0x00, 0x00, 0x00, 0x00, 0x01, 0x00,
    0x00, 0x0A, 0x1D, 0x2E, 0x31, 0x1F, 0x04, 0x00, 0x00, 0x02, 0x00, 0x00, 0x00, 0x01, 0x04, 0x00,
    0x00, 0x10, 0x4D, 0x9C, 0xE5, 0xFD, 0xFE, 0xFD, 0xF0, 0xA2, 0x2A, 0x00, 0x00, 0x06, 0x02, 0x00,
    0x00, 0x00, 0x00, 0x00, 0x01, 0x00, 0x00, 0x00, 0x0B, 0x1E, 0x2D, 0x31, 0x28, 0x15, 0x05, 0x00,
    0x00, 0x01, 0x00, 0x00, 0x00, 0x00, 0x00, 0x00, 0x00, 0x00, 0x00, 0x00, 0x00, 0x00, 0x00, 0x00,
    0x00, 0x00, 0x00, 0x00, 0x00, 0x00, 0x00, 0x00, 0x00, 0x00, 0x00, 0x00, 0x00, 0x00, 0x00, 0x00,
    0x00, 0x00, 0x00, 0x00, 0x00, 0x00, 0x00, 0x05, 0x02, 0x00, 0x00, 0x00, 0x00, 0x01, 0x04, 0x00,
    0x00, 0x13, 0x57, 0xA9, 0xF0, 0xFF, 0xFF, 0xFF, 0xF0, 0xA0, 0x29, 0x00, 0x00, 0x06, 0x02, 0x00,
    0x00, 0x00, 0x00, 0x00, 0x00, 0x00, 0x01, 0x01, 0x00, 0x00, 0x00, 0x00, 0x00, 0x00, 0x00, 0x00,
    0x00, 0x00, 0x00, 0x00, 0x00, 0x00, 0x00, 0x00, 0x00, 0x00, 0x00, 0x00, 0x00, 0x00, 0x00, 0x00,
    0x00, 0x00, 0x00, 0x00, 0x00, 0x00, 0x00, 0x00, 0x00, 0x00, 0x00, 0x00, 0x00, 0x00, 0x00, 0x00,
    0x00, 0x00, 0x00, 0x00, 0x00, 0x00, 0x00, 0x01, 0x00, 0x00, 0x00, 0x00, 0x00, 0x01, 0x04, 0x00,
    0x00, 0x0E, 0x4A, 0x9F, 0xF1, 0xFF, 0xFF, 0xFF, 0xED, 0x9C, 0x28, 0x00, 0x00, 0x06, 0x01, 0x00,
    0x00, 0x00, 0x00, 0x00, 0x00, 0x00, 0x00, 0x00, 0x00, 0x00, 0x00, 0x00, 0x00, 0x00, 0x00, 0x00,
    0x00, 0x00, 0x00, 0x00, 0x00, 0x00, 0x00, 0x00, 0x00, 0x00, 0x00, 0x00, 0x00, 0x00, 0x00, 0x00,
    0x00, 0x00, 0x00, 0x00, 0x00, 0x00, 0x00, 0x00, 0x00, 0x00, 0x00, 0x00, 0x00, 0x00, 0x00, 0x00,
    0x00, 0x02, 0x04, 0x06, 0x07, 0x05, 0x02, 0x00, 0x00, 0x00, 0x00, 0x00, 0x00, 0x01, 0x02, 0x00,
    0x01, 0x06, 0x26, 0x6A, 0xC4, 0xEF, 0xF5, 0xE2, 0xB6, 0x6B, 0x19, 0x00, 0x00, 0x05, 0x01, 0x00,
    0x00, 0x00, 0x00, 0x00, 0x00, 0x00, 0x00, 0x01, 0x02, 0x05, 0x06, 0x07, 0x06, 0x03, 0x01, 0x00,
    0x00, 0x00, 0x00, 0x00, 0x00, 0x00, 0x00, 0x00, 0x00, 0x00, 0x00, 0x00, 0x00, 0x00, 0x00, 0x00,
    0x00, 0x00, 0x00, 0x00, 0x00, 0x00, 0x00, 0x00, 0x00, 0x00, 0x00, 0x00, 0x00, 0x00, 0x00, 0x00,
    0x00, 0x00, 0x01, 0x02, 0x02, 0x01, 0x00, 0x00, 0x00, 0x00, 0x00, 0x00, 0x00, 0x00, 0x01, 0x01,
    0x03, 0x01, 0x09, 0x34, 0x8B, 0xCE, 0xDF, 0xB9, 0x71, 0x2D, 0x08, 0x00, 0x00, 0x03, 0x00, 0x00,
    0x00, 0x00, 0x00, 0x00, 0x00, 0x00, 0x00, 0x00, 0x01, 0x01, 0x01, 0x02, 0x01, 0x01, 0x00, 0x00,
    0x00, 0x00, 0x00, 0x00, 0x00, 0x00, 0x00, 0x00, 0x00, 0x00, 0x00, 0x00, 0x00, 0x00, 0x00, 0x00,
    0x00, 0x00, 0x00, 0x00, 0x00, 0x00, 0x00, 0x00, 0x00, 0x00, 0x00, 0x00, 0x00, 0x00, 0x00, 0x00,
    0x00, 0x00, 0x00, 0x00, 0x00, 0x00, 0x00, 0x00, 0x00, 0x00, 0x00, 0x00, 0x00, 0x00, 0x00, 0x01,
    0x05, 0x00, 0x00, 0x17, 0x6B, 0xBA, 0xD2, 0xA2, 0x4A, 0x0B, 0x00, 0x00, 0x00, 0x01, 0x00, 0x00,
    0x00, 0x00, 0x00, 0x00, 0x00, 0x00, 0x00, 0x00, 0x00, 0x00, 0x00, 0x00, 0x00, 0x00, 0x00, 0x00,
    0x00, 0x00, 0x00, 0x00, 0x00, 0x00, 0x00, 0x00, 0x00, 0x00, 0x00, 0x00, 0x00, 0x00, 0x00, 0x00
};
#define APP_ICON_SETTINGS_W 80
#define APP_ICON_SETTINGS_H 80
// RGB565A8: 6400 RGB565 pixels (little-endian) followed by 6400 alpha bytes
static const uint8_t app_icon_settings_data[19200] = {
    0x00, 0x00, 0x00, 0x00, 0x00, 0x00, 0x00, 0x00, 0x00, 0x00, 0x00, 0x00, 0x00, 0x00, 0x00, 0x00,
    0x00, 0x00, 0x00, 0x00, 0x00, 0x00, 0x00, 0x00, 0x00, 0x00, 0x00, 0x00, 0x00, 0x00, 0x00, 0x00,
    0x00, 0x00, 0x00, 0x00, 0x00, 0x00, 0x00, 0x00, 0x00, 0x00, 0x00, 0x00, 0x00, 0x00, 0x00, 0x00,
    0x00, 0x00, 0x00, 0x00, 0x00, 0x00, 0x00, 0x00, 0x00, 0x00, 0x00, 0x00, 0x00, 0x00, 0xE7, 0x39,
    0x86, 0x31, 0x45, 0x29, 0x49, 0x4A, 0x49, 0x4A, 0xE7, 0x39, 0xEB, 0x5A, 0xEB, 0x5A, 0xEB, 0x5A,
    0xEB, 0x5A, 0xEB, 0x5A, 0xEB, 0x5A, 0x49, 0x4A, 0x49, 0x4A, 0xAA, 0x52, 0x86, 0x31, 0xE7, 0x39,
    0x00, 0x00, 0x00, 0x00, 0x00, 0x00, 0x00, 0x00, 0x00, 0x00, 0x00, 0x00, 0x00, 0x00, 0x00, 0x00,
    0x00, 0x00, 0x00, 0x00, 0x00, 0x00, 0x00, 0x00, 0x00, 0x00, 0x00, 0x00, 0x00, 0x00, 0x00, 0x00,
    0x00, 0x00, 0x00, 0x00, 0x00, 0x00, 0x00, 0x00, 0x00, 0x00, 0x00, 0x00, 0x00, 0x00, 0x00, 0x00,
    0x00, 0x00, 0x00, 0x00, 0x00, 0x00, 0x00, 0x00, 0x00, 0x00, 0x00, 0x00, 0x00, 0x00, 0x00, 0x00,
    0x00, 0x00, 0x00, 0x00, 0x00, 0x00, 0x00, 0x00, 0x00, 0x00, 0x00, 0x00, 0x00, 0x00, 0x00, 0x00,
    0x00, 0x00, 0x00, 0x00, 0x00, 0x00, 0x00, 0x00, 0x00, 0x00, 0x00, 0x00, 0x00, 0x00, 0x00, 0x00,
    0x00, 0x00, 0x00, 0x00, 0x00, 0x00, 0x00, 0x00, 0x00, 0x00, 0x00, 0x00, 0x00, 0x00, 0x00, 0x00,
    0x00, 0x00, 0x00, 0x00, 0x00, 0x00, 0x00, 0x00, 0xFF, 0xFF, 0x00, 0x00, 0x00, 0x00, 0x00, 0x00,
    0x00, 0x00, 0x00, 0x00, 0x00, 0x00, 0x00, 0x00, 0x00, 0x00, 0x00, 0x00, 0x00, 0x00, 0x00, 0x00,
    0x00, 0x00, 0x00, 0x00, 0x00, 0x00, 0x00, 0x00, 0x00, 0x00, 0x00, 0x00, 0x00, 0x00, 0x00, 0x00,
    0x00, 0x00, 0x00, 0x00, 0xFF, 0xFF, 0xFF, 0xFF, 0x00, 0x00, 0x00, 0x00, 0x00, 0x00, 0x00, 0x00,
    0x00, 0x00, 0x00, 0x00, 0x00, 0x00, 0x00, 0x00, 0x00, 0x00, 0x00, 0x00, 0x00, 0x00, 0x00, 0x00,
    0x00, 0x00, 0x00, 0x00, 0x00, 0x00, 0x00, 0x00, 0x00, 0x00, 0x00, 0x00, 0x00, 0x00, 0x00, 0x00,
    0x00, 0x00, 0x00, 0x00, 0x00, 0x00, 0x00, 0x00, 0x00, 0x00, 0x00, 0x00, 0x00, 0x00, 0x00, 0x00,
    0x00, 0x00, 0x00, 0x00, 0x00, 0x00, 0x00, 0x00, 0x00, 0x00, 0x00, 0x00, 0x00, 0x00, 0x00, 0x00,
    0x00, 0x00, 0x00, 0x00, 0x00, 0x00, 0x00, 0x00, 0x00, 0x00, 0x00, 0x00, 0x00, 0x00, 0x00, 0x00,
    0x00, 0x00, 0x00, 0x00, 0x00, 0x00, 0x00, 0x00, 0x00, 0x00, 0x00, 0x00, 0x00, 0x00, 0x00, 0x00,
    0x00, 0x00, 0x00, 0x00, 0xE7, 0x39, 0xAA, 0x52, 0xAA, 0x52, 0xF7, 0xBD, 0x00, 0x00, 0x00, 0x00,
    0x00, 0x00, 0x00, 0x00, 0x00, 0x00, 0x00, 0x00, 0x00, 0x00, 0x00, 0x00, 0x00, 0x00, 0x00, 0x00,
    0x00, 0x00, 0x00, 0x00, 0x00, 0x00, 0x00, 0x00, 0x00, 0x00, 0x00, 0x00, 0x00, 0x00, 0x00, 0x00,
    0x00, 0x00, 0xFF, 0xFF, 0xD3, 0x9C, 0xAA, 0x52, 0x86, 0x31, 0xAA, 0x52, 0x00, 0x00, 0x00, 0x00,
    0x00, 0x00, 0x00, 0x00, 0x00, 0x00, 0x00, 0x00, 0x00, 0x00, 0x00, 0x00, 0x00, 0x00, 0x00, 0x00,
    0x00, 0x00, 0x00, 0x00, 0x00, 0x00, 0x00, 0x00, 0x00, 0x00, 0x00, 0x00, 0x00, 0x00, 0x00, 0x00,
    0x00, 0x00, 0x00, 0x00, 0x00, 0x00, 0x00, 0x00, 0x00, 0x00, 0x00, 0x00, 0x00, 0x00, 0x00, 0x00,
    0x00, 0x00, 0x00, 0x00, 0x00, 0x00, 0x00, 0x00, 0x00, 0x00, 0x00, 0x00, 0x00, 0x00, 0x00, 0x00,
    0x00, 0x00, 0x00, 0x00, 0x00, 0x00, 0x00, 0x00, 0x00, 0x00, 0x00, 0x00, 0x00, 0x00, 0x00, 0x00,
    0x00, 0x00, 0x00, 0x00, 0x00, 0x00, 0x00, 0x00, 0x00, 0x00, 0x00, 0x00, 0x00, 0x00, 0xFF, 0xFF,
    0x00, 0x00, 0x00, 0x00, 0x00, 0x00, 0x00, 0x00, 0x00, 0x00, 0x00, 0x00, 0x00, 0x00, 0x00, 0x00,
    0x61, 0x08, 0x24, 0x21, 0xA6, 0x31, 0x28, 0x42, 0x49, 0x4A, 0x69, 0x4A, 0xAA, 0x52, 0xCB, 0x5A,
    0xAA, 0x52, 0x8A, 0x52, 0x69, 0x4A, 0x28, 0x42, 0xE7, 0x39, 0xA6, 0x31, 0xA2, 0x10, 0x00, 0x00,
    0x00, 0x00, 0x00, 0x00, 0x00, 0x00, 0x00, 0x00, 0x00, 0x00, 0x00, 0x00, 0x00, 0x00, 0x00, 0x00,
    0x00, 0x00, 0x00, 0x00, 0x00, 0x00, 0x00, 0x00, 0x00, 0x00, 0x00, 0x00, 0x00, 0x00, 0x00, 0x00,
    0x00, 0x00, 0x00, 0x00, 0x00, 0x00, 0x00, 0x00, 0x00, 0x00, 0x00, 0x00, 0x00, 0x00, 0x00, 0x00,
    0x00, 0x00, 0x00, 0x00, 0x00, 0x00, 0x00, 0x00, 0x00, 0x00, 0x00, 0x00, 0x00, 0x00, 0x00, 0x00,
    0x00, 0x00, 0x00, 0x00, 0x00, 0x00, 0x00, 0x00, 0x00, 0x00, 0x00, 0x00, 0x00, 0x00, 0x00, 0x00,
    0x00, 0x00, 0x00, 0x00, 0x00, 0x00, 0x00, 0x00, 0x00, 0x00, 0x00, 0x00, 0x00, 0x00, 0x00, 0x00,
    0x00, 0x00, 0x00, 0x00, 0x00, 0x00, 0x00, 0x00, 0x00, 0x00, 0x00, 0x00, 0x86, 0x31, 0x2C, 0x63,
    0xFF, 0xFF, 0x00, 0x00, 0x00, 0x00, 0x00, 0x00, 0x00, 0x00, 0x00, 0x00, 0x00, 0x00, 0x82, 0x10,
    0x24, 0x21, 0xA6, 0x31, 0x08, 0x42, 0x28, 0x42, 0x69, 0x4A, 0x8A, 0x52, 0xAA, 0x52, 0xCB, 0x5A,
    0xCB, 0x5A, 0xAA, 0x52, 0x8A, 0x52, 0x49, 0x4A, 0x28, 0x42, 0xE7, 0x39, 0x65, 0x29, 0xC3, 0x18,
    0x00, 0x00, 0x00, 0x00, 0x00, 0x00, 0x00, 0x00, 0x00, 0x00, 0x00, 0x00, 0x00, 0x00, 0xF7, 0xBD,
    0xAA, 0x52, 0xE7, 0x39, 0x00, 0x00, 0x00, 0x00, 0x00, 0x00, 0x00, 0x00, 0x00, 0x00, 0x00, 0x00,
    0x00, 0x00, 0x00, 0x00, 0x00, 0x00, 0x00, 0x00, 0x00, 0x00, 0x00, 0x00, 0x00, 0x00, 0x00, 0x00,
    0x00, 0x00, 0x00, 0x00, 0x00, 0x00, 0x00, 0x00, 0x00, 0x00, 0x00, 0x00, 0x00, 0x00, 0x00, 0x00,
    0x00, 0x00, 0x00, 0x00, 0x00, 0x00, 0x00, 0x00, 0x00, 0x00, 0x00, 0x00, 0x00, 0x00, 0x00, 0x00,
    0x00, 0x00, 0x00, 0x00, 0x00, 0x00, 0x00, 0x00, 0x00, 0x00, 0x00, 0x00, 0x00, 0x00, 0x00, 0x00,
    0x00, 0x00, 0x00, 0x00, 0x00, 0x00, 0x00, 0x00, 0x00, 0x00, 0x00, 0x00, 0x00, 0x00, 0x00, 0x00,
    0x00, 0x00, 0x00, 0x00, 0x45, 0x29, 0x28, 0x42, 0x8A, 0x52, 0x49, 0x4A, 0xE7, 0x39, 0xE7, 0x39,
    0x08, 0x42, 0x28, 0x42, 0x49, 0x4A, 0x69, 0x4A, 0x8A, 0x52, 0xAA, 0x52, 0xCB, 0x5A, 0xCB, 0x5A,
    0xCB, 0x5A, 0xCB, 0x5A, 0xAA, 0x52, 0x8A, 0x52, 0x49, 0x4A, 0x28, 0x42, 0x08, 0x42, 0x08, 0x42,
    0xE7, 0x39, 0xE7, 0x39, 0x69, 0x4A, 0xAA, 0x52, 0xA6, 0x31, 0x00, 0x00, 0x00, 0x00, 0x00, 0x00,
    0x00, 0x00, 0x00, 0x00, 0x00, 0x00, 0xFF, 0xFF, 0x00, 0x00, 0x00, 0x00, 0x00, 0x00, 0x00, 0x00,
    0x00, 0x00, 0x00, 0x00, 0x00, 0x00, 0x00, 0x00, 0x00, 0x00, 0x00, 0x00, 0x00, 0x00, 0x00, 0x00,
    0x00, 0x00, 0x00, 0x00, 0x00, 0x00, 0x00, 0x00, 0x00, 0x00, 0x00, 0x00, 0x00, 0x00, 0x00, 0x00,
    0x00, 0x00, 0x00, 0x00, 0x00, 0x00, 0x00, 0x00, 0x00, 0x00, 0x00, 0x00, 0x00, 0x00, 0x00, 0x00,
    0x00, 0x00, 0x00, 0x00, 0x00, 0x00, 0x00, 0x00, 0x00, 0x00, 0x00, 0x00, 0x00, 0x00, 0x00, 0x00,
    0x00, 0x00, 0x00, 0x00, 0x00, 0x00, 0x86, 0x31, 0xD3, 0x9C, 0x00, 0x00, 0x00, 0x00, 0x00, 0x00,
    0x00, 0x00, 0x61, 0x08, 0xA6, 0x31, 0x69, 0x4A, 0xEB, 0x5A, 0x0C, 0x63, 0xEB, 0x5A, 0xCB, 0x5A,
    0xCB, 0x5A, 0xCB, 0x5A, 0xCB, 0x5A, 0xCB, 0x5A, 0xEB, 0x5A, 0x0C, 0x63, 0xEB, 0x5A, 0xEB, 0x5A,
    0xEB, 0x5A, 0x0C, 0x63, 0x0C, 0x63, 0xEB, 0x5A, 0xAA, 0x52, 0xAA, 0x52, 0xCB, 0x5A, 0xCB, 0x5A,
    0xCB, 0x5A, 0xEB, 0x5A, 0xEB, 0x5A, 0xAA, 0x52, 0x08, 0x42, 0x04, 0x21, 0x00, 0x00, 0x00, 0x00,
    0x00, 0x00, 0x00, 0x00, 0xFF, 0xFF, 0xAA, 0x52, 0xE7, 0x39, 0x00, 0x00, 0x00, 0x00, 0x00, 0x00,
    0x00, 0x00, 0x00, 0x00, 0x00, 0x00, 0x00, 0x00, 0x00, 0x00, 0x00, 0x00, 0x00, 0x00, 0x00, 0x00,
    0x00, 0x00, 0x00, 0x00, 0x00, 0x00, 0x00, 0x00, 0x00, 0x00, 0x00, 0x00, 0x00, 0x00, 0x00, 0x00,
    0x00, 0x00, 0x00, 0x00, 0x00, 0x00, 0x00, 0x00, 0x00, 0x00, 0x00, 0x00, 0x00, 0x00, 0x00, 0x00,
    0x00, 0x00, 0x00, 0x00, 0x00, 0x00, 0x00, 0x00, 0x00, 0x00, 0x00, 0x00, 0x00, 0x00, 0x00, 0x00,
    0x00, 0x00, 0x00, 0x00, 0x00, 0x00, 0x00, 0x00, 0x00, 0x00, 0x00, 0x00, 0xA6, 0x31, 0x08, 0x42,
    0xC7, 0x39, 0x08, 0x42, 0x49, 0x4A, 0x8A, 0x52, 0xEB, 0x5A, 0x4D, 0x6B, 0x4D, 0x6B, 0x4D, 0x6B,
    0x4D, 0x6B, 0x4D, 0x6B, 0x4D, 0x6B, 0x4D, 0x6B, 0x0C, 0x63, 0x2C, 0x63, 0x4D, 0x6B, 0x6D, 0x6B,
    0x4D, 0x6B, 0x0C, 0x63, 0x0C, 0x63, 0x2C, 0x63, 0x6D, 0x6B, 0x6D, 0x6B, 0x4D, 0x6B, 0x2C, 0x63,
    0x4D, 0x6B, 0x4D, 0x6B, 0x2C, 0x63, 0xCB, 0x5A, 0x69, 0x4A, 0x28, 0x42, 0x08, 0x42, 0x28, 0x42,
    0x08, 0x42, 0xE3, 0x18, 0x00, 0x00, 0x00, 0x00, 0x00, 0x00, 0x00, 0x00, 0x00, 0x00, 0x00, 0x00,
    0x00, 0x00, 0x00, 0x00, 0x00, 0x00, 0x00, 0x00, 0x00, 0x00, 0x00, 0x00, 0x00, 0x00, 0x00, 0x00,
    0x00, 0x00, 0x00, 0x00, 0x00, 0x00, 0x00, 0x00, 0x00, 0x00, 0x00, 0x00, 0x00, 0x00, 0x00, 0x00,
    0x00, 0x00, 0x00, 0x00, 0x00, 0x00, 0x00, 0x00, 0x00, 0x00, 0x00, 0x00, 0x00, 0x00, 0x00, 0x00,
    0x00, 0x00, 0x00, 0x00, 0x00, 0x00, 0x00, 0x00, 0x00, 0x00, 0x00, 0x00, 0x00, 0x00, 0x00, 0x00,
    0x45, 0x29, 0x55, 0xAD, 0x00, 0x00, 0x00, 0x00, 0x00, 0x00, 0x61, 0x08, 0x08, 0x42, 0x8A, 0x52,
    0xCB, 0x5A, 0xEB, 0x5A, 0xEB, 0x5A, 0xCB, 0x5A, 0x0C, 0x63, 0x2C, 0x63, 0x2C, 0x63, 0x2C, 0x63,
    0x4D, 0x6B, 0xAE, 0x73, 0x10, 0x84, 0xCF, 0x7B, 0x2C, 0x63, 0x4D, 0x6B, 0xEF, 0x7B, 0x51, 0x8C,
    0xEF, 0x7B, 0x4D, 0x6B, 0xEB, 0x5A, 0x4D, 0x6B, 0x30, 0x84, 0x51, 0x8C, 0x8E, 0x73, 0x0C, 0x63,
    0x0C, 0x63, 0x2C, 0x63, 0x2C, 0x63, 0x0C, 0x63, 0xCB, 0x5A, 0xEB, 0x5A, 0x0C, 0x63, 0xEB, 0x5A,
    0x49, 0x4A, 0x45, 0x29, 0x00, 0x00, 0x00, 0x00, 0x00, 0x00, 0xFF, 0xFF, 0xE7, 0x39, 0x00, 0x00,
    0x00, 0x00, 0x00, 0x00, 0x00, 0x00, 0x00, 0x00, 0x00, 0x00, 0x00, 0x00, 0x00, 0x00, 0x00, 0x00,
    0x00, 0x00, 0x00, 0x00, 0x00, 0x00, 0x00, 0x00, 0x00, 0x00, 0x00, 0x00, 0x00, 0x00, 0x00, 0x00,
    0x00, 0x00, 0x00, 0x00, 0x00, 0x00, 0x00, 0x00, 0x00, 0x00, 0x00, 0x00, 0x00, 0x00, 0x00, 0x00,
    0x00, 0x00, 0x00, 0x00, 0x00, 0x00, 0x00, 0x00, 0x00, 0x00, 0x00, 0x00, 0xEF, 0x7B, 0x00, 0x00,
    0x00, 0x00, 0x00, 0x00, 0x00, 0x00, 0xA6, 0x31, 0xC7, 0x39, 0x28, 0x42, 0x69, 0x4A, 0xAA, 0x52,
    0x2C, 0x63, 0x2C, 0x63, 0x2C, 0x63, 0x4D, 0x6B, 0x8E, 0x73, 0x8E, 0x73, 0x2C, 0x63, 0xEB, 0x5A,
    0x2C, 0x63, 0xEF, 0x7B, 0xB2, 0x94, 0x51, 0x8C, 0x2C, 0x63, 0x2C, 0x63, 0x71, 0x8C, 0xF3, 0x9C,
    0x71, 0x8C, 0x6D, 0x6B, 0xEB, 0x5A, 0x8E, 0x73, 0xF3, 0x9C, 0xD3, 0x9C, 0x6D, 0x6B, 0xAA, 0x52,
    0xEB, 0x5A, 0x4D, 0x6B, 0x6D, 0x6B, 0x6D, 0x6B, 0x4D, 0x6B, 0x2C, 0x63, 0x4D, 0x6B, 0xEB, 0x5A,
    0x69, 0x4A, 0x28, 0x42, 0x28, 0x42, 0x28, 0x42, 0x61, 0x08, 0x00, 0x00, 0x00, 0x00, 0x00, 0x00,
    0x00, 0x00, 0x00, 0x00, 0x00, 0x00, 0x00, 0x00, 0x00, 0x00, 0x00, 0x00, 0x00, 0x00, 0x00, 0x00,
    0x00, 0x00, 0x00, 0x00, 0x00, 0x00, 0x00, 0x00, 0x00, 0x00, 0x00, 0x00, 0x00, 0x00, 0x00, 0x00,
    0x00, 0x00, 0x00, 0x00, 0x00, 0x00, 0x00, 0x00, 0x00, 0x00, 0x00, 0x00, 0x00, 0x00, 0x00, 0x00,
    0x00, 0x00, 0x00, 0x00, 0x00, 0x00, 0x00, 0x00, 0x00, 0x00, 0x00, 0x00, 0xE7, 0x39, 0x00, 0x00,
    0x00, 0x00, 0x00, 0x00, 0xE3, 0x18, 0xE7, 0x39, 0xAA, 0x52, 0x0C, 0x63, 0xEB, 0x5A, 0xEB, 0x5A,
    0x0C, 0x63, 0xEB, 0x5A, 0xEB, 0x5A, 0xAE, 0x73, 0xB2, 0x94, 0xB2, 0x94, 0x8E, 0x73, 0xEB, 0x5A,
    0x2C, 0x63, 0x30, 0x84, 0x75, 0xAD, 0xF3, 0x9C, 0x6D, 0x6B, 0x4D, 0x6B, 0xB2, 0x94, 0x75, 0xAD,
    0xF3, 0x9C, 0xEF, 0x7B, 0x4D, 0x6B, 0x10, 0x84, 0x75, 0xAD, 0x55, 0xAD, 0x8E, 0x73, 0xAA, 0x52,
    0x4D, 0x6B, 0x30, 0x84, 0x51, 0x8C, 0x10, 0x84, 0x6D, 0x6B, 0x0C, 0x63, 0xEB, 0x5A, 0xEB, 0x5A,
    0xCB, 0x5A, 0xEB, 0x5A, 0xEB, 0x5A, 0x8A, 0x52, 0x45, 0x29, 0x00, 0x00, 0x00, 0x00, 0x00, 0x00,
    0xAA, 0x52, 0x86, 0x31, 0x00, 0x00, 0x00, 0x00, 0x00, 0x00, 0x00, 0x00, 0x00, 0x00, 0x00, 0x00,
    0x00, 0x00, 0x00, 0x00, 0x00, 0x00, 0x00, 0x00, 0x00, 0x00, 0x00, 0x00, 0x00, 0x00, 0x00, 0x00,
    0x00, 0x00, 0x00, 0x00, 0x00, 0x00, 0x00, 0x00, 0x00, 0x00, 0x00, 0x00, 0x00, 0x00, 0x00, 0x00,
    0x00, 0x00, 0x00, 0x00, 0x00, 0x00, 0x00, 0x00, 0xEF, 0x7B, 0x00, 0x00, 0x00, 0x00, 0x00, 0x00,
    0xA6, 0x31, 0xA6, 0x31, 0xE7, 0x39, 0x69, 0x4A, 0xEB, 0x5A, 0x6D, 0x6B, 0x6D, 0x6B, 0x4D, 0x6B,
    0x6D, 0x6B, 0x0C, 0x63, 0xAA, 0x52, 0x6D, 0x6B, 0xF3, 0x9C, 0x55, 0xAD, 0x71, 0x8C, 0x8E, 0x73,
    0xCF, 0x7B, 0xB2, 0x94, 0xD7, 0xBD, 0x96, 0xB5, 0x71, 0x8C, 0x30, 0x84, 0x55, 0xAD, 0xD7, 0xBD,
    0x75, 0xAD, 0xD3, 0x9C, 0x71, 0x8C, 0xF3, 0x9C, 0xF7, 0xBD, 0x75, 0xAD, 0xEF, 0x7B, 0x4D, 0x6B,
    0x30, 0x84, 0xD3, 0x9C, 0xD3, 0x9C, 0x10, 0x84, 0x2C, 0x63, 0xEB, 0x5A, 0x4D, 0x6B, 0x8E, 0x73,
    0x2C, 0x63, 0x2C, 0x63, 0x4D, 0x6B, 0xCB, 0x5A, 0x49, 0x4A, 0x86, 0x31, 0x45, 0x29, 0x00, 0x00,
    0x00, 0x00, 0x00, 0x00, 0x00, 0x00, 0x00, 0x00, 0x00, 0x00, 0x00, 0x00, 0x00, 0x00, 0x00, 0x00,
    0x00, 0x00, 0x00, 0x00, 0x00, 0x00, 0x00, 0x00, 0x00, 0x00, 0x00, 0x00, 0x00, 0x00, 0x00, 0x00,
    0x00, 0x00, 0x00, 0x00, 0x00, 0x00, 0x00, 0x00, 0x00, 0x00, 0x00, 0x00, 0x00, 0x00, 0x00, 0x00,
    0x00, 0x00, 0x00, 0x00, 0x00, 0x00, 0x00, 0x00, 0xEB, 0x5A, 0x00, 0x00, 0x00, 0x00, 0xC3, 0x18,
    0xE7, 0x39, 0x49, 0x4A, 0xAA, 0x52, 0xEB, 0x5A, 0x2C, 0x63, 0x4D, 0x6B, 0x8E, 0x73, 0xEF, 0x7B,
    0x71, 0x8C, 0xEF, 0x7B, 0xEB, 0x5A, 0x2C, 0x63, 0x92, 0x94, 0x75, 0xAD, 0x55, 0xAD, 0xF3, 0x9C,
    0xD3, 0x9C, 0x34, 0xA5, 0xD7, 0xBD, 0xF7, 0xBD, 0x96, 0xB5, 0x96, 0xB5, 0xD7, 0xBD, 0x18, 0xC6,
    0xF7, 0xBD, 0xB6, 0xB5, 0x96, 0xB5, 0xD7, 0xBD, 0x18, 0xC6, 0xB6, 0xB5, 0xD3, 0x9C, 0xB2, 0x94,
    0x55, 0xAD, 0x75, 0xAD, 0xD3, 0x9C, 0xAE, 0x73, 0xEB, 0x5A, 0x4D, 0x6B, 0x71, 0x8C, 0xB2, 0x94,
    0xAE, 0x73, 0x0C, 0x63, 0x0C, 0x63, 0x2C, 0x63, 0x0C, 0x63, 0x8A, 0x52, 0xE7, 0x39, 0xE3, 0x18,
    0x00, 0x00, 0x00, 0x00, 0xEF, 0x7B, 0x45, 0x29, 0x00, 0x00, 0x00, 0x00, 0x00, 0x00, 0x00, 0x00,
    0x00, 0x00, 0x00, 0x00, 0x00, 0x00, 0x00, 0x00, 0x00, 0x00, 0x00, 0x00, 0x00, 0x00, 0x00, 0x00,
    0x00, 0x00, 0x00, 0x00, 0x00, 0x00, 0x00, 0x00, 0x00, 0x00, 0x00, 0x00, 0x00, 0x00, 0x00, 0x00,
    0x00, 0x00, 0x00, 0x00, 0xEF, 0x7B, 0x00, 0x00, 0x00, 0x00, 0x00, 0x00, 0x08, 0x42, 0x08, 0x42,
    0x69, 0x4A, 0xAA, 0x52, 0x4D, 0x6B, 0x4D, 0x6B, 0x0C, 0x63, 0xCB, 0x5A, 0x2C, 0x63, 0x10, 0x84,
    0x14, 0xA5, 0xF3, 0x9C, 0xCF, 0x7B, 0xAE, 0x73, 0xB2, 0x94, 0x96, 0xB5, 0xD7, 0xBD, 0xD7, 0xBD,
    0xD7, 0xBD, 0xD7, 0xBD, 0xD7, 0xBD, 0xF7, 0xBD, 0xF7, 0xBD, 0xF7, 0xBD, 0xD7, 0xBD, 0xB6, 0xB5,
    0xB6, 0xB5, 0xD7, 0xBD, 0xF7, 0xBD, 0xF7, 0xBD, 0xF7, 0xBD, 0xD7, 0xBD, 0x96, 0xB5, 0xD7, 0xBD,
    0x18, 0xC6, 0xD7, 0xBD, 0x14, 0xA5, 0x10, 0x84, 0x8E, 0x73, 0x30, 0x84, 0x34, 0xA5, 0x14, 0xA5,
    0x8E, 0x73, 0xAA, 0x52, 0xCB, 0x5A, 0x4D, 0x6B, 0x6D, 0x6B, 0x0C, 0x63, 0x8A, 0x52, 0xE7, 0x39,
    0x86, 0x31, 0x82, 0x10, 0x00, 0x00, 0x00, 0x00, 0x00, 0x00, 0x00, 0x00, 0x00, 0x00, 0x00, 0x00,
    0x00, 0x00, 0x00, 0x00, 0x00, 0x00, 0x00, 0x00, 0x00, 0x00, 0x00, 0x00, 0x00, 0x00, 0x00, 0x00,
    0x00, 0x00, 0x00, 0x00, 0x00, 0x00, 0x00, 0x00, 0x00, 0x00, 0x00, 0x00, 0x00, 0x00, 0x00, 0x00,
    0x00, 0x00, 0x00, 0x00, 0x49, 0x4A, 0x00, 0x00, 0x00, 0x00, 0x24, 0x21, 0x49, 0x4A, 0x69, 0x4A,
    0xCB, 0x5A, 0x2C, 0x63, 0x8E, 0x73, 0x6D, 0x6B, 0x2C, 0x63, 0xCB, 0x5A, 0xCB, 0x5A, 0xCF, 0x7B,
    0x55, 0xAD, 0xD7, 0xBD, 0x34, 0xA5, 0xF3, 0x9C, 0x75, 0xAD, 0xD7, 0xBD, 0x18, 0xC6, 0x18, 0xC6,
    0x18, 0xC6, 0xF7, 0xBD, 0x96, 0xB5, 0x75, 0xAD, 0x55, 0xAD, 0x34, 0xA5, 0x14, 0xA5, 0xF3, 0x9C,
    0xF3, 0x9C, 0x14, 0xA5, 0x34, 0xA5, 0x55, 0xAD, 0x96, 0xB5, 0xB6, 0xB5, 0xF7, 0xBD, 0x38, 0xC6,
    0x38, 0xC6, 0x18, 0xC6, 0x96, 0xB5, 0x34, 0xA5, 0xF3, 0x9C, 0x34, 0xA5, 0x75, 0xAD, 0xB2, 0x94,
    0x6D, 0x6B, 0xAA, 0x52, 0x0C, 0x63, 0x6D, 0x6B, 0x6D, 0x6B, 0x4D, 0x6B, 0x0C, 0x63, 0xAA, 0x52,
    0xE7, 0x39, 0x45, 0x29, 0xE3, 0x18, 0x00, 0x00, 0xFF, 0xFF, 0x86, 0x31, 0x00, 0x00, 0x00, 0x00,
    0x00, 0x00, 0x00, 0x00, 0x00, 0x00, 0x00, 0x00, 0x00, 0x00, 0x00, 0x00, 0x00, 0x00, 0x00, 0x00,
    0x00, 0x00, 0x00, 0x00, 0x00, 0x00, 0x00, 0x00, 0x00, 0x00, 0x00, 0x00, 0x00, 0x00, 0x00, 0x00,
    0xEF, 0x7B, 0x00, 0x00, 0x00, 0x00, 0x00, 0x00, 0xE7, 0x39, 0xE7, 0x39, 0x69, 0x4A, 0xAA, 0x52,
    0x0C, 0x63, 0x4D, 0x6B, 0x8E, 0x73, 0xCF, 0x7B, 0xEF, 0x7B, 0x8E, 0x73, 0x2C, 0x63, 0xCF, 0x7B,
    0x55, 0xAD, 0x38, 0xC6, 0xF7, 0xBD, 0xD7, 0xBD, 0xF7, 0xBD, 0xF7, 0xBD, 0xF7, 0xBD, 0xB6, 0xB5,
    0x55, 0xAD, 0x14, 0xA5, 0xB2, 0x94, 0x71, 0x8C, 0x30, 0x84, 0x10, 0x84, 0xEF, 0x7B, 0xEF, 0x7B,
    0xEF, 0x7B, 0x10, 0x84, 0x10, 0x84, 0x30, 0x84, 0x92, 0x94, 0xD3, 0x9C, 0x34, 0xA5, 0x55, 0xAD,
    0x96, 0xB5, 0xB6, 0xB5, 0xD7, 0xBD, 0x18, 0xC6, 0x18, 0xC6, 0xF7, 0xBD, 0x96, 0xB5, 0x92, 0x94,
    0x8E, 0x73, 0x6D, 0x6B, 0xEF, 0x7B, 0x10, 0x84, 0x8E, 0x73, 0x2C, 0x63, 0x4D, 0x6B, 0xEB, 0x5A,
    0x8A, 0x52, 0x08, 0x42, 0x65, 0x29, 0x00, 0x00, 0x00, 0x00, 0xEF, 0x7B, 0x00, 0x00, 0x00, 0x00,
    0x00, 0x00, 0x00, 0x00, 0x00, 0x00, 0x00, 0x00, 0x00, 0x00, 0x00, 0x00, 0x00, 0x00, 0x00, 0x00,
    0x00, 0x00, 0x00, 0x00, 0x00, 0x00, 0x00, 0x00, 0x00, 0x00, 0x00, 0x00, 0x00, 0x00, 0x00, 0x00,
    0x2C, 0x63, 0x00, 0x00, 0x00, 0x00, 0x69, 0x4A, 0x28, 0x42, 0x49, 0x4A, 0xCB, 0x5A, 0x0C, 0x63,
    0x0C, 0x63, 0x2C, 0x63, 0xAE, 0x73, 0x71, 0x8C, 0x14, 0xA5, 0xF3, 0x9C, 0x30, 0x84, 0x51, 0x8C,
    0x75, 0xAD, 0x18, 0xC6, 0x18, 0xC6, 0xF7, 0xBD, 0xF7, 0xBD, 0xF7, 0xBD, 0x96, 0xB5, 0xF3, 0x9C,
    0x10, 0x84, 0x8E, 0x73, 0x6D, 0x6B, 0x6D, 0x6B, 0x4D, 0x6B, 0x4D, 0x6B, 0x2C, 0x63, 0x2C, 0x63,
    0x4D, 0x6B, 0x4D, 0x6B, 0x4D, 0x6B, 0x4D, 0x6B, 0x6D, 0x6B, 0x8E, 0x73, 0xAE, 0x73, 0xEF, 0x7B,
    0x51, 0x8C, 0xF3, 0x9C, 0x96, 0xB5, 0xF7, 0xBD, 0x38, 0xC6, 0x18, 0xC6, 0xB6, 0xB5, 0xF3, 0x9C,
    0x30, 0x84, 0x71, 0x8C, 0x55, 0xAD, 0x14, 0xA5, 0xCF, 0x7B, 0x0C, 0x63, 0xEB, 0x5A, 0x2C, 0x63,
    0x0C, 0x63, 0xAA, 0x52, 0xC7, 0x39, 0x82, 0x10, 0x00, 0x00, 0xFF, 0xFF, 0x00, 0x00, 0xE7, 0x39,
    0x00, 0x00, 0x00, 0x00, 0x00, 0x00, 0x00, 0x00, 0x00, 0x00, 0x00, 0x00, 0x00, 0x00, 0x00, 0x00,
    0x00, 0x00, 0x00, 0x00, 0x00, 0x00, 0x00, 0x00, 0x00, 0x00, 0x00, 0x00, 0x00, 0x00, 0x00, 0x00,
    0xEF, 0x7B, 0x00, 0x00, 0x82, 0x10, 0xE7, 0x39, 0x49, 0x4A, 0xCB, 0x5A, 0x2C, 0x63, 0x2C, 0x63,
    0x2C, 0x63, 0xEB, 0x5A, 0x2C, 0x63, 0x30, 0x84, 0x96, 0xB5, 0xF7, 0xBD, 0x55, 0xAD, 0x14, 0xA5,
    0xB6, 0xB5, 0x18, 0xC6, 0xF7, 0xBD, 0xF7, 0xBD, 0xF7, 0xBD, 0xB6, 0xB5, 0x14, 0xA5, 0x10, 0x84,
    0x0C, 0x63, 0x8A, 0x52, 0xAA, 0x52, 0xEB, 0x5A, 0xEB, 0x5A, 0xEB, 0x5A, 0x0C, 0x63, 0x0C, 0x63,
    0xEB, 0x5A, 0xEB, 0x5A, 0xEB, 0x5A, 0xEB, 0x5A, 0xCB, 0x5A, 0xAA, 0x52, 0xAA, 0x52, 0xEB, 0x5A,
    0x6D, 0x6B, 0xEF, 0x7B, 0x92, 0x94, 0x14, 0xA5, 0x75, 0xAD, 0xD7, 0xBD, 0xF7, 0xBD, 0xB6, 0xB5,
    0x34, 0xA5, 0x55, 0xAD, 0xD7, 0xBD, 0x34, 0xA5, 0xAE, 0x73, 0xAA, 0x52, 0xEB, 0x5A, 0x4D, 0x6B,
    0x6D, 0x6B, 0x0C, 0x63, 0x8A, 0x52, 0xC7, 0x39, 0xA2, 0x10, 0x00, 0x00, 0x00, 0x00, 0xEF, 0x7B,
    0x00, 0x00, 0x00, 0x00, 0x00, 0x00, 0x00, 0x00, 0x00, 0x00, 0x00, 0x00, 0x00, 0x00, 0x00, 0x00,
    0x00, 0x00, 0x00, 0x00, 0x00, 0x00, 0x00, 0x00, 0x00, 0x00, 0x00, 0x00, 0xE7, 0x39, 0x00, 0x00,
    0x55, 0xAD, 0x24, 0x21, 0x24, 0x21, 0x08, 0x42, 0xAA, 0x52, 0x4D, 0x6B, 0x8E, 0x73, 0x8E, 0x73,
    0x6D, 0x6B, 0xEB, 0x5A, 0xAA, 0x52, 0x8E, 0x73, 0x34, 0xA5, 0x18, 0xC6, 0xF7, 0xBD, 0xB6, 0xB5,
    0xF7, 0xBD, 0xF7, 0xBD, 0xF7, 0xBD, 0x18, 0xC6, 0x18, 0xC6, 0x96, 0xB5, 0x92, 0x94, 0x6D, 0x6B,
    0xEB, 0x5A, 0xCB, 0x5A, 0x0C, 0x63, 0x2C, 0x63, 0x2C, 0x63, 0x4D, 0x6B, 0x8E, 0x73, 0x6D, 0x6B,
    0x0C, 0x63, 0x0C, 0x63, 0x6D, 0x6B, 0x6D, 0x6B, 0x0C, 0x63, 0xCB, 0x5A, 0xCB, 0x5A, 0xEB, 0x5A,
    0x2C, 0x63, 0x4D, 0x6B, 0x4D, 0x6B, 0xAE, 0x73, 0x51, 0x8C, 0x14, 0xA5, 0xD7, 0xBD, 0x18, 0xC6,
    0xD7, 0xBD, 0xB6, 0xB5, 0x96, 0xB5, 0x92, 0x94, 0x2C, 0x63, 0xCB, 0x5A, 0x4D, 0x6B, 0xAE, 0x73,
    0x6D, 0x6B, 0x4D, 0x6B, 0x2C, 0x63, 0xAA, 0x52, 0x65, 0x29, 0x00, 0x00, 0x00, 0x00, 0xF7, 0xBD,
    0x00, 0x00, 0x00, 0x00, 0x00, 0x00, 0x00, 0x00, 0x00, 0x00, 0x00, 0x00, 0x00, 0x00, 0x00, 0x00,
    0x00, 0x00, 0x00, 0x00, 0x00, 0x00, 0x00, 0x00, 0x00, 0x00, 0x00, 0x00, 0xE7, 0x39, 0x00, 0x00,
    0x00, 0x00, 0x24, 0x21, 0x08, 0x42, 0x8A, 0x52, 0xEB, 0x5A, 0x4D, 0x6B, 0x8E, 0x73, 0xCF, 0x7B,
    0x51, 0x8C, 0xEF, 0x7B, 0x6D, 0x6B, 0xCF, 0x7B, 0x34, 0xA5, 0x18, 0xC6, 0x38, 0xC6, 0xF7, 0xBD,
    0xD7, 0xBD, 0xB6, 0xB5, 0xD7, 0xBD, 0x18, 0xC6, 0x38, 0xC6, 0x75, 0xAD, 0x30, 0x84, 0x8E, 0x73,
    0x8E, 0x73, 0xAE, 0x73, 0x8E, 0x73, 0xAE, 0x73, 0x10, 0x84, 0x71, 0x8C, 0xB2, 0x94, 0x71, 0x8C,
    0xCF, 0x7B, 0xEF, 0x7B, 0x92, 0x94, 0x71, 0x8C, 0x6D, 0x6B, 0x0C, 0x63, 0x6D, 0x6B, 0x8E, 0x73,
    0x0C, 0x63, 0xCB, 0x5A, 0xCB, 0x5A, 0x0C, 0x63, 0x6D, 0x6B, 0x10, 0x84, 0xF3, 0x9C, 0xB6, 0xB5,
    0x18, 0xC6, 0xF7, 0xBD, 0x96, 0xB5, 0x92, 0x94, 0xAE, 0x73, 0xAE, 0x73, 0x51, 0x8C, 0x51, 0x8C,
    0x8E, 0x73, 0x2C, 0x63, 0x4D, 0x6B, 0xEB, 0x5A, 0x28, 0x42, 0x65, 0x29, 0xE7, 0x39, 0x00, 0x00,
    0x00, 0x00, 0xAA, 0x52, 0x00, 0x00, 0x00, 0x00, 0x00, 0x00, 0x00, 0x00, 0x00, 0x00, 0x00, 0x00,
    0x00, 0x00, 0x00, 0x00, 0x00, 0x00, 0x00, 0x00, 0x00, 0x00, 0x00, 0x00, 0xFF, 0xFF, 0x00, 0x00,
    0x00, 0x00, 0xC7, 0x39, 0xAA, 0x52, 0x0C, 0x63, 0x2C, 0x63, 0x0C, 0x63, 0x4D, 0x6B, 0x10, 0x84,
    0x34, 0xA5, 0x96, 0xB5, 0x14, 0xA5, 0x14, 0xA5, 0xB6, 0xB5, 0x18, 0xC6, 0xF7, 0xBD, 0x75, 0xAD,
    0x14, 0xA5, 0x34, 0xA5, 0x96, 0xB5, 0x18, 0xC6, 0x38, 0xC6, 0x75, 0xAD, 0x51, 0x8C, 0x10, 0x84,
    0xD3, 0x9C, 0xD3, 0x9C, 0x10, 0x84, 0x10, 0x84, 0xF3, 0x9C, 0x96, 0xB5, 0xB6, 0xB5, 0x34, 0xA5,
    0xD3, 0x9C, 0x14, 0xA5, 0xD7, 0xBD, 0x55, 0xAD, 0xCF, 0x7B, 0x6D, 0x6B, 0x51, 0x8C, 0x51, 0x8C,
    0x4D, 0x6B, 0xCB, 0x5A, 0x0C, 0x63, 0x4D, 0x6B, 0x2C, 0x63, 0x2C, 0x63, 0xAE, 0x73, 0x92, 0x94,
    0x96, 0xB5, 0x18, 0xC6, 0xF7, 0xBD, 0x75, 0xAD, 0x14, 0xA5, 0x34, 0xA5, 0x75, 0xAD, 0xD3, 0x9C,
    0xAE, 0x73, 0x0C, 0x63, 0x0C, 0x63, 0x0C, 0x63, 0xAA, 0x52, 0x8A, 0x52, 0x49, 0x4A, 0x00, 0x00,
    0x00, 0x00, 0x2C, 0x63, 0xFF, 0xFF, 0x00, 0x00, 0x00, 0x00, 0x00, 0x00, 0x00, 0x00, 0x00, 0x00,
    0x00, 0x00, 0x00, 0x00, 0x00, 0x00, 0x00, 0x00, 0x00, 0x00, 0x00, 0x00, 0x00, 0x00, 0xEF, 0x7B,
    0x24, 0x21, 0x08, 0x42, 0xEB, 0x5A, 0x6D, 0x6B, 0x2C, 0x63, 0xCB, 0x5A, 0xCB, 0x5A, 0xAE, 0x73,
    0x34, 0xA5, 0x18, 0xC6, 0x18, 0xC6, 0xF7, 0xBD, 0xF7, 0xBD, 0x96, 0xB5, 0x14, 0xA5, 0x71, 0x8C,
    0x30, 0x84, 0x51, 0x8C, 0xB2, 0x94, 0x75, 0xAD, 0xF7, 0xBD, 0xB6, 0xB5, 0xF3, 0x9C, 0xF3, 0x9C,
    0xB6, 0xB5, 0xD7, 0xBD, 0x34, 0xA5, 0x34, 0xA5, 0xD7, 0xBD, 0x38, 0xC6, 0x18, 0xC6, 0xB6, 0xB5,
    0x75, 0xAD, 0xD7, 0xBD, 0x79, 0xCE, 0x38, 0xC6, 0x14, 0xA5, 0xD3, 0x9C, 0x75, 0xAD, 0x55, 0xAD,
    0x51, 0x8C, 0x8E, 0x73, 0x6D, 0x6B, 0x4D, 0x6B, 0x0C, 0x63, 0xEB, 0x5A, 0xEB, 0x5A, 0x8E, 0x73,
    0x92, 0x94, 0x75, 0xAD, 0xF7, 0xBD, 0x38, 0xC6, 0x18, 0xC6, 0xD7, 0xBD, 0x75, 0xAD, 0x71, 0x8C,
    0x4D, 0x6B, 0xCB, 0x5A, 0xEB, 0x5A, 0x2C, 0x63, 0x2C, 0x63, 0xCB, 0x5A, 0x08, 0x42, 0x00, 0x00,
    0x00, 0x00, 0x2C, 0x63, 0xFF, 0xFF, 0x00, 0x00, 0x00, 0x00, 0x00, 0x00, 0x00, 0x00, 0x00, 0x00,
    0x00, 0x00, 0x00, 0x00, 0x00, 0x00, 0x00, 0x00, 0xAA, 0x52, 0x00, 0x00, 0x00, 0x00, 0xCB, 0x5A,
    0x49, 0x4A, 0x69, 0x4A, 0xEB, 0x5A, 0x4D, 0x6B, 0x4D, 0x6B, 0xEB, 0x5A, 0xAA, 0x52, 0x2C, 0x63,
    0x71, 0x8C, 0x75, 0xAD, 0xF7, 0xBD, 0x18, 0xC6, 0xD7, 0xBD, 0xF3, 0x9C, 0xEF, 0x7B, 0x4D, 0x6B,
    0x4D, 0x6B, 0x6D, 0x6B, 0xAE, 0x73, 0x71, 0x8C, 0x75, 0xAD, 0xD7, 0xBD, 0x96, 0xB5, 0x96, 0xB5,
    0x38, 0xC6, 0x79, 0xCE, 0x79, 0xCE, 0x59, 0xCE, 0x18, 0xC6, 0xF7, 0xBD, 0xB6, 0xB5, 0x96, 0xB5,
    0x96, 0xB5, 0xD7, 0xBD, 0x38, 0xC6, 0x59, 0xCE, 0x79, 0xCE, 0x59, 0xCE, 0x18, 0xC6, 0xF7, 0xBD,
    0x96, 0xB5, 0xB2, 0x94, 0xAE, 0x73, 0x2C, 0x63, 0x2C, 0x63, 0x4D, 0x6B, 0x0C, 0x63, 0x0C, 0x63,
    0x6D, 0x6B, 0x51, 0x8C, 0x75, 0xAD, 0x38, 0xC6, 0x38, 0xC6, 0xB6, 0xB5, 0xB2, 0x94, 0xAE, 0x73,
    0xEB, 0x5A, 0xCB, 0x5A, 0x0C, 0x63, 0x6D, 0x6B, 0x6D, 0x6B, 0xCB, 0x5A, 0xE7, 0x39, 0xC3, 0x18,
    0x00, 0x00, 0xAA, 0x52, 0x00, 0x00, 0x00, 0x00, 0x00, 0x00, 0x00, 0x00, 0x00, 0x00, 0x00, 0x00,
    0x00, 0x00, 0x00, 0x00, 0x00, 0x00, 0x00, 0x00, 0x2C, 0x63, 0x00, 0x00, 0x00, 0x00, 0x28, 0x42,
    0x8A, 0x52, 0xCB, 0x5A, 0xEB, 0x5A, 0x4D, 0x6B, 0xEF, 0x7B, 0xEF, 0x7B, 0xAE, 0x73, 0xAE, 0x73,
    0x71, 0x8C, 0x34, 0xA5, 0xD7, 0xBD, 0xD7, 0xBD, 0x14, 0xA5, 0x10, 0x84, 0x2C, 0x63, 0xAA, 0x52,
    0xAA, 0x52, 0x0C, 0x63, 0x8E, 0x73, 0x71, 0x8C, 0x75, 0xAD, 0xF7, 0xBD, 0xF7, 0xBD, 0xF7, 0xBD,
    0x38, 0xC6, 0x59, 0xCE, 0x18, 0xC6, 0xB6, 0xB5, 0x34, 0xA5, 0xD3, 0x9C, 0xB2, 0x94, 0xB2, 0x94,
    0xB2, 0x94, 0xD3, 0x9C, 0xF3, 0x9C, 0x55, 0xAD, 0xF7, 0xBD, 0x18, 0xC6, 0xD7, 0xBD, 0x18, 0xC6,
    0x9A, 0xD6, 0xF7, 0xBD, 0x92, 0x94, 0xCF, 0x7B, 0xEF, 0x7B, 0xAE, 0x73, 0x2C, 0x63, 0xAA, 0x52,
    0xCB, 0x5A, 0x6D, 0x6B, 0x92, 0x94, 0x96, 0xB5, 0x18, 0xC6, 0x96, 0xB5, 0x92, 0x94, 0xCF, 0x7B,
    0xAE, 0x73, 0xCF, 0x7B, 0xCF, 0x7B, 0xAE, 0x73, 0x6D, 0x6B, 0xCB, 0x5A, 0x49, 0x4A, 0xC7, 0x39,
    0x65, 0x29, 0x00, 0x00, 0x00, 0x00, 0x2C, 0x63, 0x00, 0x00, 0x00, 0x00, 0x00, 0x00, 0x00, 0x00,
    0x00, 0x00, 0x00, 0x00, 0x00, 0x00, 0x00, 0x00, 0xFF, 0xFF, 0x00, 0x00, 0x00, 0x00, 0xE7, 0x39,
    0xCB, 0x5A, 0x2C, 0x63, 0x0C, 0x63, 0x8E, 0x73, 0xB2, 0x94, 0x34, 0xA5, 0x34, 0xA5, 0x34, 0xA5,
    0x75, 0xAD, 0xB6, 0xB5, 0xF7, 0xBD, 0x55, 0xAD, 0x10, 0x84, 0x2C, 0x63, 0xEB, 0x5A, 0xAA, 0x52,
    0x8A, 0x52, 0x2C, 0x63, 0x92, 0x94, 0x96, 0xB5, 0xD7, 0xBD, 0xD7, 0xBD, 0xD7, 0xBD, 0x18, 0xC6,
    0x38, 0xC6, 0x96, 0xB5, 0x71, 0x8C, 0xAE, 0x73, 0x8E, 0x73, 0x8E, 0x73, 0x6D, 0x6B, 0x6D, 0x6B,
    0x6D, 0x6B, 0x8E, 0x73, 0x8E, 0x73, 0xAE, 0x73, 0xEF, 0x7B, 0x51, 0x8C, 0xD3, 0x9C, 0x96, 0xB5,
    0x9A, 0xD6, 0x9A, 0xD6, 0xB6, 0xB5, 0x14, 0xA5, 0xD3, 0x9C, 0x30, 0x84, 0x2C, 0x63, 0x8A, 0x52,
    0xCB, 0x5A, 0x2C, 0x63, 0x8E, 0x73, 0x92, 0x94, 0xB6, 0xB5, 0xF7, 0xBD, 0x75, 0xAD, 0x34, 0xA5,
    0x55, 0xAD, 0x55, 0xAD, 0xB2, 0x94, 0x10, 0x84, 0x6D, 0x6B, 0x0C, 0x63, 0xCB, 0x5A, 0xAA, 0x52,
    0x69, 0x4A, 0x00, 0x00, 0x00, 0x00, 0xEF, 0x7B, 0xFF, 0xFF, 0x00, 0x00, 0x00, 0x00, 0x00, 0x00,
    0x00, 0x00, 0x00, 0x00, 0x00, 0x00, 0x00, 0x00, 0x00, 0x00, 0xC3, 0x18, 0xC3, 0x18, 0x08, 0x42,
    0xEB, 0x5A, 0x2C, 0x63, 0xEB, 0x5A, 0x2C, 0x63, 0x30, 0x84, 0x34, 0xA5, 0xD7, 0xBD, 0x18, 0xC6,
    0x38, 0xC6, 0xF7, 0xBD, 0x96, 0xB5, 0x71, 0x8C, 0x4D, 0x6B, 0xCB, 0x5A, 0x0C, 0x63, 0x2C, 0x63,
    0x4D, 0x6B, 0x30, 0x84, 0xB6, 0xB5, 0x59, 0xCE, 0x38, 0xC6, 0xF7, 0xBD, 0xD7, 0xBD, 0x18, 0xC6,
    0x18, 0xC6, 0x34, 0xA5, 0x6D, 0x6B, 0x8A, 0x52, 0x8A, 0x52, 0xEB, 0x5A, 0xCB, 0x5A, 0xCB, 0x5A,
    0xCB, 0x5A, 0xCB, 0x5A, 0xCB, 0x5A, 0xAA, 0x52, 0xAA, 0x52, 0x0C, 0x63, 0xAE, 0x73, 0x92, 0x94,
    0x55, 0xAD, 0xF7, 0xBD, 0x38, 0xC6, 0x18, 0xC6, 0xB6, 0xB5, 0xD3, 0x9C, 0xEF, 0x7B, 0x4D, 0x6B,
    0x0C, 0x63, 0xEB, 0x5A, 0xEB, 0x5A, 0xCF, 0x7B, 0x14, 0xA5, 0xF7, 0xBD, 0x18, 0xC6, 0x18, 0xC6,
    0x18, 0xC6, 0x75, 0xAD, 0x92, 0x94, 0x8E, 0x73, 0xEB, 0x5A, 0x0C, 0x63, 0x4D, 0x6B, 0xEB, 0x5A,
    0x28, 0x42, 0x00, 0x00, 0x00, 0x00, 0xF7, 0xBD, 0xFF, 0xFF, 0x00, 0x00, 0x00, 0x00, 0x00, 0x00,
    0x00, 0x00, 0x00, 0x00, 0xE7, 0x39, 0x00, 0x00, 0x00, 0x00, 0xC7, 0x39, 0xC7, 0x39, 0x49, 0x4A,
    0xCB, 0x5A, 0x0C, 0x63, 0xEB, 0x5A, 0xCB, 0x5A, 0x0C, 0x63, 0x10, 0x84, 0x34, 0xA5, 0x38, 0xC6,
    0x59, 0xCE, 0xB6, 0xB5, 0xB2, 0x94, 0x8E, 0x73, 0x0C, 0x63, 0xEB, 0x5A, 0x2C, 0x63, 0xCF, 0x7B,
    0x92, 0x94, 0x75, 0xAD, 0x18, 0xC6, 0x59, 0xCE, 0x38, 0xC6, 0xF7, 0xBD, 0xD7, 0xBD, 0x18, 0xC6,
    0x18, 0xC6, 0x55, 0xAD, 0xCF, 0x7B, 0xCB, 0x5A, 0xCB, 0x5A, 0xEB, 0x5A, 0xEB, 0x5A, 0xEB, 0x5A,
    0xEB, 0x5A, 0xEB, 0x5A, 0xEB, 0x5A, 0xCB, 0x5A, 0xCB, 0x5A, 0xEB, 0x5A, 0x2C, 0x63, 0x4D, 0x6B,
    0xAE, 0x73, 0x92, 0x94, 0xD7, 0xBD, 0x59, 0xCE, 0xF7, 0xBD, 0x96, 0xB5, 0x75, 0xAD, 0x92, 0x94,
    0x6D, 0x6B, 0xAA, 0x52, 0xAA, 0x52, 0x6D, 0x6B, 0x51, 0x8C, 0x55, 0xAD, 0xF7, 0xBD, 0x18, 0xC6,
    0x96, 0xB5, 0xB2, 0x94, 0x8E, 0x73, 0xCB, 0x5A, 0xAA, 0x52, 0x0C, 0x63, 0x4D, 0x6B, 0xEB, 0x5A,
    0x08, 0x42, 0x82, 0x10, 0x00, 0x00, 0xFF, 0xFF, 0x00, 0x00, 0xEF, 0x7B, 0x00, 0x00, 0x00, 0x00,
    0x00, 0x00, 0x00, 0x00, 0xD3, 0x9C, 0x00, 0x00, 0x00, 0x00, 0x49, 0x4A, 0x8A, 0x52, 0xAA, 0x52,
    0xEB, 0x5A, 0x2C, 0x63, 0x8E, 0x73, 0x6D, 0x6B, 0x0C, 0x63, 0xAE, 0x73, 0xF3, 0x9C, 0x18, 0xC6,
    0x18, 0xC6, 0x34, 0xA5, 0xEF, 0x7B, 0x0C, 0x63, 0x2C, 0x63, 0x4D, 0x6B, 0x6D, 0x6B, 0x51, 0x8C,
    0x75, 0xAD, 0x38, 0xC6, 0x38, 0xC6, 0xD7, 0xBD, 0x55, 0xAD, 0xF3, 0x9C, 0x14, 0xA5, 0x96, 0xB5,
    0x18, 0xC6, 0xB6, 0xB5, 0x92, 0x94, 0x8E, 0x73, 0x2C, 0x63, 0x0C, 0x63, 0x0C, 0x63, 0x2C, 0x63,
    0x0C, 0x63, 0x0C, 0x63, 0x0C, 0x63, 0x2C, 0x63, 0x2C, 0x63, 0x0C, 0x63, 0x0C, 0x63, 0xCB, 0x5A,
    0xCB, 0x5A, 0x6D, 0x6B, 0x92, 0x94, 0x96, 0xB5, 0xF7, 0xBD, 0x38, 0xC6, 0x18, 0xC6, 0x34, 0xA5,
    0xEF, 0x7B, 0x0C, 0x63, 0x0C, 0x63, 0x2C, 0x63, 0xAE, 0x73, 0x92, 0x94, 0x96, 0xB5, 0xF7, 0xBD,
    0x55, 0xAD, 0x51, 0x8C, 0x6D, 0x6B, 0x2C, 0x63, 0x4D, 0x6B, 0x8E, 0x73, 0x4D, 0x6B, 0xAA, 0x52,
    0x08, 0x42, 0x65, 0x29, 0xC3, 0x18, 0x00, 0x00, 0x00, 0x00, 0xE7, 0x39, 0x00, 0x00, 0x00, 0x00,
    0x00, 0x00, 0x00, 0x00, 0xD3, 0x9C, 0x00, 0x00, 0x00, 0x00, 0x49, 0x4A, 0xEB, 0x5A, 0x0C, 0x63,
    0x2C, 0x63, 0xAE, 0x73, 0x92, 0x94, 0xD3, 0x9C, 0x71, 0x8C, 0x92, 0x94, 0x75, 0xAD, 0xF7, 0xBD,
    0xB6, 0xB5, 0xB2, 0x94, 0x6D, 0x6B, 0xEB, 0x5A, 0x6D, 0x6B, 0xCF, 0x7B, 0xCF, 0x7B, 0x92, 0x94,
    0xB6, 0xB5, 0x59, 0xCE, 0xF7, 0xBD, 0xF3, 0x9C, 0xEF, 0x7B, 0x6D, 0x6B, 0xCF, 0x7B, 0xD3, 0x9C,
    0xB6, 0xB5, 0xF7, 0xBD, 0x55, 0xAD, 0x51, 0x8C, 0x4D, 0x6B, 0xEB, 0x5A, 0xEB, 0x5A, 0x2C, 0x63,
    0x0C, 0x63, 0x0C, 0x63, 0x0C, 0x63, 0x0C, 0x63, 0x0C, 0x63, 0x0C, 0x63, 0xEB, 0x5A, 0xEB, 0x5A,
    0xEB, 0x5A, 0xEB, 0x5A, 0x4D, 0x6B, 0x71, 0x8C, 0xB6, 0xB5, 0x59, 0xCE, 0xD7, 0xBD, 0x14, 0xA5,
    0x92, 0x94, 0xEF, 0x7B, 0x6D, 0x6B, 0x0C, 0x63, 0x0C, 0x63, 0xEF, 0x7B, 0x55, 0xAD, 0x18, 0xC6,
    0xB6, 0xB5, 0x14, 0xA5, 0x92, 0x94, 0x71, 0x8C, 0xB2, 0x94, 0x51, 0x8C, 0x6D, 0x6B, 0xAA, 0x52,
    0x49, 0x4A, 0x28, 0x42, 0x28, 0x42, 0x00, 0x00, 0x00, 0x00, 0xAA, 0x52, 0x00, 0x00, 0x00, 0x00,
    0x00, 0x00, 0x00, 0x00, 0xFF, 0xFF, 0x00, 0x00, 0x00, 0x00, 0x08, 0x42, 0x0C, 0x63, 0x4D, 0x6B,
    0x2C, 0x63, 0x8E, 0x73, 0xB2, 0x94, 0x55, 0xAD, 0x55, 0xAD, 0x96, 0xB5, 0xF7, 0xBD, 0xD7, 0xBD,
    0x14, 0xA5, 0x10, 0x84, 0x4D, 0x6B, 0xEB, 0x5A, 0x2C, 0x63, 0xAE, 0x73, 0x30, 0x84, 0x14, 0xA5,
    0xF7, 0xBD, 0x18, 0xC6, 0x34, 0xA5, 0xEF, 0x7B, 0x0C, 0x63, 0xAA, 0x52, 0x0C, 0x63, 0x30, 0x84,
    0x75, 0xAD, 0x38, 0xC6, 0xF7, 0xBD, 0xF3, 0x9C, 0xAE, 0x73, 0xEB, 0x5A, 0xEB, 0x5A, 0x0C, 0x63,
    0x0C, 0x63, 0x0C, 0x63, 0x0C, 0x63, 0x0C, 0x63, 0x0C, 0x63, 0x0C, 0x63, 0x0C, 0x63, 0x0C, 0x63,
    0x2C, 0x63, 0xEB, 0x5A, 0xAA, 0x52, 0x6D, 0x6B, 0xD3, 0x9C, 0xB6, 0xB5, 0xB6, 0xB5, 0x75, 0xAD,
    0xF3, 0x9C, 0x30, 0x84, 0x6D, 0x6B, 0xCB, 0x5A, 0xAA, 0x52, 0x8E, 0x73, 0xF3, 0x9C, 0xD7, 0xBD,
    0xF7, 0xBD, 0xB6, 0xB5, 0x75, 0xAD, 0x34, 0xA5, 0xF3, 0x9C, 0x51, 0x8C, 0x4D, 0x6B, 0xEB, 0x5A,
    0xAA, 0x52, 0xAA, 0x52, 0xAA, 0x52, 0x00, 0x00, 0x00, 0x00, 0xAA, 0x52, 0x00, 0x00, 0x00, 0x00,
    0xAA, 0x52, 0x00, 0x00, 0xFF, 0xFF, 0x00, 0x00, 0x20, 0x00, 0xE7, 0x39, 0xEB, 0x5A, 0x4D, 0x6B,
    0x2C, 0x63, 0x2C, 0x63, 0xCF, 0x7B, 0x92, 0x94, 0x55, 0xAD, 0xF7, 0xBD, 0x38, 0xC6, 0x96, 0xB5,
    0x71, 0x8C, 0x8E, 0x73, 0x2C, 0x63, 0xCB, 0x5A, 0xAA, 0x52, 0x6D, 0x6B, 0xB2, 0x94, 0xF7, 0xBD,
    0x59, 0xCE, 0x96, 0xB5, 0x10, 0x84, 0x0C, 0x63, 0xEB, 0x5A, 0xCB, 0x5A, 0xCB, 0x5A, 0x8E, 0x73,
    0xD3, 0x9C, 0xF7, 0xBD, 0x18, 0xC6, 0x75, 0xAD, 0x30, 0x84, 0x4D, 0x6B, 0x0C, 0x63, 0x0C, 0x63,
    0x0C, 0x63, 0x0C, 0x63, 0x0C, 0x63, 0x0C, 0x63, 0x0C, 0x63, 0x0C, 0x63, 0x0C, 0x63, 0x0C, 0x63,
    0x0C, 0x63, 0xEB, 0x5A, 0xEB, 0x5A, 0x0C, 0x63, 0x8E, 0x73, 0xD3, 0x9C, 0x18, 0xC6, 0x38, 0xC6,
    0x55, 0xAD, 0x10, 0x84, 0x2C, 0x63, 0xAA, 0x52, 0xAA, 0x52, 0x6D, 0x6B, 0x51, 0x8C, 0x55, 0xAD,
    0xD7, 0xBD, 0xF7, 0xBD, 0xB6, 0xB5, 0xF3, 0x9C, 0x10, 0x84, 0x6D, 0x6B, 0x0C, 0x63, 0x2C, 0x63,
    0x2C, 0x63, 0xEB, 0x5A, 0x69, 0x4A, 0x00, 0x00, 0x00, 0x00, 0xD3, 0x9C, 0x00, 0x00, 0x00, 0x00,
    0x86, 0x31, 0x00, 0x00, 0x00, 0x00, 0x00, 0x00, 0xA2, 0x10, 0xE7, 0x39, 0xCB, 0x5A, 0x2C, 0x63,
    0x2C, 0x63, 0xEB, 0x5A, 0x0C, 0x63, 0xCF, 0x7B, 0x14, 0xA5, 0x18, 0xC6, 0x38, 0xC6, 0x55, 0xAD,
    0x10, 0x84, 0x2C, 0x63, 0x0C, 0x63, 0x0C, 0x63, 0x2C, 0x63, 0x30, 0x84, 0x75, 0xAD, 0x59, 0xCE,
    0x18, 0xC6, 0xF3, 0x9C, 0x6D, 0x6B, 0xAA, 0x52, 0xEB, 0x5A, 0x0C, 0x63, 0xEB, 0x5A, 0x4D, 0x6B,
    0x30, 0x84, 0x55, 0xAD, 0xF7, 0xBD, 0xD7, 0xBD, 0xF3, 0x9C, 0xEF, 0x7B, 0x2C, 0x63, 0xEB, 0x5A,
    0xEB, 0x5A, 0x0C, 0x63, 0x0C, 0x63, 0x0C, 0x63, 0x0C, 0x63, 0x0C, 0x63, 0x0C, 0x63, 0x0C, 0x63,
    0x0C, 0x63, 0x0C, 0x63, 0x2C, 0x63, 0xEB, 0x5A, 0xCB, 0x5A, 0xEF, 0x7B, 0xD7, 0xBD, 0x79, 0xCE,
    0xB6, 0xB5, 0x92, 0x94, 0xCF, 0x7B, 0x2C, 0x63, 0xEB, 0x5A, 0x2C, 0x63, 0xCF, 0x7B, 0xD3, 0x9C,
    0xB6, 0xB5, 0xF7, 0xBD, 0x75, 0xAD, 0x71, 0x8C, 0x4D, 0x6B, 0xCB, 0x5A, 0xEB, 0x5A, 0x4D, 0x6B,
    0x6D, 0x6B, 0xEB, 0x5A, 0x28, 0x42, 0x00, 0x00, 0x00, 0x00, 0xFF, 0xFF, 0x00, 0x00, 0x00, 0x00,
    0x45, 0x29, 0x00, 0x00, 0x00, 0x00, 0x04, 0x21, 0x65, 0x29, 0x08, 0x42, 0xCB, 0x5A, 0x2C, 0x63,
    0x4D, 0x6B, 0xEB, 0x5A, 0x0C, 0x63, 0xAE, 0x73, 0xF3, 0x9C, 0xF7, 0xBD, 0x18, 0xC6, 0x34, 0xA5,
    0xAE, 0x73, 0xCB, 0x5A, 0xEB, 0x5A, 0xAE, 0x73, 0x92, 0x94, 0xB6, 0xB5, 0x59, 0xCE, 0x18, 0xC6,
    0x34, 0xA5, 0x10, 0x84, 0x2C, 0x63, 0xEB, 0x5A, 0xEB, 0x5A, 0x0C, 0x63, 0x0C, 0x63, 0x0C, 0x63,
    0x6D, 0x6B, 0x71, 0x8C, 0x96, 0xB5, 0x38, 0xC6, 0xD7, 0xBD, 0xB2, 0x94, 0x6D, 0x6B, 0xCB, 0x5A,
    0xEB, 0x5A, 0x2C, 0x63, 0x0C, 0x63, 0x0C, 0x63, 0x0C, 0x63, 0x0C, 0x63, 0x0C, 0x63, 0x0C, 0x63,
    0x0C, 0x63, 0x0C, 0x63, 0x2C, 0x63, 0xEB, 0x5A, 0xCB, 0x5A, 0x8E, 0x73, 0xF3, 0x9C, 0xF7, 0xBD,
    0x18, 0xC6, 0xB6, 0xB5, 0x34, 0xA5, 0x30, 0x84, 0x4D, 0x6B, 0xEB, 0x5A, 0x4D, 0x6B, 0x71, 0x8C,
    0xB6, 0xB5, 0xF7, 0xBD, 0x34, 0xA5, 0x30, 0x84, 0x6D, 0x6B, 0x0C, 0x63, 0x0C, 0x63, 0x4D, 0x6B,
    0x4D, 0x6B, 0xEB, 0x5A, 0xE7, 0x39, 0x00, 0x00, 0x00, 0x00, 0xFF, 0xFF, 0x00, 0x00, 0x00, 0x00,
    0x45, 0x29, 0x00, 0x00, 0x00, 0x00, 0xA6, 0x31, 0xE7, 0x39, 0x49, 0x4A, 0xCB, 0x5A, 0x4D, 0x6B,
    0xAE, 0x73, 0xCF, 0x7B, 0x10, 0x84, 0x92, 0x94, 0x34, 0xA5, 0xD7, 0xBD, 0xD7, 0xBD, 0xF3, 0x9C,
    0x8E, 0x73, 0xAA, 0x52, 0xCB, 0x5A, 0xAE, 0x73, 0xD3, 0x9C, 0x18, 0xC6, 0x9A, 0xD6, 0xF7, 0xBD,
    0x51, 0x8C, 0x4D, 0x6B, 0x0C, 0x63, 0x0C, 0x63, 0x0C, 0x63, 0x0C, 0x63, 0x0C, 0x63, 0xEB, 0x5A,
    0xEB, 0x5A, 0xCF, 0x7B, 0x14, 0xA5, 0x18, 0xC6, 0x38, 0xC6, 0x55, 0xAD, 0xEF, 0x7B, 0xEB, 0x5A,
    0xEB, 0x5A, 0x0C, 0x63, 0x0C, 0x63, 0x0C, 0x63, 0x0C, 0x63, 0x0C, 0x63, 0x0C, 0x63, 0x0C, 0x63,
    0x0C, 0x63, 0x0C, 0x63, 0x0C, 0x63, 0xEB, 0x5A, 0xEB, 0x5A, 0x4D, 0x6B, 0x10, 0x84, 0x34, 0xA5,
    0x38, 0xC6, 0x38, 0xC6, 0x55, 0xAD, 0x30, 0x84, 0x4D, 0x6B, 0xCB, 0x5A, 0xEB, 0x5A, 0x10, 0x84,
    0x75, 0xAD, 0xF7, 0xBD, 0x55, 0xAD, 0xB2, 0x94, 0x71, 0x8C, 0x10, 0x84, 0x8E, 0x73, 0x6D, 0x6B,
    0x4D, 0x6B, 0xCB, 0x5A, 0xC7, 0x39, 0x41, 0x08, 0x00, 0x00, 0x00, 0x00, 0x00, 0x00, 0x00, 0x00,
    0x49, 0x4A, 0x00, 0x00, 0x00, 0x00, 0x08, 0x42, 0x49, 0x4A, 0x69, 0x4A, 0xCB, 0x5A, 0x6D, 0x6B,
    0x30, 0x84, 0xF3, 0x9C, 0x75, 0xAD, 0xD7, 0xBD, 0xD7, 0xBD, 0xD7, 0xBD, 0x75, 0xAD, 0x92, 0x94,
    0x6D, 0x6B, 0xCB, 0x5A, 0xEB, 0x5A, 0x6D, 0x6B, 0x10, 0x84, 0x55, 0xAD, 0x79, 0xCE, 0xD7, 0xBD,
    0xEF, 0x7B, 0xCB, 0x5A, 0xEB, 0x5A, 0x2C, 0x63, 0x0C, 0x63, 0x0C, 0x63, 0x0C, 0x63, 0xEB, 0x5A,
    0xEB, 0x5A, 0x6D, 0x6B, 0x71, 0x8C, 0x96, 0xB5, 0x18, 0xC6, 0xB6, 0xB5, 0x92, 0x94, 0x8E, 0x73,
    0x0C, 0x63, 0xEB, 0x5A, 0x0C, 0x63, 0x2C, 0x63, 0x2C, 0x63, 0x2C, 0x63, 0x2C, 0x63, 0x2C, 0x63,
    0x2C, 0x63, 0x2C, 0x63, 0x2C, 0x63, 0x0C, 0x63, 0x0C, 0x63, 0x2C, 0x63, 0x8E, 0x73, 0xD3, 0x9C,
    0x38, 0xC6, 0x18, 0xC6, 0x92, 0x94, 0x6D, 0x6B, 0x2C, 0x63, 0x0C, 0x63, 0xCB, 0x5A, 0xCF, 0x7B,
    0x55, 0xAD, 0x38, 0xC6, 0xF7, 0xBD, 0x96, 0xB5, 0xB6, 0xB5, 0x34, 0xA5, 0x51, 0x8C, 0xCF, 0x7B,
    0x4D, 0x6B, 0xCB, 0x5A, 0xE7, 0x39, 0xE3, 0x18, 0x82, 0x10, 0x00, 0x00, 0x00, 0x00, 0x86, 0x31,
    0x49, 0x4A, 0x00, 0x00, 0x00, 0x00, 0x69, 0x4A, 0x8A, 0x52, 0x8A, 0x52, 0xCB, 0x5A, 0x4D, 0x6B,
    0xEF, 0x7B, 0xB2, 0x94, 0x34, 0xA5, 0xB6, 0xB5, 0x18, 0xC6, 0xD7, 0xBD, 0x34, 0xA5, 0x51, 0x8C,
    0x4D, 0x6B, 0xEB, 0x5A, 0x2C, 0x63, 0xAE, 0x73, 0x10, 0x84, 0x34, 0xA5, 0x18, 0xC6, 0x96, 0xB5,
    0xAE, 0x73, 0xAA, 0x52, 0xCB, 0x5A, 0x2C, 0x63, 0x0C, 0x63, 0x0C, 0x63, 0x0C, 0x63, 0xEB, 0x5A,
    0xEB, 0x5A, 0x2C, 0x63, 0xCF, 0x7B, 0xD3, 0x9C, 0xB6, 0xB5, 0xF7, 0xBD, 0x75, 0xAD, 0x92, 0x94,
    0xAE, 0x73, 0x0C, 0x63, 0xEB, 0x5A, 0xEB, 0x5A, 0xCB, 0x5A, 0xEB, 0x5A, 0xCB, 0x5A, 0xCB, 0x5A,
    0xCB, 0x5A, 0xCB, 0x5A, 0xEB, 0x5A, 0xCB, 0x5A, 0xEB, 0x5A, 0xCB, 0x5A, 0xEB, 0x5A, 0x51, 0x8C,
    0x18, 0xC6, 0x38, 0xC6, 0x92, 0x94, 0x4D, 0x6B, 0x2C, 0x63, 0x0C, 0x63, 0x2C, 0x63, 0x10, 0x84,
    0x75, 0xAD, 0x38, 0xC6, 0x38, 0xC6, 0xD7, 0xBD, 0x75, 0xAD, 0xD3, 0x9C, 0x10, 0x84, 0xAE, 0x73,
    0x4D, 0x6B, 0xCB, 0x5A, 0x08, 0x42, 0x45, 0x29, 0x61, 0x08, 0x00, 0x00, 0x00, 0x00, 0x86, 0x31,
    0xEB, 0x5A, 0x00, 0x00, 0x00, 0x00, 0x8A, 0x52, 0x8A, 0x52, 0xAA, 0x52, 0x0C, 0x63, 0x0C, 0x63,
    0x2C, 0x63, 0x4D, 0x6B, 0xAE, 0x73, 0xB2, 0x94, 0xB6, 0xB5, 0xF7, 0xBD, 0x14, 0xA5, 0x10, 0x84,
    0x2C, 0x63, 0xEB, 0x5A, 0x4D, 0x6B, 0x30, 0x84, 0x34, 0xA5, 0xF7, 0xBD, 0xF7, 0xBD, 0x14, 0xA5,
    0x8E, 0x73, 0xCB, 0x5A, 0xEB, 0x5A, 0x0C, 0x63, 0x0C, 0x63, 0x0C, 0x63, 0x0C, 0x63, 0x0C, 0x63,
    0x0C, 0x63, 0xEB, 0x5A, 0x2C, 0x63, 0x10, 0x84, 0x55, 0xAD, 0x38, 0xC6, 0x38, 0xC6, 0x96, 0xB5,
    0x92, 0x94, 0xAE, 0x73, 0x0C, 0x63, 0xCB, 0x5A, 0xAA, 0x52, 0xAA, 0x52, 0xAA, 0x52, 0xAA, 0x52,
    0xAA, 0x52, 0xAA, 0x52, 0xCB, 0x5A, 0xAA, 0x52, 0xCB, 0x5A, 0xAA, 0x52, 0xCB, 0x5A, 0x30, 0x84,
    0x18, 0xC6, 0xBA, 0xD6, 0xB6, 0xB5, 0x51, 0x8C, 0x6D, 0x6B, 0x4D, 0x6B, 0xCF, 0x7B, 0xD3, 0x9C,
    0xB6, 0xB5, 0x38, 0xC6, 0x18, 0xC6, 0x55, 0xAD, 0x10, 0x84, 0x4D, 0x6B, 0x0C, 0x63, 0x4D, 0x6B,
    0x2C, 0x63, 0xCB, 0x5A, 0x28, 0x42, 0x65, 0x29, 0xA2, 0x10, 0x00, 0x00, 0x00, 0x00, 0x45, 0x29,
    0xEB, 0x5A, 0x00, 0x00, 0x00, 0x00, 0xCB, 0x5A, 0xAA, 0x52, 0xEB, 0x5A, 0x0C, 0x63, 0x0C, 0x63,
    0x2C, 0x63, 0x2C, 0x63, 0x6D, 0x6B, 0x71, 0x8C, 0x96, 0xB5, 0xF7, 0xBD, 0x14, 0xA5, 0xCF, 0x7B,
    0x2C, 0x63, 0x0C, 0x63, 0x8E, 0x73, 0xB2, 0x94, 0xD7, 0xBD, 0x59, 0xCE, 0xD7, 0xBD, 0xB2, 0x94,
    0x6D, 0x6B, 0xCB, 0x5A, 0xEB, 0x5A, 0x0C, 0x63, 0x0C, 0x63, 0x0C, 0x63, 0x0C, 0x63, 0x0C, 0x63,
    0x2C, 0x63, 0xEB, 0x5A, 0xCB, 0x5A, 0x8E, 0x73, 0x14, 0xA5, 0xD7, 0xBD, 0xD7, 0xBD, 0x55, 0xAD,
    0xD3, 0x9C, 0x30, 0x84, 0xEF, 0x7B, 0xAE, 0x73, 0xAE, 0x73, 0xAE, 0x73, 0xAE, 0x73, 0xAE, 0x73,
    0xAE, 0x73, 0xAE, 0x73, 0xAE, 0x73, 0xAE, 0x73, 0xAE, 0x73, 0x8E, 0x73, 0xCF, 0x7B, 0xB2, 0x94,
    0xF7, 0xBD, 0xBA, 0xD6, 0x59, 0xCE, 0x34, 0xA5, 0x51, 0x8C, 0x30, 0x84, 0xD3, 0x9C, 0x75, 0xAD,
    0xD7, 0xBD, 0x18, 0xC6, 0x18, 0xC6, 0x14, 0xA5, 0xAE, 0x73, 0xEB, 0x5A, 0x0C, 0x63, 0x4D, 0x6B,
    0x4D, 0x6B, 0xCB, 0x5A, 0x28, 0x42, 0x86, 0x31, 0x24, 0x21, 0x00, 0x00, 0x00, 0x00, 0x45, 0x29,
    0xAA, 0x52, 0x00, 0x00, 0x00, 0x00, 0xCB, 0x5A, 0xEB, 0x5A, 0xEB, 0x5A, 0x0C, 0x63, 0x4D, 0x6B,
    0xCF, 0x7B, 0x51, 0x8C, 0xB2, 0x94, 0x55, 0xAD, 0xD7, 0xBD, 0xB6, 0xB5, 0xD3, 0x9C, 0xCF, 0x7B,
    0x2C, 0x63, 0x0C, 0x63, 0x8E, 0x73, 0xB2, 0x94, 0xB6, 0xB5, 0x18, 0xC6, 0x96, 0xB5, 0x92, 0x94,
    0x6D, 0x6B, 0xCB, 0x5A, 0xEB, 0x5A, 0x0C, 0x63, 0x0C, 0x63, 0x0C, 0x63, 0x0C, 0x63, 0x0C, 0x63,
    0x0C, 0x63, 0xEB, 0x5A, 0xCB, 0x5A, 0x8E, 0x73, 0xD3, 0x9C, 0x34, 0xA5, 0x92, 0x94, 0x10, 0x84,
    0x30, 0x84, 0xB2, 0x94, 0x34, 0xA5, 0x55, 0xAD, 0x55, 0xAD, 0x34, 0xA5, 0x55, 0xAD, 0x34, 0xA5,
    0x34, 0xA5, 0x34, 0xA5, 0x55, 0xAD, 0x55, 0xAD, 0x55, 0xAD, 0x34, 0xA5, 0x55, 0xAD, 0x96, 0xB5,
    0xF7, 0xBD, 0x38, 0xC6, 0x18, 0xC6, 0xD7, 0xBD, 0x75, 0xAD, 0x75, 0xAD, 0x96, 0xB5, 0xD7, 0xBD,
    0xD7, 0xBD, 0xF7, 0xBD, 0xF7, 0xBD, 0x96, 0xB5, 0xD3, 0x9C, 0x30, 0x84, 0xEF, 0x7B, 0xCF, 0x7B,
    0x4D, 0x6B, 0xCB, 0x5A, 0x28, 0x42, 0xC7, 0x39, 0x45, 0x29, 0x00, 0x00, 0x00, 0x00, 0xAA, 0x52,
    0xAA, 0x52, 0x00, 0x00, 0x00, 0x00, 0xEB, 0x5A, 0x0C, 0x63, 0x0C, 0x63, 0x0C, 0x63, 0x6D, 0x6B,
    0x51, 0x8C, 0xF3, 0x9C, 0x75, 0xAD, 0xD7, 0xBD, 0x18, 0xC6, 0xB6, 0xB5, 0xD3, 0x9C, 0xCF, 0x7B,
    0x2C, 0x63, 0x0C, 0x63, 0x6D, 0x6B, 0x71, 0x8C, 0x55, 0xAD, 0xB6, 0xB5, 0x75, 0xAD, 0x92, 0x94,
    0x6D, 0x6B, 0xCB, 0x5A, 0xEB, 0x5A, 0x0C, 0x63, 0x0C, 0x63, 0x0C, 0x63, 0x0C, 0x63, 0x0C, 0x63,
    0x0C, 0x63, 0xEB, 0x5A, 0xCB, 0x5A, 0x8E, 0x73, 0xB2, 0x94, 0xB2, 0x94, 0xAE, 0x73, 0x4D, 0x6B,
    0xEF, 0x7B, 0x14, 0xA5, 0x18, 0xC6, 0x79, 0xCE, 0x59, 0xCE, 0x18, 0xC6, 0x38, 0xC6, 0x38, 0xC6,
    0x38, 0xC6, 0x38, 0xC6, 0x38, 0xC6, 0x38, 0xC6, 0x38, 0xC6, 0x38, 0xC6, 0x38, 0xC6, 0x38, 0xC6,
    0xF7, 0xBD, 0xD7, 0xBD, 0xB6, 0xB5, 0xD7, 0xBD, 0x18, 0xC6, 0x38, 0xC6, 0x38, 0xC6, 0x18, 0xC6,
    0xF7, 0xBD, 0xF7, 0xBD, 0xF7, 0xBD, 0xF7, 0xBD, 0x96, 0xB5, 0x14, 0xA5, 0x71, 0x8C, 0xEF, 0x7B,
    0x4D, 0x6B, 0xCB, 0x5A, 0x49, 0x4A, 0x08, 0x42, 0xA6, 0x31, 0x00, 0x00, 0x00, 0x00, 0xAA, 0x52,
    0xAA, 0x52, 0x00, 0x00, 0x00, 0x00, 0xEB, 0x5A, 0xEB, 0x5A, 0x0C, 0x63, 0x0C, 0x63, 0x4D, 0x6B,
    0x10, 0x84, 0x92, 0x94, 0x14, 0xA5, 0xB6, 0xB5, 0xF7, 0xBD, 0xB6, 0xB5, 0xD3, 0x9C, 0xCF, 0x7B,
    0x2C, 0x63, 0xEB, 0x5A, 0x2C, 0x63, 0x10, 0x84, 0x14, 0xA5, 0x96, 0xB5, 0x75, 0xAD, 0x92, 0x94,
    0x6D, 0x6B, 0xCB, 0x5A, 0xEB, 0x5A, 0x0C, 0x63, 0x0C, 0x63, 0x0C, 0x63, 0x0C, 0x63, 0x0C, 0x63,
    0x0C, 0x63, 0xEB, 0x5A, 0xCB, 0x5A, 0x8E, 0x73, 0xB2, 0x94, 0xD3, 0x9C, 0xEF, 0x7B, 0x8E, 0x73,
    0x30, 0x84, 0x34, 0xA5, 0x18, 0xC6, 0x59, 0xCE, 0x18, 0xC6, 0xD7, 0xBD, 0xD7, 0xBD, 0xD7, 0xBD,
    0xD7, 0xBD, 0xD7, 0xBD, 0xD7, 0xBD, 0xD7, 0xBD, 0xD7, 0xBD, 0xF7, 0xBD, 0xF7, 0xBD, 0x18, 0xC6,
    0x18, 0xC6, 0xD7, 0xBD, 0x96, 0xB5, 0x96, 0xB5, 0xD7, 0xBD, 0x18, 0xC6, 0x18, 0xC6, 0x18, 0xC6,
    0xF7, 0xBD, 0xF7, 0xBD, 0xF7, 0xBD, 0xD7, 0xBD, 0x55, 0xAD, 0xB2, 0x94, 0x30, 0x84, 0xCF, 0x7B,
    0x4D, 0x6B, 0xCB, 0x5A, 0x49, 0x4A, 0xE7, 0x39, 0xA6, 0x31, 0x00, 0x00, 0x00, 0x00, 0xAA, 0x52,
    0xAA, 0x52, 0x00, 0x00, 0x00, 0x00, 0xEB, 0x5A, 0xEB, 0x5A, 0xEB, 0x5A, 0x0C, 0x63, 0x0C, 0x63,
    0x6D, 0x6B, 0xAE, 0x73, 0x30, 0x84, 0x14, 0xA5, 0xD7, 0xBD, 0xD7, 0xBD, 0xD3, 0x9C, 0xCF, 0x7B,
    0x2C, 0x63, 0xEB, 0x5A, 0x4D, 0x6B, 0x51, 0x8C, 0x75, 0xAD, 0xF7, 0xBD, 0x96, 0xB5, 0x92, 0x94,
    0x6D, 0x6B, 0xCB, 0x5A, 0xEB, 0x5A, 0x0C, 0x63, 0x0C, 0x63, 0x0C, 0x63, 0x0C, 0x63, 0x0C, 0x63,
    0x0C, 0x63, 0xEB, 0x5A, 0xCB, 0x5A, 0x8E, 0x73, 0xF3, 0x9C, 0x75, 0xAD, 0xF3, 0x9C, 0x92, 0x94,
    0xB2, 0x94, 0xF3, 0x9C, 0x34, 0xA5, 0x14, 0xA5, 0xF3, 0x9C, 0xB2, 0x94, 0xB2, 0x94, 0xB2, 0x94,
    0xB2, 0x94, 0xB2, 0x94, 0xB2, 0x94, 0xB2, 0x94, 0xD3, 0x9C, 0xB2, 0x94, 0xD3, 0x9C, 0x55, 0xAD,
    0xF7, 0xBD, 0x38, 0xC6, 0xF7, 0xBD, 0x75, 0xAD, 0x14, 0xA5, 0x14, 0xA5, 0x75, 0xAD, 0xD7, 0xBD,
    0xD7, 0xBD, 0x18, 0xC6, 0x18, 0xC6, 0x75, 0xAD, 0x71, 0x8C, 0xCF, 0x7B, 0x6D, 0x6B, 0x6D, 0x6B,
    0x2C, 0x63, 0xCB, 0x5A, 0x49, 0x4A, 0xC7, 0x39, 0x65, 0x29, 0x00, 0x00, 0x00, 0x00, 0xAA, 0x52,
    0xEB, 0x5A, 0x00, 0x00, 0x00, 0x00, 0xAA, 0x52, 0xAA, 0x52, 0xCB, 0x5A, 0x0C, 0x63, 0x0C, 0x63,
    0xEB, 0x5A, 0xEB, 0x5A, 0x6D, 0x6B, 0x92, 0x94, 0xB6, 0xB5, 0xD7, 0xBD, 0x14, 0xA5, 0xEF, 0x7B,
    0x2C, 0x63, 0x0C, 0x63, 0x8E, 0x73, 0xD3, 0x9C, 0xF7, 0xBD, 0x79, 0xCE, 0xF7, 0xBD, 0xB2, 0x94,
    0x6D, 0x6B, 0xEB, 0x5A, 0xEB, 0x5A, 0x0C, 0x63, 0x0C, 0x63, 0x0C, 0x63, 0x0C, 0x63, 0x0C, 0x63,
    0x0C, 0x63, 0xEB, 0x5A, 0xEB, 0x5A, 0xAE, 0x73, 0x34, 0xA5, 0xF7, 0xBD, 0xF7, 0xBD, 0x75, 0xAD,
    0xF3, 0x9C, 0x51, 0x8C, 0xCF, 0x7B, 0x8E, 0x73, 0x6D, 0x6B, 0x6D, 0x6B, 0x6D, 0x6B, 0x6D, 0x6B,
    0x6D, 0x6B, 0x6D, 0x6B, 0x6D, 0x6B, 0x6D, 0x6B, 0x8E, 0x73, 0x6D, 0x6B, 0x6D, 0x6B, 0x71, 0x8C,
    0xF7, 0xBD, 0xDB, 0xDE, 0x9A, 0xD6, 0x75, 0xAD, 0x51, 0x8C, 0xEF, 0x7B, 0x71, 0x8C, 0x34, 0xA5,
    0xB6, 0xB5, 0x18, 0xC6, 0x18, 0xC6, 0x34, 0xA5, 0xAE, 0x73, 0xEB, 0x5A, 0xEB, 0x5A, 0x2C, 0x63,
    0x2C, 0x63, 0xEB, 0x5A, 0x49, 0x4A, 0xA6, 0x31, 0x45, 0x29, 0x00, 0x00, 0x00, 0x00, 0x86, 0x31,
    0xEB, 0x5A, 0x00, 0x00, 0x00, 0x00, 0x69, 0x4A, 0x8A, 0x52, 0xAA, 0x52, 0xEB, 0x5A, 0x0C, 0x63,
    0x4D, 0x6B, 0x8E, 0x73, 0x10, 0x84, 0xF3, 0x9C, 0xD7, 0xBD, 0xF7, 0xBD, 0x34, 0xA5, 0x10, 0x84,
    0x2C, 0x63, 0x0C, 0x63, 0x8E, 0x73, 0x92, 0x94, 0x75, 0xAD, 0x18, 0xC6, 0x38, 0xC6, 0x14, 0xA5,
    0x8E, 0x73, 0xAA, 0x52, 0xCB, 0x5A, 0x0C, 0x63, 0x0C, 0x63, 0x0C, 0x63, 0x0C, 0x63, 0x0C, 0x63,
    0x0C, 0x63, 0x0C, 0x63, 0x4D, 0x6B, 0x30, 0x84, 0x75, 0xAD, 0x38, 0xC6, 0x18, 0xC6, 0x75, 0xAD,
    0x92, 0x94, 0xAE, 0x73, 0x0C, 0x63, 0xCB, 0x5A, 0xCB, 0x5A, 0xCB, 0x5A, 0xCB, 0x5A, 0xCB, 0x5A,
    0xCB, 0x5A, 0xCB, 0x5A, 0xCB, 0x5A, 0xCB, 0x5A, 0xEB, 0x5A, 0xAA, 0x52, 0xCB, 0x5A, 0x10, 0x84,
    0x18, 0xC6, 0xDB, 0xDE, 0xF7, 0xBD, 0x92, 0x94, 0x8E, 0x73, 0x0C, 0x63, 0x6D, 0x6B, 0x71, 0x8C,
    0x96, 0xB5, 0x38, 0xC6, 0x38, 0xC6, 0x75, 0xAD, 0x51, 0x8C, 0x8E, 0x73, 0x4D, 0x6B, 0x4D, 0x6B,
    0x4D, 0x6B, 0xCB, 0x5A, 0x28, 0x42, 0x65, 0x29, 0xA2, 0x10, 0x00, 0x00, 0x00, 0x00, 0x86, 0x31,
    0x49, 0x4A, 0x00, 0x00, 0x00, 0x00, 0x08, 0x42, 0x49, 0x4A, 0x69, 0x4A, 0xCB, 0x5A, 0x6D, 0x6B,
    0x30, 0x84, 0x14, 0xA5, 0x96, 0xB5, 0xF7, 0xBD, 0x18, 0xC6, 0xD7, 0xBD, 0x55, 0xAD, 0x51, 0x8C,
    0x6D, 0x6B, 0xEB, 0x5A, 0x0C, 0x63, 0x6D, 0x6B, 0xEF, 0x7B, 0x14, 0xA5, 0x38, 0xC6, 0xB6, 0xB5,
    0xCF, 0x7B, 0xAA, 0x52, 0xCB, 0x5A, 0x2C, 0x63, 0x0C, 0x63, 0x0C, 0x63, 0x0C, 0x63, 0xEB, 0x5A,
    0xEB, 0x5A, 0x4D, 0x6B, 0x10, 0x84, 0x14, 0xA5, 0xD7, 0xBD, 0xF7, 0xBD, 0x55, 0xAD, 0x71, 0x8C,
    0x8E, 0x73, 0x0C, 0x63, 0xEB, 0x5A, 0xEB, 0x5A, 0xEB, 0x5A, 0xEB, 0x5A, 0xEB, 0x5A, 0xEB, 0x5A,
    0xEB, 0x5A, 0xEB, 0x5A, 0xEB, 0x5A, 0xEB, 0x5A, 0xEB, 0x5A, 0xEB, 0x5A, 0x0C, 0x63, 0x71, 0x8C,
    0x38, 0xC6, 0x38, 0xC6, 0x92, 0x94, 0x2C, 0x63, 0x0C, 0x63, 0xEB, 0x5A, 0x0C, 0x63, 0xEF, 0x7B,
    0x55, 0xAD, 0x38, 0xC6, 0x38, 0xC6, 0xF7, 0xBD, 0xD7, 0xBD, 0x34, 0xA5, 0x71, 0x8C, 0xCF, 0x7B,
    0x4D, 0x6B, 0xCB, 0x5A, 0xE7, 0x39, 0x24, 0x21, 0x00, 0x00, 0x00, 0x00, 0x00, 0x00, 0xE7, 0x39,
    0x49, 0x4A, 0x00, 0x00, 0x00, 0x00, 0xE7, 0x39, 0x08, 0x42, 0x49, 0x4A, 0xAA, 0x52, 0x6D, 0x6B,
    0x51, 0x8C, 0x14, 0xA5, 0x75, 0xAD, 0xB6, 0xB5, 0xB6, 0xB5, 0xD7, 0xBD, 0x96, 0xB5, 0xB2, 0x94,
    0x6D, 0x6B, 0xCB, 0x5A, 0xCB, 0x5A, 0x2C, 0x63, 0xAE, 0x73, 0xF3, 0x9C, 0x59, 0xCE, 0xF7, 0xBD,
    0x10, 0x84, 0xCB, 0x5A, 0xEB, 0x5A, 0x2C, 0x63, 0x0C, 0x63, 0x0C, 0x63, 0x0C, 0x63, 0xEB, 0x5A,
    0xEB, 0x5A, 0x8E, 0x73, 0xB2, 0x94, 0xD7, 0xBD, 0x18, 0xC6, 0x96, 0xB5, 0x51, 0x8C, 0x6D, 0x6B,
    0xEB, 0x5A, 0xEB, 0x5A, 0x0C, 0x63, 0x2C, 0x63, 0x2C, 0x63, 0x0C, 0x63, 0x0C, 0x63, 0x0C, 0x63,
    0x0C, 0x63, 0x2C, 0x63, 0x2C, 0x63, 0x0C, 0x63, 0x0C, 0x63, 0x2C, 0x63, 0xAE, 0x73, 0x14, 0xA5,
    0x38, 0xC6, 0xF7, 0xBD, 0x30, 0x84, 0x0C, 0x63, 0x0C, 0x63, 0xEB, 0x5A, 0xEB, 0x5A, 0xCF, 0x7B,
    0x75, 0xAD, 0x18, 0xC6, 0xD7, 0xBD, 0x96, 0xB5, 0xB6, 0xB5, 0x55, 0xAD, 0x71, 0x8C, 0xCF, 0x7B,
    0x6D, 0x6B, 0xAA, 0x52, 0xC7, 0x39, 0xC3, 0x18, 0x00, 0x00, 0x00, 0x00, 0x00, 0x00, 0xE7, 0x39,
    0x86, 0x31, 0x00, 0x00, 0x00, 0x00, 0x24, 0x21, 0xA6, 0x31, 0x28, 0x42, 0xCB, 0x5A, 0x4D, 0x6B,
    0x8E, 0x73, 0x8E, 0x73, 0xAE, 0x73, 0x10, 0x84, 0xF3, 0x9C, 0xB6, 0xB5, 0xD7, 0xBD, 0x14, 0xA5,
    0xAE, 0x73, 0xAA, 0x52, 0xCB, 0x5A, 0x8E, 0x73, 0x71, 0x8C, 0x96, 0xB5, 0x59, 0xCE, 0xD7, 0xBD,
    0x92, 0x94, 0x6D, 0x6B, 0x0C, 0x63, 0x0C, 0x63, 0x0C, 0x63, 0x0C, 0x63, 0x0C, 0x63, 0x0C, 0x63,
    0x2C, 0x63, 0xEF, 0x7B, 0x55, 0xAD, 0x18, 0xC6, 0x18, 0xC6, 0x14, 0xA5, 0xAE, 0x73, 0xEB, 0x5A,
    0xCB, 0x5A, 0x0C, 0x63, 0x0C, 0x63, 0x0C, 0x63, 0x0C, 0x63, 0x0C, 0x63, 0x0C, 0x63, 0x0C, 0x63,
    0x0C, 0x63, 0x0C, 0x63, 0x2C, 0x63, 0xEB, 0x5A, 0xEB, 0x5A, 0x4D, 0x6B, 0x71, 0x8C, 0x75, 0xAD,
    0xF7, 0xBD, 0xD7, 0xBD, 0x14, 0xA5, 0x10, 0x84, 0x4D, 0x6B, 0xCB, 0x5A, 0x0C, 0x63, 0x30, 0x84,
    0x96, 0xB5, 0xF7, 0xBD, 0x55, 0xAD, 0x71, 0x8C, 0xEF, 0x7B, 0xAE, 0x73, 0x6D, 0x6B, 0x6D, 0x6B,
    0x4D, 0x6B, 0xCB, 0x5A, 0xE7, 0x39, 0x41, 0x08, 0x00, 0x00, 0x00, 0x00, 0x00, 0x00, 0x00, 0x00,
    0x86, 0x31, 0x00, 0x00, 0x00, 0x00, 0xC3, 0x18, 0x04, 0x21, 0x08, 0x42, 0xCB, 0x5A, 0x2C, 0x63,
    0x0C, 0x63, 0x8A, 0x52, 0xAA, 0x52, 0x6D, 0x6B, 0xD3, 0x9C, 0xF7, 0xBD, 0x38, 0xC6, 0x34, 0xA5,
    0xCF, 0x7B, 0xCB, 0x5A, 0xEB, 0x5A, 0xAE, 0x73, 0x71, 0x8C, 0x75, 0xAD, 0x38, 0xC6, 0x38, 0xC6,
    0x75, 0xAD, 0x51, 0x8C, 0x4D, 0x6B, 0xCB, 0x5A, 0xEB, 0x5A, 0x0C, 0x63, 0xEB, 0x5A, 0x0C, 0x63,
    0xAE, 0x73, 0xB2, 0x94, 0xD7, 0xBD, 0x18, 0xC6, 0x96, 0xB5, 0x71, 0x8C, 0x4D, 0x6B, 0xCB, 0x5A,
    0xEB, 0x5A, 0x2C, 0x63, 0x0C, 0x63, 0x0C, 0x63, 0x0C, 0x63, 0x0C, 0x63, 0x0C, 0x63, 0x0C, 0x63,
    0x0C, 0x63, 0x0C, 0x63, 0x0C, 0x63, 0xEB, 0x5A, 0xCB, 0x5A, 0xAE, 0x73, 0x34, 0xA5, 0x18, 0xC6,
    0xF7, 0xBD, 0x75, 0xAD, 0x14, 0xA5, 0x30, 0x84, 0x4D, 0x6B, 0xEB, 0x5A, 0x6D, 0x6B, 0x92, 0x94,
    0xB6, 0xB5, 0xF7, 0xBD, 0x55, 0xAD, 0x10, 0x84, 0x0C, 0x63, 0xAA, 0x52, 0xAA, 0x52, 0x2C, 0x63,
    0x4D, 0x6B, 0xEB, 0x5A, 0x08, 0x42, 0x00, 0x00, 0x00, 0x00, 0xFF, 0xFF, 0x00, 0x00, 0x00, 0x00,
    0x00, 0x00, 0x00, 0x00, 0x00, 0x00, 0x00, 0x00, 0x61, 0x08, 0xE7, 0x39, 0xCB, 0x5A, 0x2C, 0x63,
    0x0C, 0x63, 0xCB, 0x5A, 0x2C, 0x63, 0x10, 0x84, 0x55, 0xAD, 0x18, 0xC6, 0x38, 0xC6, 0x75, 0xAD,
    0x30, 0x84, 0x4D, 0x6B, 0x2C, 0x63, 0x2C, 0x63, 0x4D, 0x6B, 0x51, 0x8C, 0xB6, 0xB5, 0x9A, 0xD6,
    0x59, 0xCE, 0x14, 0xA5, 0x8E, 0x73, 0xCB, 0x5A, 0x0C, 0x63, 0x0C, 0x63, 0xEB, 0x5A, 0x4D, 0x6B,
    0x71, 0x8C, 0x96, 0xB5, 0x18, 0xC6, 0xB6, 0xB5, 0xB2, 0x94, 0xAE, 0x73, 0x0C, 0x63, 0xEB, 0x5A,
    0xEB, 0x5A, 0x0C, 0x63, 0x0C, 0x63, 0x0C, 0x63, 0x0C, 0x63, 0x0C, 0x63, 0x0C, 0x63, 0x0C, 0x63,
    0x0C, 0x63, 0x0C, 0x63, 0x2C, 0x63, 0xEB, 0x5A, 0xEB, 0x5A, 0x30, 0x84, 0xF7, 0xBD, 0xBA, 0xD6,
    0xF7, 0xBD, 0xD3, 0x9C, 0xCF, 0x7B, 0x2C, 0x63, 0xEB, 0x5A, 0x4D, 0x6B, 0xEF, 0x7B, 0xF3, 0x9C,
    0xB6, 0xB5, 0x18, 0xC6, 0xB6, 0xB5, 0xB2, 0x94, 0x8E, 0x73, 0xEB, 0x5A, 0xCB, 0x5A, 0x2C, 0x63,
    0x4D, 0x6B, 0xEB, 0x5A, 0x49, 0x4A, 0x00, 0x00, 0x00, 0x00, 0xF7, 0xBD, 0xFF, 0xFF, 0x00, 0x00,
    0x00, 0x00, 0x00, 0x00, 0xFF, 0xFF, 0x00, 0x00, 0x00, 0x00, 0xE7, 0x39, 0xEB, 0x5A, 0x4D, 0x6B,
    0x2C, 0x63, 0x4D, 0x6B, 0x10, 0x84, 0xD3, 0x9C, 0x75, 0xAD, 0xF7, 0xBD, 0x18, 0xC6, 0x96, 0xB5,
    0xB2, 0x94, 0xCF, 0x7B, 0x2C, 0x63, 0xCB, 0x5A, 0xCB, 0x5A, 0x8E, 0x73, 0xD3, 0x9C, 0x18, 0xC6,
    0x9A, 0xD6, 0xD7, 0xBD, 0x71, 0x8C, 0x2C, 0x63, 0xEB, 0x5A, 0xCB, 0x5A, 0xCB, 0x5A, 0xCF, 0x7B,
    0x14, 0xA5, 0x18, 0xC6, 0x18, 0xC6, 0x34, 0xA5, 0xEF, 0x7B, 0x2C, 0x63, 0x0C, 0x63, 0x0C, 0x63,
    0x0C, 0x63, 0x0C, 0x63, 0x0C, 0x63, 0x0C, 0x63, 0x0C, 0x63, 0x0C, 0x63, 0x0C, 0x63, 0x0C, 0x63,
    0x0C, 0x63, 0xEB, 0x5A, 0xCB, 0x5A, 0x2C, 0x63, 0xEF, 0x7B, 0x14, 0xA5, 0x18, 0xC6, 0x59, 0xCE,
    0x75, 0xAD, 0x51, 0x8C, 0x2C, 0x63, 0x8A, 0x52, 0xAA, 0x52, 0x6D, 0x6B, 0x92, 0x94, 0x75, 0xAD,
    0xD7, 0xBD, 0xF7, 0xBD, 0xB6, 0xB5, 0x34, 0xA5, 0x51, 0x8C, 0xAE, 0x73, 0x2C, 0x63, 0x2C, 0x63,
    0x0C, 0x63, 0xEB, 0x5A, 0x8A, 0x52, 0x00, 0x00, 0x00, 0x00, 0xEF, 0x7B, 0xFF, 0xFF, 0x00, 0x00,
    0x00, 0x00, 0xFF, 0xFF, 0xF7, 0xBD, 0x00, 0x00, 0x00, 0x00, 0x49, 0x4A, 0x0C, 0x63, 0x4D, 0x6B,
    0x2C, 0x63, 0x8E, 0x73, 0x71, 0x8C, 0xF3, 0x9C, 0xF3, 0x9C, 0x34, 0xA5, 0xB6, 0xB5, 0xD7, 0xBD,
    0x55, 0xAD, 0x51, 0x8C, 0x4D, 0x6B, 0xEB, 0x5A, 0x2C, 0x63, 0x8E, 0x73, 0xCF, 0x7B, 0xB2, 0x94,
    0xD7, 0xBD, 0x59, 0xCE, 0xB6, 0xB5, 0x51, 0x8C, 0x2C, 0x63, 0xAA, 0x52, 0x2C, 0x63, 0x71, 0x8C,
    0x96, 0xB5, 0x18, 0xC6, 0xD7, 0xBD, 0xB2, 0x94, 0x8E, 0x73, 0xEB, 0x5A, 0xEB, 0x5A, 0x0C, 0x63,
    0x0C, 0x63, 0x0C, 0x63, 0x0C, 0x63, 0x0C, 0x63, 0x0C, 0x63, 0x0C, 0x63, 0x0C, 0x63, 0x0C, 0x63,
    0x2C, 0x63, 0xCB, 0x5A, 0xCB, 0x5A, 0xAE, 0x73, 0x34, 0xA5, 0x18, 0xC6, 0xB6, 0xB5, 0x14, 0xA5,
    0x92, 0x94, 0xCF, 0x7B, 0x4D, 0x6B, 0xCB, 0x5A, 0xCB, 0x5A, 0xAE, 0x73, 0x14, 0xA5, 0xF7, 0xBD,
    0xD7, 0xBD, 0x75, 0xAD, 0x14, 0xA5, 0xD3, 0x9C, 0xB2, 0x94, 0x30, 0x84, 0x4D, 0x6B, 0xCB, 0x5A,
    0xAA, 0x52, 0x8A, 0x52, 0x49, 0x4A, 0x00, 0x00, 0x00, 0x00, 0x2C, 0x63, 0x00, 0x00, 0x00, 0x00,
    0x00, 0x00, 0xFF, 0xFF, 0xEF, 0x7B, 0x00, 0x00, 0x00, 0x00, 0x69, 0x4A, 0xCB, 0x5A, 0x0C, 0x63,
    0x2C, 0x63, 0x8E, 0x73, 0x30, 0x84, 0x51, 0x8C, 0xEF, 0x7B, 0x51, 0x8C, 0x55, 0xAD, 0x18, 0xC6,
    0xD7, 0xBD, 0xD3, 0x9C, 0x8E, 0x73, 0xEB, 0x5A, 0x4D, 0x6B, 0x6D, 0x6B, 0x4D, 0x6B, 0xEF, 0x7B,
    0x55, 0xAD, 0x38, 0xC6, 0x38, 0xC6, 0x55, 0xAD, 0x30, 0x84, 0xAE, 0x73, 0x30, 0x84, 0x34, 0xA5,
    0xD7, 0xBD, 0xD7, 0xBD, 0x14, 0xA5, 0x10, 0x84, 0x4D, 0x6B, 0xEB, 0x5A, 0x0C, 0x63, 0x0C, 0x63,
    0x0C, 0x63, 0x0C, 0x63, 0x0C, 0x63, 0x0C, 0x63, 0x0C, 0x63, 0xEB, 0x5A, 0xEB, 0x5A, 0xEB, 0x5A,
    0xEB, 0x5A, 0x2C, 0x63, 0x8E, 0x73, 0xB2, 0x94, 0xF7, 0xBD, 0x59, 0xCE, 0x96, 0xB5, 0xB2, 0x94,
    0xEF, 0x7B, 0x6D, 0x6B, 0x2C, 0x63, 0x0C, 0x63, 0x2C, 0x63, 0x10, 0x84, 0x75, 0xAD, 0x18, 0xC6,
    0xB6, 0xB5, 0xF3, 0x9C, 0x10, 0x84, 0xEF, 0x7B, 0x30, 0x84, 0x30, 0x84, 0x6D, 0x6B, 0xAA, 0x52,
    0x28, 0x42, 0xE7, 0x39, 0xA6, 0x31, 0x00, 0x00, 0x00, 0x00, 0x86, 0x31, 0x00, 0x00, 0x00, 0x00,
    0x00, 0x00, 0x00, 0x00, 0xAA, 0x52, 0x00, 0x00, 0x00, 0x00, 0xE7, 0x39, 0x49, 0x4A, 0x8A, 0x52,
    0xEB, 0x5A, 0x4D, 0x6B, 0x6D, 0x6B, 0x2C, 0x63, 0xEB, 0x5A, 0xAE, 0x73, 0x14, 0xA5, 0x18, 0xC6,
    0x38, 0xC6, 0x55, 0xAD, 0x10, 0x84, 0x2C, 0x63, 0x2C, 0x63, 0x2C, 0x63, 0x6D, 0x6B, 0x10, 0x84,
    0x14, 0xA5, 0xB6, 0xB5, 0xF7, 0xBD, 0xF7, 0xBD, 0xB6, 0xB5, 0x75, 0xAD, 0x75, 0xAD, 0xB6, 0xB5,
    0xF7, 0xBD, 0x75, 0xAD, 0x30, 0x84, 0x4D, 0x6B, 0x0C, 0x63, 0x0C, 0x63, 0x0C, 0x63, 0x2C, 0x63,
    0x2C, 0x63, 0x2C, 0x63, 0x2C, 0x63, 0x2C, 0x63, 0x0C, 0x63, 0xEB, 0x5A, 0xEB, 0x5A, 0xCB, 0x5A,
    0xEB, 0x5A, 0xEF, 0x7B, 0x34, 0xA5, 0xF7, 0xBD, 0xD7, 0xBD, 0xB6, 0xB5, 0x96, 0xB5, 0xF3, 0x9C,
    0xAE, 0x73, 0xEB, 0x5A, 0xEB, 0x5A, 0x4D, 0x6B, 0xEF, 0x7B, 0xD3, 0x9C, 0xB6, 0xB5, 0xF7, 0xBD,
    0x96, 0xB5, 0x71, 0x8C, 0x6D, 0x6B, 0xEB, 0x5A, 0x2C, 0x63, 0x8E, 0x73, 0x6D, 0x6B, 0xCB, 0x5A,
    0xE7, 0x39, 0xE3, 0x18, 0x82, 0x10, 0x00, 0x00, 0x00, 0x00, 0x00, 0x00, 0x00, 0x00, 0x00, 0x00,
    0x00, 0x00, 0x00, 0x00, 0xE7, 0x39, 0x00, 0x00, 0x00, 0x00, 0x65, 0x29, 0xA6, 0x31, 0x28, 0x42,
    0xEB, 0x5A, 0x2C, 0x63, 0xEB, 0x5A, 0xEB, 0x5A, 0x4D, 0x6B, 0x51, 0x8C, 0x55, 0xAD, 0x18, 0xC6,
    0x38, 0xC6, 0xB6, 0xB5, 0xD3, 0x9C, 0xCF, 0x7B, 0x0C, 0x63, 0xEB, 0x5A, 0x4D, 0x6B, 0xCF, 0x7B,
    0x51, 0x8C, 0xF3, 0x9C, 0xB6, 0xB5, 0x38, 0xC6, 0x79, 0xCE, 0x59, 0xCE, 0x18, 0xC6, 0x18, 0xC6,
    0x18, 0xC6, 0x34, 0xA5, 0xAE, 0x73, 0xCB, 0x5A, 0xCB, 0x5A, 0xEB, 0x5A, 0xEB, 0x5A, 0xEB, 0x5A,
    0xEB, 0x5A, 0xCB, 0x5A, 0xCB, 0x5A, 0xCB, 0x5A, 0xEB, 0x5A, 0x0C, 0x63, 0x4D, 0x6B, 0xAE, 0x73,
    0x10, 0x84, 0x14, 0xA5, 0x18, 0xC6, 0x59, 0xCE, 0xB6, 0xB5, 0x34, 0xA5, 0x14, 0xA5, 0x71, 0x8C,
    0x6D, 0x6B, 0xCB, 0x5A, 0xCB, 0x5A, 0x8E, 0x73, 0x92, 0x94, 0x96, 0xB5, 0xF7, 0xBD, 0xF7, 0xBD,
    0x96, 0xB5, 0xD3, 0x9C, 0xCF, 0x7B, 0x0C, 0x63, 0xCB, 0x5A, 0x0C, 0x63, 0x4D, 0x6B, 0xEB, 0x5A,
    0x08, 0x42, 0x00, 0x00, 0x00, 0x00, 0xFF, 0xFF, 0x00, 0x00, 0x00, 0x00, 0x00, 0x00, 0x00, 0x00,
    0x00, 0x00, 0x00, 0x00, 0x00, 0x00, 0x00, 0x00, 0x00, 0x00, 0x86, 0x31, 0xC3, 0x18, 0x08, 0x42,
    0xEB, 0x5A, 0x2C, 0x63, 0xEB, 0x5A, 0x4D, 0x6B, 0x92, 0x94, 0x55, 0xAD, 0x96, 0xB5, 0xB6, 0xB5,
    0xF7, 0xBD, 0xF7, 0xBD, 0xB6, 0xB5, 0xB2, 0x94, 0x6D, 0x6B, 0xEB, 0x5A, 0x2C, 0x63, 0x4D, 0x6B,
    0x2C, 0x63, 0x10, 0x84, 0x75, 0xAD, 0x38, 0xC6, 0x38, 0xC6, 0xF7, 0xBD, 0xF7, 0xBD, 0x38, 0xC6,
    0x38, 0xC6, 0x55, 0xAD, 0xAE, 0x73, 0xCB, 0x5A, 0x8A, 0x52, 0xAA, 0x52, 0xAA, 0x52, 0xCB, 0x5A,
    0xCB, 0x5A, 0xAA, 0x52, 0xAA, 0x52, 0xAA, 0x52, 0x0C, 0x63, 0x8E, 0x73, 0x51, 0x8C, 0x34, 0xA5,
    0xD7, 0xBD, 0x18, 0xC6, 0xF7, 0xBD, 0xB6, 0xB5, 0x96, 0xB5, 0xF3, 0x9C, 0xEF, 0x7B, 0x2C, 0x63,
    0x0C, 0x63, 0x0C, 0x63, 0x2C, 0x63, 0x10, 0x84, 0x55, 0xAD, 0xF7, 0xBD, 0xF7, 0xBD, 0xD7, 0xBD,
    0xB6, 0xB5, 0x75, 0xAD, 0xD3, 0x9C, 0xEF, 0x7B, 0x0C, 0x63, 0xEB, 0x5A, 0x0C, 0x63, 0xEB, 0x5A,
    0x28, 0x42, 0x00, 0x00, 0x00, 0x00, 0x2C, 0x63, 0xFF, 0xFF, 0x00, 0x00, 0x00, 0x00, 0x00, 0x00,
    0x00, 0x00, 0x00, 0x00, 0x00, 0x00, 0x00, 0x00, 0xFF, 0xFF, 0x00, 0x00, 0x00, 0x00, 0xC7, 0x39,
    0xCB, 0x5A, 0x0C, 0x63, 0x0C, 0x63, 0x8E, 0x73, 0xD3, 0x9C, 0x34, 0xA5, 0xD3, 0x9C, 0xB2, 0x94,
    0x14, 0xA5, 0xB6, 0xB5, 0x18, 0xC6, 0x96, 0xB5, 0x51, 0x8C, 0x4D, 0x6B, 0x0C, 0x63, 0xAA, 0x52,
    0x8A, 0x52, 0x4D, 0x6B, 0x92, 0x94, 0x75, 0xAD, 0xB6, 0xB5, 0xB6, 0xB5, 0xD7, 0xBD, 0x18, 0xC6,
    0x59, 0xCE, 0xD7, 0xBD, 0xF3, 0x9C, 0x30, 0x84, 0xCF, 0x7B, 0xAE, 0x73, 0x8E, 0x73, 0xAE, 0x73,
    0xAE, 0x73, 0xAE, 0x73, 0xAE, 0x73, 0xEF, 0x7B, 0x71, 0x8C, 0xD3, 0x9C, 0x55, 0xAD, 0x18, 0xC6,
    0xBA, 0xD6, 0x59, 0xCE, 0x34, 0xA5, 0xB2, 0x94, 0xD3, 0x9C, 0x51, 0x8C, 0x2C, 0x63, 0x8A, 0x52,
    0xCB, 0x5A, 0x4D, 0x6B, 0xEF, 0x7B, 0xF3, 0x9C, 0xD7, 0xBD, 0xF7, 0xBD, 0x55, 0xAD, 0xF3, 0x9C,
    0xF3, 0x9C, 0x14, 0xA5, 0xB2, 0x94, 0x30, 0x84, 0x6D, 0x6B, 0xEB, 0x5A, 0xAA, 0x52, 0x8A, 0x52,
    0x69, 0x4A, 0x00, 0x00, 0x00, 0x00, 0xAA, 0x52, 0xFF, 0xFF, 0x00, 0x00, 0x00, 0x00, 0x00, 0x00,
    0x00, 0x00, 0x00, 0x00, 0x00, 0x00, 0x00, 0x00, 0xEF, 0x7B, 0x00, 0x00, 0x00, 0x00, 0xE7, 0x39,
    0x69, 0x4A, 0xAA, 0x52, 0xEB, 0x5A, 0x4D, 0x6B, 0xAE, 0x73, 0x8E, 0x73, 0x6D, 0x6B, 0x8E, 0x73,
    0x51, 0x8C, 0x55, 0xAD, 0xF7, 0xBD, 0xF7, 0xBD, 0x55, 0xAD, 0x51, 0x8C, 0x4D, 0x6B, 0xAA, 0x52,
    0x8A, 0x52, 0xEB, 0x5A, 0x6D, 0x6B, 0x71, 0x8C, 0x75, 0xAD, 0xF7, 0xBD, 0xD7, 0xBD, 0xD7, 0xBD,
    0x38, 0xC6, 0x79, 0xCE, 0x59, 0xCE, 0x18, 0xC6, 0xB6, 0xB5, 0x75, 0xAD, 0x34, 0xA5, 0x34, 0xA5,
    0x55, 0xAD, 0x75, 0xAD, 0x75, 0xAD, 0xD7, 0xBD, 0x38, 0xC6, 0x38, 0xC6, 0xF7, 0xBD, 0xF7, 0xBD,
    0x38, 0xC6, 0xB6, 0xB5, 0x71, 0x8C, 0xAE, 0x73, 0xAE, 0x73, 0x6D, 0x6B, 0x0C, 0x63, 0xCB, 0x5A,
    0xEB, 0x5A, 0xCF, 0x7B, 0xD3, 0x9C, 0xD7, 0xBD, 0x38, 0xC6, 0x96, 0xB5, 0x92, 0x94, 0xAE, 0x73,
    0x8E, 0x73, 0x8E, 0x73, 0x8E, 0x73, 0x8E, 0x73, 0x6D, 0x6B, 0xCB, 0x5A, 0x28, 0x42, 0x86, 0x31,
    0x45, 0x29, 0x00, 0x00, 0x00, 0x00, 0xE7, 0x39, 0x00, 0x00, 0x00, 0x00, 0x00, 0x00, 0x00, 0x00,
    0x00, 0x00, 0x00, 0x00, 0x00, 0x00, 0x00, 0x00, 0x2C, 0x63, 0x00, 0x00, 0xFF, 0xFF, 0x28, 0x42,
    0xE7, 0x39, 0x49, 0x4A, 0xEB, 0x5A, 0x2C, 0x63, 0x0C, 0x63, 0xAA, 0x52, 0xAA, 0x52, 0x6D, 0x6B,
    0x92, 0x94, 0x75, 0xAD, 0xD7, 0xBD, 0xF7, 0xBD, 0xF7, 0xBD, 0x34, 0xA5, 0x30, 0x84, 0x6D, 0x6B,
    0x6D, 0x6B, 0x8E, 0x73, 0xAE, 0x73, 0x71, 0x8C, 0xB6, 0xB5, 0xF7, 0xBD, 0x75, 0xAD, 0x55, 0xAD,
    0xF7, 0xBD, 0x59, 0xCE, 0x59, 0xCE, 0x59, 0xCE, 0x79, 0xCE, 0x79, 0xCE, 0x59, 0xCE, 0x18, 0xC6,
    0xF7, 0xBD, 0x38, 0xC6, 0x9A, 0xD6, 0xBA, 0xD6, 0x59, 0xCE, 0xF7, 0xBD, 0xD7, 0xBD, 0x96, 0xB5,
    0x14, 0xA5, 0x71, 0x8C, 0xAE, 0x73, 0x2C, 0x63, 0xEB, 0x5A, 0xCB, 0x5A, 0x0C, 0x63, 0x4D, 0x6B,
    0xCF, 0x7B, 0x92, 0x94, 0x96, 0xB5, 0x38, 0xC6, 0x18, 0xC6, 0x96, 0xB5, 0xB2, 0x94, 0xCF, 0x7B,
    0x0C, 0x63, 0xAA, 0x52, 0xAA, 0x52, 0x0C, 0x63, 0x2C, 0x63, 0xAA, 0x52, 0xC7, 0x39, 0x00, 0x00,
    0x00, 0x00, 0xAA, 0x52, 0x00, 0x00, 0xEF, 0x7B, 0x00, 0x00, 0x00, 0x00, 0x00, 0x00, 0x00, 0x00,
    0x00, 0x00, 0x00, 0x00, 0x00, 0x00, 0x00, 0x00, 0x00, 0x00, 0x00, 0x00, 0xFF, 0xFF, 0xE7, 0x39,
    0x45, 0x29, 0x28, 0x42, 0xEB, 0x5A, 0x4D, 0x6B, 0x0C, 0x63, 0xCB, 0x5A, 0x0C, 0x63, 0xEF, 0x7B,
    0x55, 0xAD, 0xF7, 0xBD, 0xB6, 0xB5, 0x96, 0xB5, 0xF7, 0xBD, 0xD7, 0xBD, 0x55, 0xAD, 0xD3, 0x9C,
    0x92, 0x94, 0xB2, 0x94, 0xF3, 0x9C, 0x96, 0xB5, 0x18, 0xC6, 0x96, 0xB5, 0xB2, 0x94, 0xB2, 0x94,
    0x75, 0xAD, 0x75, 0xAD, 0xD3, 0x9C, 0xF3, 0x9C, 0xB6, 0xB5, 0x38, 0xC6, 0x18, 0xC6, 0xB6, 0xB5,
    0x55, 0xAD, 0xB6, 0xB5, 0x79, 0xCE, 0x18, 0xC6, 0xB2, 0x94, 0x51, 0x8C, 0x14, 0xA5, 0x14, 0xA5,
    0x10, 0x84, 0x4D, 0x6B, 0x4D, 0x6B, 0x2C, 0x63, 0xEB, 0x5A, 0xCB, 0x5A, 0x2C, 0x63, 0xEF, 0x7B,
    0xD3, 0x9C, 0xB6, 0xB5, 0xF7, 0xBD, 0xF7, 0xBD, 0xB6, 0xB5, 0x96, 0xB5, 0x96, 0xB5, 0xD3, 0x9C,
    0x6D, 0x6B, 0xAA, 0x52, 0xCB, 0x5A, 0x0C, 0x63, 0xCB, 0x5A, 0x8A, 0x52, 0xC7, 0x39, 0x00, 0x00,
    0x00, 0x00, 0xAA, 0x52, 0x00, 0x00, 0x00, 0x00, 0x00, 0x00, 0x00, 0x00, 0x00, 0x00, 0x00, 0x00,
    0x00, 0x00, 0x00, 0x00, 0x00, 0x00, 0x00, 0x00, 0x00, 0x00, 0x00, 0x00, 0x55, 0xAD, 0x00, 0x00,
    0x00, 0x00, 0xE7, 0x39, 0xAA, 0x52, 0x0C, 0x63, 0x2C, 0x63, 0x2C, 0x63, 0x6D, 0x6B, 0x30, 0x84,
    0x34, 0xA5, 0x55, 0xAD, 0xB2, 0x94, 0xB2, 0x94, 0x96, 0xB5, 0x18, 0xC6, 0x38, 0xC6, 0xF7, 0xBD,
    0x96, 0xB5, 0x96, 0xB5, 0xF7, 0xBD, 0x59, 0xCE, 0x38, 0xC6, 0x75, 0xAD, 0x30, 0x84, 0xEF, 0x7B,
    0x71, 0x8C, 0x51, 0x8C, 0x8E, 0x73, 0xAE, 0x73, 0x71, 0x8C, 0x34, 0xA5, 0x34, 0xA5, 0xD3, 0x9C,
    0x51, 0x8C, 0x92, 0x94, 0x75, 0xAD, 0xF3, 0x9C, 0x4D, 0x6B, 0x0C, 0x63, 0x10, 0x84, 0x30, 0x84,
    0x2C, 0x63, 0xAA, 0x52, 0xEB, 0x5A, 0x2C, 0x63, 0x4D, 0x6B, 0x6D, 0x6B, 0x10, 0x84, 0xF3, 0x9C,
    0xD7, 0xBD, 0x38, 0xC6, 0xD7, 0xBD, 0x34, 0xA5, 0xB2, 0x94, 0xD3, 0x9C, 0x55, 0xAD, 0xF3, 0x9C,
    0xAE, 0x73, 0x0C, 0x63, 0x2C, 0x63, 0x0C, 0x63, 0x8A, 0x52, 0x69, 0x4A, 0x49, 0x4A, 0x00, 0x00,
    0x00, 0x00, 0xAA, 0x52, 0x00, 0x00, 0x00, 0x00, 0x00, 0x00, 0x00, 0x00, 0x00, 0x00, 0x00, 0x00,
    0x00, 0x00, 0x00, 0x00, 0x00, 0x00, 0x00, 0x00, 0x00, 0x00, 0x00, 0x00, 0xAA, 0x52, 0x00, 0x00,
    0x00, 0x00, 0xA2, 0x10, 0xA6, 0x31, 0x69, 0x4A, 0xEB, 0x5A, 0x6D, 0x6B, 0x8E, 0x73, 0xAE, 0x73,
    0xEF, 0x7B, 0xAE, 0x73, 0x4D, 0x6B, 0xCF, 0x7B, 0x34, 0xA5, 0x38, 0xC6, 0x59, 0xCE, 0x18, 0xC6,
    0xF7, 0xBD, 0xD7, 0xBD, 0xF7, 0xBD, 0x38, 0xC6, 0x38, 0xC6, 0x75, 0xAD, 0x30, 0x84, 0x6D, 0x6B,
    0x6D, 0x6B, 0x6D, 0x6B, 0x4D, 0x6B, 0x6D, 0x6B, 0xAE, 0x73, 0x10, 0x84, 0x51, 0x8C, 0x10, 0x84,
    0x8E, 0x73, 0xAE, 0x73, 0x30, 0x84, 0x10, 0x84, 0x2C, 0x63, 0xEB, 0x5A, 0x4D, 0x6B, 0x4D, 0x6B,
    0xEB, 0x5A, 0xAA, 0x52, 0xCB, 0x5A, 0x2C, 0x63, 0xCF, 0x7B, 0x92, 0x94, 0x55, 0xAD, 0xD7, 0xBD,
    0x38, 0xC6, 0x18, 0xC6, 0x75, 0xAD, 0x71, 0x8C, 0x8E, 0x73, 0x6D, 0x6B, 0xEF, 0x7B, 0x10, 0x84,
    0x6D, 0x6B, 0x2C, 0x63, 0x4D, 0x6B, 0xEB, 0x5A, 0x28, 0x42, 0xA6, 0x31, 0xE7, 0x39, 0x00, 0x00,
    0x00, 0x00, 0xAA, 0x52, 0x00, 0x00, 0x00, 0x00, 0x00, 0x00, 0x00, 0x00, 0x00, 0x00, 0x00, 0x00,
    0x00, 0x00, 0x00, 0x00, 0x00, 0x00, 0x00, 0x00, 0x00, 0x00, 0x00, 0x00, 0xEF, 0x7B, 0x00, 0x00,
    0xE7, 0x39, 0x00, 0x00, 0x00, 0x00, 0xA6, 0x31, 0x8A, 0x52, 0x2C, 0x63, 0x6D, 0x6B, 0x4D, 0x6B,
    0x0C, 0x63, 0xCB, 0x5A, 0xCB, 0x5A, 0xCF, 0x7B, 0x34, 0xA5, 0xF7, 0xBD, 0xB6, 0xB5, 0x96, 0xB5,
    0xD7, 0xBD, 0xF7, 0xBD, 0xF7, 0xBD, 0x18, 0xC6, 0x18, 0xC6, 0xB6, 0xB5, 0xB2, 0x94, 0xAE, 0x73,
    0xEB, 0x5A, 0xCB, 0x5A, 0xEB, 0x5A, 0x2C, 0x63, 0x0C, 0x63, 0x2C, 0x63, 0x4D, 0x6B, 0x4D, 0x6B,
    0x0C, 0x63, 0xEB, 0x5A, 0x2C, 0x63, 0x2C, 0x63, 0x0C, 0x63, 0xEB, 0x5A, 0xCB, 0x5A, 0xEB, 0x5A,
    0x4D, 0x6B, 0x6D, 0x6B, 0x8E, 0x73, 0x10, 0x84, 0xD3, 0x9C, 0x75, 0xAD, 0xF7, 0xBD, 0xF7, 0xBD,
    0xB6, 0xB5, 0x96, 0xB5, 0x75, 0xAD, 0xB2, 0x94, 0x4D, 0x6B, 0xAA, 0x52, 0xEB, 0x5A, 0x4D, 0x6B,
    0x4D, 0x6B, 0x2C, 0x63, 0x0C, 0x63, 0x8A, 0x52, 0x86, 0x31, 0x00, 0x00, 0x00, 0x00, 0xEF, 0x7B,
    0x00, 0x00, 0x00, 0x00, 0x00, 0x00, 0x00, 0x00, 0x00, 0x00, 0x00, 0x00, 0x00, 0x00, 0x00, 0x00,
    0x00, 0x00, 0x00, 0x00, 0x00, 0x00, 0x00, 0x00, 0x00, 0x00, 0x00, 0x00, 0x00, 0x00, 0x00, 0x00,
    0x86, 0x31, 0x00, 0x00, 0x00, 0x00, 0x45, 0x29, 0x08, 0x42, 0x8A, 0x52, 0x0C, 0x63, 0x2C, 0x63,
    0x0C, 0x63, 0xEB, 0x5A, 0x6D, 0x6B, 0x71, 0x8C, 0x75, 0xAD, 0x96, 0xB5, 0xD3, 0x9C, 0xB2, 0x94,
    0x96, 0xB5, 0x18, 0xC6, 0x18, 0xC6, 0xF7, 0xBD, 0xF7, 0xBD, 0xD7, 0xBD, 0x55, 0xAD, 0x51, 0x8C,
    0x4D, 0x6B, 0xAA, 0x52, 0xAA, 0x52, 0xCB, 0x5A, 0xCB, 0x5A, 0xCB, 0x5A, 0xEB, 0x5A, 0xEB, 0x5A,
    0xCB, 0x5A, 0xCB, 0x5A, 0xCB, 0x5A, 0xCB, 0x5A, 0xCB, 0x5A, 0xCB, 0x5A, 0xEB, 0x5A, 0x4D, 0x6B,
    0xCF, 0x7B, 0x71, 0x8C, 0xF3, 0x9C, 0x75, 0xAD, 0xB6, 0xB5, 0xD7, 0xBD, 0xD7, 0xBD, 0x55, 0xAD,
    0xB2, 0x94, 0xF3, 0x9C, 0xB6, 0xB5, 0x55, 0xAD, 0xCF, 0x7B, 0xCB, 0x5A, 0xCB, 0x5A, 0x2C, 0x63,
    0x6D, 0x6B, 0x0C, 0x63, 0x49, 0x4A, 0x65, 0x29, 0x61, 0x08, 0x00, 0x00, 0x00, 0x00, 0xAA, 0x52,
    0x00, 0x00, 0x00, 0x00, 0x00, 0x00, 0x00, 0x00, 0x00, 0x00, 0x00, 0x00, 0x00, 0x00, 0x00, 0x00,
    0x00, 0x00, 0x00, 0x00, 0x00, 0x00, 0x00, 0x00, 0x00, 0x00, 0x00, 0x00, 0x00, 0x00, 0x00, 0x00,
    0x86, 0x31, 0xFF, 0xFF, 0x00, 0x00, 0xE7, 0x39, 0x86, 0x31, 0x08, 0x42, 0xAA, 0x52, 0xEB, 0x5A,
    0x2C, 0x63, 0x4D, 0x6B, 0xCF, 0x7B, 0x71, 0x8C, 0xF3, 0x9C, 0x92, 0x94, 0xAE, 0x73, 0x10, 0x84,
    0x75, 0xAD, 0x38, 0xC6, 0xF7, 0xBD, 0xD7, 0xBD, 0xF7, 0xBD, 0xF7, 0xBD, 0xD7, 0xBD, 0x55, 0xAD,
    0x71, 0x8C, 0xCF, 0x7B, 0x8E, 0x73, 0x8E, 0x73, 0x6D, 0x6B, 0x6D, 0x6B, 0x4D, 0x6B, 0x4D, 0x6B,
    0x6D, 0x6B, 0x6D, 0x6B, 0x6D, 0x6B, 0x6D, 0x6B, 0x8E, 0x73, 0xAE, 0x73, 0x10, 0x84, 0x71, 0x8C,
    0xD3, 0x9C, 0x55, 0xAD, 0xD7, 0xBD, 0x18, 0xC6, 0x18, 0xC6, 0xF7, 0xBD, 0xB6, 0xB5, 0xD3, 0x9C,
    0xCF, 0x7B, 0x10, 0x84, 0xF3, 0x9C, 0x14, 0xA5, 0xEF, 0x7B, 0x2C, 0x63, 0x2C, 0x63, 0x4D, 0x6B,
    0x0C, 0x63, 0x8A, 0x52, 0x86, 0x31, 0x00, 0x00, 0x00, 0x00, 0xF7, 0xBD, 0x00, 0x00, 0x00, 0x00,
    0x00, 0x00, 0x00, 0x00, 0x00, 0x00, 0x00, 0x00, 0x00, 0x00, 0x00, 0x00, 0x00, 0x00, 0x00, 0x00,
    0x00, 0x00, 0x00, 0x00, 0x00, 0x00, 0x00, 0x00, 0x00, 0x00, 0x00, 0x00, 0x00, 0x00, 0x00, 0x00,
    0x00, 0x00, 0x00, 0x00, 0xFF, 0xFF, 0x00, 0x00, 0xE3, 0x18, 0xC7, 0x39, 0x28, 0x42, 0x8A, 0x52,
    0x0C, 0x63, 0x4D, 0x6B, 0x8E, 0x73, 0x8E, 0x73, 0xAE, 0x73, 0x4D, 0x6B, 0xEB, 0x5A, 0xCF, 0x7B,
    0x75, 0xAD, 0x18, 0xC6, 0x96, 0xB5, 0x55, 0xAD, 0xB6, 0xB5, 0xF7, 0xBD, 0xF7, 0xBD, 0xD7, 0xBD,
    0x96, 0xB5, 0x55, 0xAD, 0x14, 0xA5, 0xD3, 0x9C, 0xB2, 0x94, 0x71, 0x8C, 0x71, 0x8C, 0x51, 0x8C,
    0x71, 0x8C, 0x71, 0x8C, 0x92, 0x94, 0xB2, 0x94, 0x14, 0xA5, 0x55, 0xAD, 0x75, 0xAD, 0x96, 0xB5,
    0xB6, 0xB5, 0xB6, 0xB5, 0xD7, 0xBD, 0xD7, 0xBD, 0xB6, 0xB5, 0xB6, 0xB5, 0x96, 0xB5, 0xB2, 0x94,
    0x8E, 0x73, 0x2C, 0x63, 0x8E, 0x73, 0xCF, 0x7B, 0x6D, 0x6B, 0x4D, 0x6B, 0x6D, 0x6B, 0xEB, 0x5A,
    0x69, 0x4A, 0xA6, 0x31, 0x82, 0x10, 0x00, 0x00, 0x00, 0x00, 0x55, 0xAD, 0x00, 0x00, 0x00, 0x00,
    0x00, 0x00, 0x00, 0x00, 0x00, 0x00, 0x00, 0x00, 0x00, 0x00, 0x00, 0x00, 0x00, 0x00, 0x00, 0x00,
    0x00, 0x00, 0x00, 0x00, 0x00, 0x00, 0x00, 0x00, 0x00, 0x00, 0x00, 0x00, 0x00, 0x00, 0x00, 0x00,
    0x00, 0x00, 0x00, 0x00, 0x45, 0x29, 0x00, 0x00, 0x00, 0x00, 0x45, 0x29, 0xA6, 0x31, 0x28, 0x42,
    0xAA, 0x52, 0x0C, 0x63, 0x4D, 0x6B, 0x2C, 0x63, 0x0C, 0x63, 0xAA, 0x52, 0xCB, 0x5A, 0xEF, 0x7B,
    0x55, 0xAD, 0x96, 0xB5, 0xB2, 0x94, 0x92, 0x94, 0x55, 0xAD, 0xD7, 0xBD, 0xF7, 0xBD, 0xF7, 0xBD,
    0x18, 0xC6, 0x18, 0xC6, 0x18, 0xC6, 0xD7, 0xBD, 0xB6, 0xB5, 0x96, 0xB5, 0x75, 0xAD, 0x55, 0xAD,
    0x75, 0xAD, 0x75, 0xAD, 0xB6, 0xB5, 0xD7, 0xBD, 0xF7, 0xBD, 0x18, 0xC6, 0xF7, 0xBD, 0x18, 0xC6,
    0x38, 0xC6, 0xF7, 0xBD, 0x55, 0xAD, 0xF3, 0x9C, 0xB2, 0x94, 0xF3, 0x9C, 0x55, 0xAD, 0xD3, 0x9C,
    0x6D, 0x6B, 0xAA, 0x52, 0xCB, 0x5A, 0x2C, 0x63, 0x2C, 0x63, 0x2C, 0x63, 0x0C, 0x63, 0x8A, 0x52,
    0xA6, 0x31, 0x00, 0x00, 0x00, 0x00, 0x00, 0x00, 0xEF, 0x7B, 0xAA, 0x52, 0x00, 0x00, 0x00, 0x00,
    0x00, 0x00, 0x00, 0x00, 0x00, 0x00, 0x00, 0x00, 0x00, 0x00, 0x00, 0x00, 0x00, 0x00, 0x00, 0x00,
    0x00, 0x00, 0x00, 0x00, 0x00, 0x00, 0x00, 0x00, 0x00, 0x00, 0x00, 0x00, 0x00, 0x00, 0x00, 0x00,
    0x00, 0x00, 0x00, 0x00, 0x00, 0x00, 0x00, 0x00, 0x00, 0x00, 0x00, 0x00, 0x45, 0x29, 0xA6, 0x31,
    0x08, 0x42, 0x8A, 0x52, 0x0C, 0x63, 0x4D, 0x6B, 0x0C, 0x63, 0xEB, 0x5A, 0x2C, 0x63, 0xEF, 0x7B,
    0xB2, 0x94, 0x71, 0x8C, 0x8E, 0x73, 0x8E, 0x73, 0xB2, 0x94, 0x96, 0xB5, 0xB6, 0xB5, 0x96, 0xB5,
    0x96, 0xB5, 0x96, 0xB5, 0xF7, 0xBD, 0x18, 0xC6, 0x18, 0xC6, 0x18, 0xC6, 0xF7, 0xBD, 0xD7, 0xBD,
    0xF7, 0xBD, 0xF7, 0xBD, 0x18, 0xC6, 0x18, 0xC6, 0x18, 0xC6, 0xD7, 0xBD, 0x55, 0xAD, 0x75, 0xAD,
    0xD7, 0xBD, 0xD7, 0xBD, 0xF3, 0x9C, 0x10, 0x84, 0x6D, 0x6B, 0xEF, 0x7B, 0xF3, 0x9C, 0xD3, 0x9C,
    0x8E, 0x73, 0xAA, 0x52, 0xCB, 0x5A, 0x2C, 0x63, 0x4D, 0x6B, 0xEB, 0x5A, 0x49, 0x4A, 0x86, 0x31,
    0xE3, 0x18, 0x00, 0x00, 0x00, 0x00, 0x00, 0x00, 0x00, 0x00, 0x00, 0x00, 0x00, 0x00, 0x00, 0x00,
    0x00, 0x00, 0x00, 0x00, 0x00, 0x00, 0x00, 0x00, 0x00, 0x00, 0x00, 0x00, 0x00, 0x00, 0x00, 0x00,
    0x00, 0x00, 0x00, 0x00, 0x00, 0x00, 0x00, 0x00, 0x00, 0x00, 0x00, 0x00, 0x00, 0x00, 0x00, 0x00,
    0x00, 0x00, 0x00, 0x00, 0x00, 0x00, 0x00, 0x00, 0x49, 0x4A, 0xEF, 0x7B, 0x00, 0x00, 0x00, 0x00,
    0x45, 0x29, 0x08, 0x42, 0xAA, 0x52, 0xEB, 0x5A, 0x0C, 0x63, 0x4D, 0x6B, 0x8E, 0x73, 0xCF, 0x7B,
    0x10, 0x84, 0x8E, 0x73, 0xCB, 0x5A, 0x2C, 0x63, 0xB2, 0x94, 0x55, 0xAD, 0x14, 0xA5, 0x92, 0x94,
    0x92, 0x94, 0xF3, 0x9C, 0xB6, 0xB5, 0xD7, 0xBD, 0x75, 0xAD, 0x55, 0xAD, 0xB6, 0xB5, 0xF7, 0xBD,
    0xD7, 0xBD, 0x96, 0xB5, 0x55, 0xAD, 0x96, 0xB5, 0xF7, 0xBD, 0x96, 0xB5, 0x71, 0x8C, 0x30, 0x84,
    0xF3, 0x9C, 0x55, 0xAD, 0xD3, 0x9C, 0xCF, 0x7B, 0xEB, 0x5A, 0x2C, 0x63, 0x10, 0x84, 0x51, 0x8C,
    0x8E, 0x73, 0x0C, 0x63, 0x0C, 0x63, 0x0C, 0x63, 0xEB, 0x5A, 0x8A, 0x52, 0x86, 0x31, 0x00, 0x00,
    0x00, 0x00, 0x00, 0x00, 0xEF, 0x7B, 0x00, 0x00, 0x00, 0x00, 0x00, 0x00, 0x00, 0x00, 0x00, 0x00,
    0x00, 0x00, 0x00, 0x00, 0x00, 0x00, 0x00, 0x00, 0x00, 0x00, 0x00, 0x00, 0x00, 0x00, 0x00, 0x00,
    0x00, 0x00, 0x00, 0x00, 0x00, 0x00, 0x00, 0x00, 0x00, 0x00, 0x00, 0x00, 0x00, 0x00, 0x00, 0x00,
    0x00, 0x00, 0x00, 0x00, 0x00, 0x00, 0x00, 0x00, 0x00, 0x00, 0x00, 0x00, 0x00, 0x00, 0x00, 0x00,
    0x24, 0x21, 0x65, 0x29, 0xA6, 0x31, 0x49, 0x4A, 0xCB, 0x5A, 0x4D, 0x6B, 0x6D, 0x6B, 0x4D, 0x6B,
    0x4D, 0x6B, 0xEB, 0x5A, 0xAA, 0x52, 0x6D, 0x6B, 0xD3, 0x9C, 0x14, 0xA5, 0x30, 0x84, 0x6D, 0x6B,
    0x8E, 0x73, 0x92, 0x94, 0xB6, 0xB5, 0x75, 0xAD, 0x10, 0x84, 0xEF, 0x7B, 0x14, 0xA5, 0xB6, 0xB5,
    0x55, 0xAD, 0x71, 0x8C, 0xEF, 0x7B, 0x92, 0x94, 0xD7, 0xBD, 0x96, 0xB5, 0xEF, 0x7B, 0x2C, 0x63,
    0xCF, 0x7B, 0x92, 0x94, 0xB2, 0x94, 0x10, 0x84, 0x2C, 0x63, 0xCB, 0x5A, 0x2C, 0x63, 0x6D, 0x6B,
    0x4D, 0x6B, 0x2C, 0x63, 0xEB, 0x5A, 0x8A, 0x52, 0x28, 0x42, 0xC7, 0x39, 0xC3, 0x18, 0x00, 0x00,
    0x00, 0x00, 0x00, 0x00, 0x00, 0x00, 0x00, 0x00, 0x00, 0x00, 0x00, 0x00, 0x00, 0x00, 0x00, 0x00,
    0x00, 0x00, 0x00, 0x00, 0x00, 0x00, 0x00, 0x00, 0x00, 0x00, 0x00, 0x00, 0x00, 0x00, 0x00, 0x00,
    0x00, 0x00, 0x00, 0x00, 0x00, 0x00, 0x00, 0x00, 0x00, 0x00, 0x00, 0x00, 0x00, 0x00, 0x00, 0x00,
    0x00, 0x00, 0x00, 0x00, 0x00, 0x00, 0x00, 0x00, 0x00, 0x00, 0x00, 0x00, 0x45, 0x29, 0xEF, 0x7B,
    0x00, 0x00, 0x00, 0x00, 0x00, 0x00, 0x65, 0x29, 0x8A, 0x52, 0xCB, 0x5A, 0xCB, 0x5A, 0xCB, 0x5A,
    0x0C, 0x63, 0x0C, 0x63, 0x0C, 0x63, 0x8E, 0x73, 0x71, 0x8C, 0x71, 0x8C, 0x6D, 0x6B, 0xCB, 0x5A,
    0x0C, 0x63, 0x30, 0x84, 0x34, 0xA5, 0xB2, 0x94, 0x2C, 0x63, 0x0C, 0x63, 0x71, 0x8C, 0x34, 0xA5,
    0xB2, 0x94, 0x8E, 0x73, 0x0C, 0x63, 0xCF, 0x7B, 0x55, 0xAD, 0x34, 0xA5, 0x8E, 0x73, 0xAA, 0x52,
    0x0C, 0x63, 0xCF, 0x7B, 0x30, 0x84, 0x10, 0x84, 0x8E, 0x73, 0x0C, 0x63, 0xEB, 0x5A, 0xEB, 0x5A,
    0xCB, 0x5A, 0xCB, 0x5A, 0xAA, 0x52, 0x28, 0x42, 0xA2, 0x10, 0x00, 0x00, 0x00, 0x00, 0x20, 0x00,
    0xAA, 0x52, 0x00, 0x00, 0x00, 0x00, 0x00, 0x00, 0x00, 0x00, 0x00, 0x00, 0x00, 0x00, 0x00, 0x00,
    0x00, 0x00, 0x00, 0x00, 0x00, 0x00, 0x00, 0x00, 0x00, 0x00, 0x00, 0x00, 0x00, 0x00, 0x00, 0x00,
    0x00, 0x00, 0x00, 0x00, 0x00, 0x00, 0x00, 0x00, 0x00, 0x00, 0x00, 0x00, 0x00, 0x00, 0x00, 0x00,
    0x00, 0x00, 0x00, 0x00, 0x00, 0x00, 0x00, 0x00, 0x00, 0x00, 0x00, 0x00, 0x00, 0x00, 0x00, 0x00,
    0x00, 0x00, 0x00, 0x00, 0x00, 0x00, 0xC3, 0x18, 0x28, 0x42, 0x08, 0x42, 0x28, 0x42, 0x69, 0x4A,
    0xEB, 0x5A, 0x4D, 0x6B, 0x4D, 0x6B, 0x4D, 0x6B, 0x6D, 0x6B, 0x4D, 0x6B, 0x0C, 0x63, 0xEB, 0x5A,
    0x0C, 0x63, 0xAE, 0x73, 0x71, 0x8C, 0x10, 0x84, 0x0C, 0x63, 0x0C, 0x63, 0x30, 0x84, 0xB2, 0x94,
    0x30, 0x84, 0x4D, 0x6B, 0xCB, 0x5A, 0x6D, 0x6B, 0x92, 0x94, 0x92, 0x94, 0x6D, 0x6B, 0xAA, 0x52,
    0xEB, 0x5A, 0x2C, 0x63, 0x6D, 0x6B, 0x6D, 0x6B, 0x4D, 0x6B, 0x4D, 0x6B, 0x2C, 0x63, 0xAA, 0x52,
    0x28, 0x42, 0xC7, 0x39, 0x08, 0x42, 0x08, 0x42, 0x00, 0x00, 0x00, 0x00, 0x00, 0x00, 0x00, 0x00,
    0x00, 0x00, 0x00, 0x00, 0x00, 0x00, 0x00, 0x00, 0x00, 0x00, 0x00, 0x00, 0x00, 0x00, 0x00, 0x00,
    0x00, 0x00, 0x00, 0x00, 0x00, 0x00, 0x00, 0x00, 0x00, 0x00, 0x00, 0x00, 0x00, 0x00, 0x00, 0x00,
    0x00, 0x00, 0x00, 0x00, 0x00, 0x00, 0x00, 0x00, 0x00, 0x00, 0x00, 0x00, 0x00, 0x00, 0x00, 0x00,
    0x00, 0x00, 0x00, 0x00, 0x00, 0x00, 0x00, 0x00, 0x00, 0x00, 0x00, 0x00, 0x00, 0x00, 0x00, 0x00,
    0xE7, 0x39, 0xEF, 0x7B, 0xFF, 0xFF, 0x00, 0x00, 0x00, 0x00, 0x00, 0x00, 0x45, 0x29, 0x28, 0x42,
    0xCB, 0x5A, 0x0C, 0x63, 0xEB, 0x5A, 0xCB, 0x5A, 0xCB, 0x5A, 0xEB, 0x5A, 0x2C, 0x63, 0x4D, 0x6B,
    0x6D, 0x6B, 0x8E, 0x73, 0xCF, 0x7B, 0x8E, 0x73, 0x4D, 0x6B, 0x4D, 0x6B, 0xEF, 0x7B, 0x10, 0x84,
    0xCF, 0x7B, 0x4D, 0x6B, 0x0C, 0x63, 0x6D, 0x6B, 0xEF, 0x7B, 0xEF, 0x7B, 0x6D, 0x6B, 0x2C, 0x63,
    0x2C, 0x63, 0x2C, 0x63, 0xEB, 0x5A, 0xCB, 0x5A, 0xCB, 0x5A, 0xEB, 0x5A, 0xEB, 0x5A, 0xAA, 0x52,
    0xA6, 0x31, 0x00, 0x00, 0x00, 0x00, 0x00, 0x00, 0x00, 0x00, 0xEF, 0x7B, 0xE7, 0x39, 0x00, 0x00,
    0x00, 0x00, 0x00, 0x00, 0x00, 0x00, 0x00, 0x00, 0x00, 0x00, 0x00, 0x00, 0x00, 0x00, 0x00, 0x00,
    0x00, 0x00, 0x00, 0x00, 0x00, 0x00, 0x00, 0x00, 0x00, 0x00, 0x00, 0x00, 0x00, 0x00, 0x00, 0x00,
    0x00, 0x00, 0x00, 0x00, 0x00, 0x00, 0x00, 0x00, 0x00, 0x00, 0x00, 0x00, 0x00, 0x00, 0x00, 0x00,
    0x00, 0x00, 0x00, 0x00, 0x00, 0x00, 0x00, 0x00, 0x00, 0x00, 0x00, 0x00, 0x00, 0x00, 0x00, 0x00,
    0x00, 0x00, 0x00, 0x00, 0x00, 0x00, 0x00, 0x00, 0x00, 0x00, 0x00, 0x00, 0xE3, 0x18, 0xE7, 0x39,
    0x28, 0x42, 0x28, 0x42, 0x08, 0x42, 0x28, 0x42, 0x8A, 0x52, 0xEB, 0x5A, 0x4D, 0x6B, 0x6D, 0x6B,
    0x6D, 0x6B, 0x4D, 0x6B, 0x4D, 0x6B, 0x4D, 0x6B, 0x2C, 0x63, 0x2C, 0x63, 0x4D, 0x6B, 0x4D, 0x6B,
    0x4D, 0x6B, 0x2C, 0x63, 0x2C, 0x63, 0x2C, 0x63, 0x6D, 0x6B, 0x6D, 0x6B, 0x4D, 0x6B, 0x4D, 0x6B,
    0x4D, 0x6B, 0x2C, 0x63, 0xAA, 0x52, 0x49, 0x4A, 0x08, 0x42, 0x08, 0x42, 0x28, 0x42, 0x8A, 0x52,
    0x45, 0x29, 0x00, 0x00, 0x00, 0x00, 0x00, 0x00, 0x00, 0x00, 0xFF, 0xFF, 0x00, 0x00, 0x00, 0x00,
    0x00, 0x00, 0x00, 0x00, 0x00, 0x00, 0x00, 0x00, 0x00, 0x00, 0x00, 0x00, 0x00, 0x00, 0x00, 0x00,
    0x00, 0x00, 0x00, 0x00, 0x00, 0x00, 0x00, 0x00, 0x00, 0x00, 0x00, 0x00, 0x00, 0x00, 0x00, 0x00,
    0x00, 0x00, 0x00, 0x00, 0x00, 0x00, 0x00, 0x00, 0x00, 0x00, 0x00, 0x00, 0x00, 0x00, 0x00, 0x00,
    0x00, 0x00, 0x00, 0x00, 0x00, 0x00, 0x00, 0x00, 0x00, 0x00, 0x00, 0x00, 0x00, 0x00, 0x00, 0x00,
    0x00, 0x00, 0x00, 0x00, 0x00, 0x00, 0xE7, 0x39, 0xAA, 0x52, 0xFF, 0xFF, 0x00, 0x00, 0x00, 0x00,
    0x00, 0x00, 0x00, 0x00, 0xA2, 0x10, 0xC7, 0x39, 0x8A, 0x52, 0xEB, 0x5A, 0xEB, 0x5A, 0xEB, 0x5A,
    0xCB, 0x5A, 0xCB, 0x5A, 0xCB, 0x5A, 0xCB, 0x5A, 0xCB, 0x5A, 0xCB, 0x5A, 0xCB, 0x5A, 0xCB, 0x5A,
    0xCB, 0x5A, 0xCB, 0x5A, 0xCB, 0x5A, 0xCB, 0x5A, 0xCB, 0x5A, 0xAA, 0x52, 0xCB, 0x5A, 0xEB, 0x5A,
    0x0C, 0x63, 0xEB, 0x5A, 0xAA, 0x52, 0x28, 0x42, 0x45, 0x29, 0x00, 0x00, 0x00, 0x00, 0x00, 0x00,
    0x00, 0x00, 0x00, 0x00, 0xEF, 0x7B, 0x2C, 0x63, 0x00, 0x00, 0x00, 0x00, 0x00, 0x00, 0x00, 0x00,
    0x00, 0x00, 0x00, 0x00, 0x00, 0x00, 0x00, 0x00, 0x00, 0x00, 0x00, 0x00, 0x00, 0x00, 0x00, 0x00,
    0x00, 0x00, 0x00, 0x00, 0x00, 0x00, 0x00, 0x00, 0x00, 0x00, 0x00, 0x00, 0x00, 0x00, 0x00, 0x00,
    0x00, 0x00, 0x00, 0x00, 0x00, 0x00, 0x00, 0x00, 0x00, 0x00, 0x00, 0x00, 0x00, 0x00, 0x00, 0x00,
    0x00, 0x00, 0x00, 0x00, 0x00, 0x00, 0x00, 0x00, 0x00, 0x00, 0x00, 0x00, 0x00, 0x00, 0x00, 0x00,
    0x00, 0x00, 0x00, 0x00, 0x00, 0x00, 0x00, 0x00, 0xFF, 0xFF, 0x00, 0x00, 0x00, 0x00, 0x00, 0x00,
    0x00, 0x00, 0x00, 0x00, 0x00, 0x00, 0x65, 0x29, 0x69, 0x4A, 0xAA, 0x52, 0x49, 0x4A, 0x08, 0x42,
    0xE7, 0x39, 0xE7, 0x39, 0xE7, 0x39, 0x28, 0x42, 0x28, 0x42, 0x49, 0x4A, 0x49, 0x4A, 0x69, 0x4A,
    0x69, 0x4A, 0x49, 0x4A, 0x49, 0x4A, 0x28, 0x42, 0x08, 0x42, 0xE7, 0x39, 0xE7, 0x39, 0x08, 0x42,
    0x28, 0x42, 0x69, 0x4A, 0x8A, 0x52, 0xE7, 0x39, 0xC3, 0x18, 0x00, 0x00, 0x00, 0x00, 0x00, 0x00,
    0x00, 0x00, 0x00, 0x00, 0x00, 0x00, 0x00, 0x00, 0x00, 0x00, 0x00, 0x00, 0x00, 0x00, 0x00, 0x00,
    0x00, 0x00, 0x00, 0x00, 0x00, 0x00, 0x00, 0x00, 0x00, 0x00, 0x00, 0x00, 0x00, 0x00, 0x00, 0x00,
    0x00, 0x00, 0x00, 0x00, 0x00, 0x00, 0x00, 0x00, 0x00, 0x00, 0x00, 0x00, 0x00, 0x00, 0x00, 0x00,
    0x00, 0x00, 0x00, 0x00, 0x00, 0x00, 0x00, 0x00, 0x00, 0x00, 0x00, 0x00, 0x00, 0x00, 0x00, 0x00,
    0x00, 0x00, 0x00, 0x00, 0x00, 0x00, 0x00, 0x00, 0x00, 0x00, 0x00, 0x00, 0x00, 0x00, 0x00, 0x00,
    0x00, 0x00, 0x00, 0x00, 0x00, 0x00, 0x00, 0x00, 0x00, 0x00, 0x00, 0x00, 0xE7, 0x39, 0x2C, 0x63,
    0xD3, 0x9C, 0xFF, 0xFF, 0x00, 0x00, 0x00, 0x00, 0x00, 0x00, 0x00, 0x00, 0x00, 0x00, 0x00, 0x00,
    0x00, 0x00, 0xC3, 0x18, 0x24, 0x21, 0x65, 0x29, 0xA6, 0x31, 0xE7, 0x39, 0x08, 0x42, 0x28, 0x42,
    0x28, 0x42, 0x08, 0x42, 0xC7, 0x39, 0x86, 0x31, 0x65, 0x29, 0x24, 0x21, 0x61, 0x08, 0x00, 0x00,
    0x00, 0x00, 0x00, 0x00, 0x00, 0x00, 0x00, 0x00, 0x00, 0x00, 0x00, 0x00, 0xF7, 0xBD, 0xAA, 0x52,
    0xE7, 0x39, 0x00, 0x00, 0x00, 0x00, 0x00, 0x00, 0x00, 0x00, 0x00, 0x00, 0x00, 0x00, 0x00, 0x00,
    0x00, 0x00, 0x00, 0x00, 0x00, 0x00, 0x00, 0x00, 0x00, 0x00, 0x00, 0x00, 0x00, 0x00, 0x00, 0x00,
    0x00, 0x00, 0x00, 0x00, 0x00, 0x00, 0x00, 0x00, 0x00, 0x00, 0x00, 0x00, 0x00, 0x00, 0x00, 0x00,
    0x00, 0x00, 0x00, 0x00, 0x00, 0x00, 0x00, 0x00, 0x00, 0x00, 0x00, 0x00, 0x00, 0x00, 0x00, 0x00,
    0x00, 0x00, 0x00, 0x00, 0x00, 0x00, 0x00, 0x00, 0x00, 0x00, 0x00, 0x00, 0x00, 0x00, 0x00, 0x00,
    0x00, 0x00, 0x00, 0x00, 0x00, 0x00, 0x00, 0x00, 0x00, 0x00, 0x00, 0x00, 0x00, 0x00, 0x00, 0x00,
    0xFF, 0xFF, 0x00, 0x00, 0x00, 0x00, 0x00, 0x00, 0x00, 0x00, 0x00, 0x00, 0x00, 0x00, 0x00, 0x00,
    0x00, 0x00, 0x00, 0x00, 0x61, 0x08, 0xE3, 0x18, 0x65, 0x29, 0x86, 0x31, 0xE7, 0x39, 0xE7, 0x39,
    0xE7, 0x39, 0xC7, 0x39, 0x45, 0x29, 0x24, 0x21, 0xC3, 0x18, 0x00, 0x00, 0x00, 0x00, 0x00, 0x00,
    0x00, 0x00, 0x00, 0x00, 0x00, 0x00, 0x00, 0x00, 0x00, 0x00, 0x00, 0x00, 0x00, 0x00, 0xFF, 0xFF,
    0x00, 0x00, 0x00, 0x00, 0x00, 0x00, 0x00, 0x00, 0x00, 0x00, 0x00, 0x00, 0x00, 0x00, 0x00, 0x00,
    0x00, 0x00, 0x00, 0x00, 0x00, 0x00, 0x00, 0x00, 0x00, 0x00, 0x00, 0x00, 0x00, 0x00, 0x00, 0x00,
    0x00, 0x00, 0x00, 0x00, 0x00, 0x00, 0x00, 0x00, 0x00, 0x00, 0x00, 0x00, 0x00, 0x00, 0x00, 0x00,
    0x00, 0x00, 0x00, 0x00, 0x00, 0x00, 0x00, 0x00, 0x00, 0x00, 0x00, 0x00, 0x00, 0x00, 0x00, 0x00,
    0x00, 0x00, 0x00, 0x00, 0x00, 0x00, 0x00, 0x00, 0x00, 0x00, 0x00, 0x00, 0x00, 0x00, 0x00, 0x00,
    0x00, 0x00, 0x00, 0x00, 0x00, 0x00, 0x00, 0x00, 0x00, 0x00, 0x00, 0x00, 0x00, 0x00, 0x00, 0x00,
    0x00, 0x00, 0x00, 0x00, 0xAA, 0x52, 0xE7, 0x39, 0xAA, 0x52, 0xAA, 0x52, 0xEF, 0x7B, 0xFF, 0xFF,
    0x00, 0x00, 0x00, 0x00, 0x00, 0x00, 0x00, 0x00, 0x00, 0x00, 0x00, 0x00, 0x00, 0x00, 0x00, 0x00,
    0x00, 0x00, 0x00, 0x00, 0x00, 0x00, 0x00, 0x00, 0x00, 0x00, 0x00, 0x00, 0x00, 0x00, 0x00, 0x00,
    0xFF, 0xFF, 0xEF, 0x7B, 0xAA, 0x52, 0x86, 0x31, 0xE7, 0x39, 0x00, 0x00, 0x00, 0x00, 0x00, 0x00,
    0x00, 0x00, 0x00, 0x00, 0x00, 0x00, 0x00, 0x00, 0x00, 0x00, 0x00, 0x00, 0x00, 0x00, 0x00, 0x00,
    0x00, 0x00, 0x00, 0x00, 0x00, 0x00, 0x00, 0x00, 0x00, 0x00, 0x00, 0x00, 0x00, 0x00, 0x00, 0x00,
    0x00, 0x00, 0x00, 0x00, 0x00, 0x00, 0x00, 0x00, 0x00, 0x00, 0x00, 0x00, 0x00, 0x00, 0x00, 0x00,
    0x00, 0x00, 0x00, 0x00, 0x00, 0x00, 0x00, 0x00, 0x00, 0x00, 0x00, 0x00, 0x00, 0x00, 0x00, 0x00,
    0x00, 0x00, 0x00, 0x00, 0x00, 0x00, 0x00, 0x00, 0x00, 0x00, 0x00, 0x00, 0x00, 0x00, 0x00, 0x00,
    0x00, 0x00, 0x00, 0x00, 0x00, 0x00, 0x00, 0x00, 0x00, 0x00, 0x00, 0x00, 0x00, 0x00, 0x00, 0x00,
    0x00, 0x00, 0x00, 0x00, 0x00, 0x00, 0x00, 0x00, 0x00, 0x00, 0xFF, 0xFF, 0x00, 0x00, 0x00, 0x00,
    0x00, 0x00, 0x00, 0x00, 0x00, 0x00, 0x00, 0x00, 0x00, 0x00, 0x00, 0x00, 0x00, 0x00, 0x00, 0x00,
    0x00, 0x00, 0x00, 0x00, 0x00, 0x00, 0x00, 0x00, 0x00, 0x00, 0x00, 0x00, 0x00, 0x00, 0x00, 0x00,
    0x00, 0x00, 0xFF, 0xFF, 0x00, 0x00, 0x00, 0x00, 0x00, 0x00, 0x00, 0x00, 0x00, 0x00, 0x00, 0x00,
    0x00, 0x00, 0x00, 0x00, 0x00, 0x00, 0x00, 0x00, 0x00, 0x00, 0x00, 0x00, 0x00, 0x00, 0x00, 0x00,
    0x00, 0x00, 0x00, 0x00, 0x00, 0x00, 0x00, 0x00, 0x00, 0x00, 0x00, 0x00, 0x00, 0x00, 0x00, 0x00,
    0x00, 0x00, 0x00, 0x00, 0x00, 0x00, 0x00, 0x00, 0x00, 0x00, 0x00, 0x00, 0x00, 0x00, 0x00, 0x00,
    0x00, 0x00, 0x00, 0x00, 0x00, 0x00, 0x00, 0x00, 0x00, 0x00, 0x00, 0x00, 0x00, 0x00, 0x00, 0x00,
    0x00, 0x00, 0x00, 0x00, 0x00, 0x00, 0x00, 0x00, 0x00, 0x00, 0x00, 0x00, 0x00, 0x00, 0x00, 0x00,
    0x00, 0x00, 0x00, 0x00, 0x00, 0x00, 0x00, 0x00, 0x00, 0x00, 0x00, 0x00, 0x00, 0x00, 0x00, 0x00,
    0x00, 0x00, 0x00, 0x00, 0x00, 0x00, 0x00, 0x00, 0x00, 0x00, 0x00, 0x00, 0x00, 0x00, 0x00, 0x00,
    0x00, 0x00, 0xE7, 0x39, 0x86, 0x31, 0x86, 0x31, 0x45, 0x29, 0xAA, 0x52, 0x49, 0x4A, 0x49, 0x4A,
    0x49, 0x4A, 0xAA, 0x52, 0xAA, 0x52, 0x45, 0x29, 0x86, 0x31, 0xE7, 0x39, 0xE7, 0x39, 0x00, 0x00,
    0x00, 0x00, 0x00, 0x00, 0x00, 0x00, 0x00, 0x00, 0x00, 0x00, 0x00, 0x00, 0x00, 0x00, 0x00, 0x00,
    0x00, 0x00, 0x00, 0x00, 0x00, 0x00, 0x00, 0x00, 0x00, 0x00, 0x00, 0x00, 0x00, 0x00, 0x00, 0x00,
    0x00, 0x00, 0x00, 0x00, 0x00, 0x00, 0x00, 0x00, 0x00, 0x00, 0x00, 0x00, 0x00, 0x00, 0x00, 0x00,
    0x00, 0x00, 0x00, 0x00, 0x00, 0x00, 0x00, 0x00, 0x00, 0x00, 0x00, 0x00, 0x00, 0x00, 0x00, 0x00,
    0x00, 0x00, 0x00, 0x00, 0x00, 0x00, 0x00, 0x00, 0x00, 0x00, 0x00, 0x00, 0x00, 0x00, 0x00, 0x00,
    0x00, 0x00, 0x00, 0x00, 0x00, 0x00, 0x00, 0x00, 0x00, 0x00, 0x00, 0x00, 0x00, 0x01, 0x02, 0x04,
    0x05, 0x06, 0x07, 0x07, 0x08, 0x08, 0x08, 0x08, 0x08, 0x08, 0x08, 0x07, 0x07, 0x06, 0x05, 0x04,
    0x03, 0x02, 0x01, 0x00, 0x00, 0x00, 0x00, 0x00, 0x00, 0x00, 0x00, 0x00, 0x00, 0x00, 0x00, 0x00,
    0x00, 0x00, 0x00, 0x00, 0x00, 0x00, 0x00, 0x00, 0x00, 0x00, 0x00, 0x00, 0x00, 0x00, 0x00, 0x00,
    0x00, 0x00, 0x00, 0x00, 0x00, 0x00, 0x00, 0x00, 0x00, 0x00, 0x00, 0x00, 0x00, 0x00, 0x00, 0x00,
    0x00, 0x00, 0x00, 0x00, 0x00, 0x00, 0x00, 0x00, 0x00, 0x01, 0x01, 0x01, 0x01, 0x00, 0x00, 0x00,
    0x00, 0x00, 0x00, 0x00, 0x00, 0x00, 0x00, 0x00, 0x00, 0x00, 0x00, 0x00, 0x00, 0x00, 0x00, 0x00,
    0x00, 0x00, 0x01, 0x01, 0x01, 0x01, 0x00, 0x00, 0x00, 0x00, 0x00, 0x00, 0x00, 0x00, 0x00, 0x00,
    0x00, 0x00, 0x00, 0x00, 0x00, 0x00, 0x00, 0x00, 0x00, 0x00, 0x00, 0x00, 0x00, 0x00, 0x00, 0x00,
    0x00, 0x00, 0x00, 0x00, 0x00, 0x00, 0x00, 0x00, 0x00, 0x00, 0x00, 0x00, 0x00, 0x00, 0x00, 0x00,
    0x00, 0x00, 0x00, 0x00, 0x00, 0x00, 0x00, 0x00, 0x01, 0x03, 0x04, 0x06, 0x06, 0x04, 0x00, 0x00,
    0x00, 0x00, 0x00, 0x00, 0x00, 0x00, 0x00, 0x00, 0x00, 0x00, 0x00, 0x00, 0x00, 0x00, 0x00, 0x00,
    0x00, 0x01, 0x05, 0x06, 0x05, 0x03, 0x02, 0x01, 0x00, 0x00, 0x00, 0x00, 0x00, 0x00, 0x00, 0x00,
    0x00, 0x00, 0x00, 0x00, 0x00, 0x00, 0x00, 0x00, 0x00, 0x00, 0x00, 0x00, 0x00, 0x00, 0x00, 0x00,
    0x00, 0x00, 0x00, 0x00, 0x00, 0x00, 0x00, 0x00, 0x00, 0x00, 0x00, 0x00, 0x00, 0x00, 0x00, 0x00,
    0x00, 0x00, 0x00, 0x00, 0x00, 0x01, 0x01, 0x01, 0x00, 0x00, 0x00, 0x00, 0x00, 0x00, 0x02, 0x0C,
    0x14, 0x1A, 0x20, 0x25, 0x29, 0x2B, 0x2D, 0x2E, 0x2D, 0x2C, 0x2A, 0x27, 0x22, 0x1D, 0x16, 0x0F,
    0x06, 0x00, 0x00, 0x00, 0x00, 0x00, 0x00, 0x00, 0x01, 0x01, 0x00, 0x00, 0x00, 0x00, 0x00, 0x00,
    0x00, 0x00, 0x00, 0x00, 0x00, 0x00, 0x00, 0x00, 0x00, 0x00, 0x00, 0x00, 0x00, 0x00, 0x00, 0x00,
    0x00, 0x00, 0x00, 0x00, 0x00, 0x00, 0x00, 0x00, 0x00, 0x00, 0x00, 0x00, 0x00, 0x00, 0x00, 0x00,
    0x00, 0x00, 0x00, 0x00, 0x01, 0x03, 0x05, 0x05, 0x01, 0x00, 0x00, 0x00, 0x00, 0x00, 0x20, 0x3E,
    0x58, 0x6C, 0x80, 0x8F, 0x9B, 0xA3, 0xAA, 0xAB, 0xAA, 0xA7, 0x9F, 0x95, 0x86, 0x76, 0x61, 0x4A,
    0x2E, 0x10, 0x00, 0x00, 0x00, 0x00, 0x00, 0x04, 0x06, 0x04, 0x01, 0x00, 0x00, 0x00, 0x00, 0x00,
    0x00, 0x00, 0x00, 0x00, 0x00, 0x00, 0x00, 0x00, 0x00, 0x00, 0x00, 0x00, 0x00, 0x00, 0x00, 0x00,
    0x00, 0x00, 0x00, 0x00, 0x00, 0x00, 0x00, 0x00, 0x00, 0x00, 0x00, 0x00, 0x00, 0x00, 0x00, 0x00,
    0x00, 0x00, 0x01, 0x01, 0x00, 0x00, 0x00, 0x00, 0x00, 0x0A, 0x19, 0x27, 0x38, 0x4F, 0x70, 0x8D,
    0xA7, 0xBB, 0xCF, 0xDD, 0xEA, 0xF2, 0xF8, 0xFA, 0xF9, 0xF6, 0xEE, 0xE4, 0xD5, 0xC5, 0xB0, 0x9A,
    0x7D, 0x60, 0x41, 0x2D, 0x20, 0x12, 0x01, 0x00, 0x00, 0x00, 0x00, 0x01, 0x01, 0x00, 0x00, 0x00,
    0x00, 0x00, 0x00, 0x00, 0x00, 0x00, 0x00, 0x00, 0x00, 0x00, 0x00, 0x00, 0x00, 0x00, 0x00, 0x00,
    0x00, 0x00, 0x00, 0x00, 0x00, 0x00, 0x00, 0x00, 0x00, 0x00, 0x00, 0x00, 0x00, 0x00, 0x00, 0x00,
    0x00, 0x01, 0x03, 0x05, 0x05, 0x00, 0x00, 0x00, 0x0F, 0x3A, 0x6B, 0x98, 0xBD, 0xD1, 0xDB, 0xE2,
    0xEC, 0xF2, 0xF8, 0xFC, 0xFF, 0xFF, 0xFF, 0xFF, 0xFF, 0xFF, 0xFF, 0xFE, 0xFA, 0xF5, 0xEE, 0xE8,
    0xDE, 0xD6, 0xC6, 0xAD, 0x83, 0x50, 0x1C, 0x00, 0x00, 0x00, 0x01, 0x06, 0x04, 0x01, 0x00, 0x00,
    0x00, 0x00, 0x00, 0x00, 0x00, 0x00, 0x00, 0x00, 0x00, 0x00, 0x00, 0x00, 0x00, 0x00, 0x00, 0x00,
    0x00, 0x00, 0x00, 0x00, 0x00, 0x00, 0x00, 0x00, 0x00, 0x00, 0x00, 0x00, 0x00, 0x00, 0x00, 0x00,
    0x02, 0x00, 0x00, 0x00, 0x00, 0x08, 0x1D, 0x36, 0x5E, 0x8A, 0xBB, 0xE7, 0xFF, 0xFF, 0xFF, 0xFF,
    0xFF, 0xFF, 0xFF, 0xFF, 0xFE, 0xFD, 0xFC, 0xFC, 0xFC, 0xFD, 0xFE, 0xFF, 0xFF, 0xFF, 0xFF, 0xFF,
    0xFF, 0xFF, 0xFF, 0xFC, 0xD2, 0xA0, 0x6C, 0x45, 0x27, 0x12, 0x00, 0x00, 0x00, 0x00, 0x01, 0x01,
    0x00, 0x00, 0x00, 0x00, 0x00, 0x00, 0x00, 0x00, 0x00, 0x00, 0x00, 0x00, 0x00, 0x00, 0x00, 0x00,
    0x00, 0x00, 0x00, 0x00, 0x00, 0x00, 0x00, 0x00, 0x00, 0x00, 0x00, 0x00, 0x00, 0x00, 0x00, 0x01,
    0x06, 0x03, 0x00, 0x00, 0x04, 0x32, 0x78, 0xAF, 0xD2, 0xE3, 0xF2, 0xFD, 0xFF, 0xFF, 0xFF, 0xFF,
    0xFF, 0xFF, 0xFF, 0xFF, 0xFF, 0xFF, 0xFF, 0xFF, 0xFF, 0xFF, 0xFF, 0xFF, 0xFF, 0xFF, 0xFF, 0xFF,
    0xFF, 0xFF, 0xFF, 0xFF, 0xF7, 0xEA, 0xDA, 0xC2, 0x92, 0x53, 0x11, 0x00, 0x00, 0x02, 0x04, 0x04,
    0x01, 0x00, 0x00, 0x00, 0x00, 0x00, 0x00, 0x00, 0x00, 0x00, 0x00, 0x00, 0x00, 0x00, 0x00, 0x00,
    0x00, 0x00, 0x00, 0x00, 0x00, 0x00, 0x00, 0x00, 0x00, 0x00, 0x00, 0x00, 0x00, 0x01, 0x02, 0x00,
    0x00, 0x00, 0x0B, 0x22, 0x4B, 0x83, 0xC8, 0xFA, 0xFF, 0xFF, 0xFF, 0xFD, 0xFA, 0xF8, 0xF9, 0xFB,
    0xFB, 0xFC, 0xFD, 0xFD, 0xFD, 0xFE, 0xFE, 0xFE, 0xFE, 0xFE, 0xFE, 0xFD, 0xFD, 0xFC, 0xFC, 0xFB,
    0xFA, 0xF9, 0xF9, 0xFB, 0xFF, 0xFF, 0xFF, 0xFF, 0xE0, 0xA4, 0x61, 0x30, 0x12, 0x01, 0x00, 0x00,
    0x00, 0x01, 0x00, 0x00, 0x00, 0x00, 0x00, 0x00, 0x00, 0x00, 0x00, 0x00, 0x00, 0x00, 0x00, 0x00,
    0x00, 0x00, 0x00, 0x00, 0x00, 0x00, 0x00, 0x00, 0x00, 0x00, 0x00, 0x00, 0x00, 0x03, 0x08, 0x00,
    0x00, 0x01, 0x3C, 0x81, 0xBF, 0xE1, 0xF6, 0xFF, 0xFF, 0xFF, 0xFF, 0xFF, 0xFE, 0xFD, 0xFE, 0xFE,
    0xFE, 0xFE, 0xFE, 0xFF, 0xFF, 0xFF, 0xFF, 0xFF, 0xFF, 0xFF, 0xFF, 0xFF, 0xFE, 0xFE, 0xFE, 0xFE,
    0xFE, 0xFD, 0xFE, 0xFF, 0xFF, 0xFF, 0xFF, 0xFF, 0xFB, 0xEB, 0xD6, 0xA1, 0x53, 0x15, 0x00, 0x00,
    0x03, 0x05, 0x02, 0x00, 0x00, 0x00, 0x00, 0x00, 0x00, 0x00, 0x00, 0x00, 0x00, 0x00, 0x00, 0x00,
    0x00, 0x00, 0x00, 0x00, 0x00, 0x00, 0x00, 0x00, 0x00, 0x00, 0x00, 0x00, 0x02, 0x00, 0x00, 0x00,
    0x18, 0x42, 0x8A, 0xD0, 0xFF, 0xFF, 0xFF, 0xF9, 0xF8, 0xFA, 0xFC, 0xFE, 0xFF, 0xFF, 0xFF, 0xFF,
    0xFF, 0xFF, 0xFF, 0xFF, 0xFF, 0xFF, 0xFF, 0xFF, 0xFF, 0xFF, 0xFF, 0xFF, 0xFF, 0xFF, 0xFF, 0xFF,
    0xFF, 0xFF, 0xFF, 0xFE, 0xFD, 0xFB, 0xF8, 0xFA, 0xFD, 0xFF, 0xFF, 0xEE, 0xA4, 0x5D, 0x26, 0x0A,
    0x00, 0x00, 0x00, 0x02, 0x00, 0x00, 0x00, 0x00, 0x00, 0x00, 0x00, 0x00, 0x00, 0x00, 0x00, 0x00,
    0x00, 0x00, 0x00, 0x00, 0x00, 0x00, 0x00, 0x00, 0x00, 0x00, 0x00, 0x01, 0x08, 0x00, 0x00, 0x14,
    0x68, 0xB0, 0xE0, 0xF8, 0xFF, 0xFF, 0xFF, 0xFF, 0xFD, 0xFE, 0xFE, 0xFF, 0xFF, 0xFF, 0xFF, 0xFF,
    0xFF, 0xFF, 0xFF, 0xFF, 0xFF, 0xFF, 0xFF, 0xFF, 0xFF, 0xFF, 0xFF, 0xFF, 0xFF, 0xFF, 0xFF, 0xFF,
    0xFF, 0xFF, 0xFF, 0xFF, 0xFF, 0xFE, 0xFD, 0xFE, 0xFF, 0xFF, 0xFF, 0xFF, 0xEB, 0xC6, 0x80, 0x3A,
    0x02, 0x00, 0x02, 0x06, 0x01, 0x00, 0x00, 0x00, 0x00, 0x00, 0x00, 0x00, 0x00, 0x00, 0x00, 0x00,
    0x00, 0x00, 0x00, 0x00, 0x00, 0x00, 0x00, 0x00, 0x00, 0x00, 0x02, 0x00, 0x00, 0x01, 0x1B, 0x5B,
    0xB8, 0xF6, 0xFF, 0xFF, 0xFB, 0xF8, 0xFC, 0xFE, 0xFF, 0xFF, 0xFF, 0xFF, 0xFF, 0xFF, 0xFF, 0xFF,
    0xFF, 0xFF, 0xFF, 0xFF, 0xFF, 0xFF, 0xFF, 0xFF, 0xFF, 0xFF, 0xFF, 0xFF, 0xFF, 0xFF, 0xFF, 0xFF,
    0xFF, 0xFF, 0xFF, 0xFF, 0xFF, 0xFF, 0xFF, 0xFF, 0xFE, 0xFA, 0xF5, 0xFE, 0xFF, 0xFF, 0xCE, 0x84,
    0x35, 0x0E, 0x00, 0x00, 0x01, 0x01, 0x00, 0x00, 0x00, 0x00, 0x00, 0x00, 0x00, 0x00, 0x00, 0x00,
    0x00, 0x00, 0x00, 0x00, 0x00, 0x00, 0x00, 0x00, 0x00, 0x01, 0x07, 0x00, 0x00, 0x1A, 0x74, 0xC3,
    0xF1, 0xFF, 0xFF, 0xFF, 0xFF, 0xFD, 0xFE, 0xFF, 0xFF, 0xFF, 0xFF, 0xFF, 0xFF, 0xFF, 0xFF, 0xFF,
    0xFF, 0xFF, 0xFF, 0xFF, 0xFF, 0xFF, 0xFF, 0xFF, 0xFF, 0xFF, 0xFF, 0xFF, 0xFF, 0xFF, 0xFF, 0xFF,
    0xFF, 0xFF, 0xFF, 0xFF, 0xFF, 0xFF, 0xFF, 0xFF, 0xFF, 0xFE, 0xFC, 0xFF, 0xFF, 0xFF, 0xF8, 0xD6,
    0x90, 0x46, 0x08, 0x00, 0x01, 0x05, 0x01, 0x00, 0x00, 0x00, 0x00, 0x00, 0x00, 0x00, 0x00, 0x00,
    0x00, 0x00, 0x00, 0x00, 0x00, 0x00, 0x00, 0x00, 0x02, 0x00, 0x00, 0x01, 0x18, 0x5D, 0xC3, 0xFF,
    0xFF, 0xFC, 0xFB, 0xFB, 0xFE, 0xFF, 0xFF, 0xFF, 0xFF, 0xFF, 0xFF, 0xFF, 0xFF, 0xFF, 0xFF, 0xFF,
    0xFF, 0xFF, 0xFF, 0xFF, 0xFF, 0xFF, 0xFF, 0xFF, 0xFF, 0xFF, 0xFF, 0xFF, 0xFF, 0xFF, 0xFF, 0xFF,
    0xFF, 0xFF, 0xFF, 0xFF, 0xFF, 0xFF, 0xFF, 0xFF, 0xFF, 0xFF, 0xFF, 0xFD, 0xF8, 0xFB, 0xFF, 0xFF,
    0xD8, 0x8E, 0x33, 0x09, 0x00, 0x02, 0x01, 0x01, 0x00, 0x00, 0x00, 0x00, 0x00, 0x00, 0x00, 0x00,
    0x00, 0x00, 0x00, 0x00, 0x00, 0x00, 0x00, 0x01, 0x05, 0x00, 0x00, 0x14, 0x69, 0xBB, 0xF3, 0xFF,
    0xFF, 0xFE, 0xFE, 0xFE, 0xFF, 0xFF, 0xFF, 0xFF, 0xFF, 0xFF, 0xFF, 0xFF, 0xFF, 0xFF, 0xFF, 0xFF,
    0xFF, 0xFF, 0xFF, 0xFF, 0xFF, 0xFF, 0xFF, 0xFF, 0xFF, 0xFF, 0xFF, 0xFF, 0xFF, 0xFF, 0xFF, 0xFF,
    0xFF, 0xFF, 0xFF, 0xFF, 0xFF, 0xFF, 0xFF, 0xFF, 0xFF, 0xFF, 0xFF, 0xFE, 0xFD, 0xFE, 0xFF, 0xFF,
    0xFB, 0xD4, 0x7E, 0x35, 0x08, 0x02, 0x02, 0x04, 0x01, 0x00, 0x00, 0x00, 0x00, 0x00, 0x00, 0x00,
    0x00, 0x00, 0x00, 0x00, 0x00, 0x00, 0x01, 0x01, 0x04, 0x01, 0x0D, 0x44, 0xB3, 0xF6, 0xFF, 0xFB,
    0xFB, 0xFC, 0xFF, 0xFF, 0xFF, 0xFF, 0xFF, 0xFF, 0xFF, 0xFF, 0xFF, 0xFF, 0xFF, 0xFF, 0xFF, 0xFF,
    0xFF, 0xFF, 0xFF, 0xFF, 0xFF, 0xFF, 0xFF, 0xFF, 0xFF, 0xFF, 0xFF, 0xFF, 0xFF, 0xFF, 0xFF, 0xFF,
    0xFF, 0xFF, 0xFF, 0xFF, 0xFF, 0xFF, 0xFF, 0xFF, 0xFF, 0xFF, 0xFF, 0xFF, 0xFF, 0xFE, 0xF9, 0xFC,
    0xFF, 0xF9, 0xC4, 0x77, 0x20, 0x00, 0x00, 0x04, 0x01, 0x00, 0x00, 0x00, 0x00, 0x00, 0x00, 0x00,
    0x00, 0x00, 0x00, 0x00, 0x00, 0x01, 0x04, 0x01, 0x03, 0x0D, 0x42, 0x8F, 0xE2, 0xFF, 0xFF, 0xFC,
    0xFD, 0xFE, 0xFF, 0xFF, 0xFF, 0xFF, 0xFF, 0xFF, 0xFF, 0xFF, 0xFF, 0xFF, 0xFF, 0xFF, 0xFF, 0xFF,
    0xFF, 0xFF, 0xFF, 0xFF, 0xFF, 0xFF, 0xFF, 0xFF, 0xFF, 0xFF, 0xFF, 0xFF, 0xFF, 0xFF, 0xFF, 0xFF,
    0xFF, 0xFF, 0xFF, 0xFF, 0xFF, 0xFF, 0xFF, 0xFF, 0xFF, 0xFF, 0xFF, 0xFF, 0xFF, 0xFF, 0xFD, 0xFE,
    0xFE, 0xFF, 0xF4, 0xBF, 0x51, 0x0F, 0x00, 0x04, 0x01, 0x01, 0x01, 0x00, 0x00, 0x00, 0x00, 0x00,
    0x00, 0x00, 0x00, 0x00, 0x00, 0x01, 0x04, 0x00, 0x00, 0x22, 0x82, 0xCF, 0xF8, 0xFC, 0xFC, 0xFC,
    0xFE, 0xFF, 0xFF, 0xFF, 0xFF, 0xFF, 0xFF, 0xFF, 0xFF, 0xFF, 0xFF, 0xFF, 0xFF, 0xFF, 0xFF, 0xFF,
    0xFF, 0xFF, 0xFF, 0xFF, 0xFF, 0xFF, 0xFF, 0xFF, 0xFF, 0xFF, 0xFF, 0xFF, 0xFF, 0xFF, 0xFF, 0xFF,
    0xFF, 0xFF, 0xFF, 0xFF, 0xFF, 0xFF, 0xFF, 0xFF, 0xFF, 0xFF, 0xFF, 0xFF, 0xFF, 0xFF, 0xFF, 0xFE,
    0xF8, 0xFD, 0xFF, 0xED, 0x9A, 0x43, 0x08, 0x00, 0x00, 0x03, 0x01, 0x00, 0x00, 0x00, 0x00, 0x00,
    0x00, 0x00, 0x00, 0x00, 0x01, 0x00, 0x02, 0x00, 0x09, 0x4C, 0xC0, 0xF7, 0xFF, 0xFB, 0xFE, 0xFE,
    0xFF, 0xFF, 0xFF, 0xFF, 0xFF, 0xFF, 0xFF, 0xFF, 0xFF, 0xFF, 0xFF, 0xFF, 0xFF, 0xFF, 0xFF, 0xFF,
    0xFF, 0xFF, 0xFF, 0xFF, 0xFF, 0xFF, 0xFF, 0xFF, 0xFF, 0xFF, 0xFF, 0xFF, 0xFF, 0xFF, 0xFF, 0xFF,
    0xFF, 0xFF, 0xFF, 0xFF, 0xFF, 0xFF, 0xFF, 0xFF, 0xFF, 0xFF, 0xFF, 0xFF, 0xFF, 0xFF, 0xFF, 0xFF,
    0xFC, 0xFF, 0xFF, 0xFF, 0xE6, 0x92, 0x25, 0x00, 0x00, 0x05, 0x01, 0x00, 0x00, 0x00, 0x00, 0x00,
    0x00, 0x00, 0x00, 0x00, 0x03, 0x00, 0x00, 0x04, 0x34, 0x8B, 0xE9, 0xFF, 0xFE, 0xF8, 0xFE, 0xFF,
    0xFF, 0xFF, 0xFF, 0xFF, 0xFF, 0xFF, 0xFF, 0xFF, 0xFF, 0xFF, 0xFF, 0xFF, 0xFF, 0xFF, 0xFF, 0xFF,
    0xFF, 0xFF, 0xFF, 0xFF, 0xFF, 0xFF, 0xFF, 0xFF, 0xFF, 0xFF, 0xFF, 0xFF, 0xFF, 0xFF, 0xFF, 0xFF,
    0xFF, 0xFF, 0xFF, 0xFF, 0xFF, 0xFF, 0xFF, 0xFF, 0xFF, 0xFF, 0xFF, 0xFF, 0xFF, 0xFF, 0xFF, 0xFF,
    0xFF, 0xFE, 0xF8, 0xFF, 0xFF, 0xCC, 0x51, 0x0E, 0x02, 0x05, 0x01, 0x01, 0x00, 0x00, 0x00, 0x00,
    0x00, 0x00, 0x00, 0x01, 0x06, 0x00, 0x00, 0x1A, 0x7B, 0xD2, 0xFD, 0xFF, 0xFF, 0xFB, 0xFF, 0xFF,
    0xFF, 0xFF, 0xFF, 0xFF, 0xFF, 0xFF, 0xFF, 0xFF, 0xFF, 0xFF, 0xFF, 0xFF, 0xFF, 0xFF, 0xFF, 0xFF,
    0xFF, 0xFF, 0xFF, 0xFF, 0xFF, 0xFF, 0xFF, 0xFF, 0xFF, 0xFF, 0xFF, 0xFF, 0xFF, 0xFF, 0xFF, 0xFF,
    0xFF, 0xFF, 0xFF, 0xFF, 0xFF, 0xFF, 0xFF, 0xFF, 0xFF, 0xFF, 0xFF, 0xFF, 0xFF, 0xFF, 0xFF, 0xFF,
    0xFF, 0xFE, 0xFA, 0xFF, 0xFF, 0xE7, 0x8E, 0x3F, 0x0E, 0x03, 0x01, 0x03, 0x01, 0x00, 0x00, 0x00,
    0x00, 0x00, 0x00, 0x01, 0x05, 0x00, 0x04, 0x38, 0xB4, 0xFA, 0xFF, 0xFB, 0xFE, 0xFE, 0xFF, 0xFF,
    0xFF, 0xFF, 0xFF, 0xFF, 0xFF, 0xFF, 0xFF, 0xFF, 0xFF, 0xFF, 0xFF, 0xFF, 0xFF, 0xFF, 0xFF, 0xFF,
    0xFF, 0xFF, 0xFF, 0xFF, 0xFF, 0xFF, 0xFF, 0xFF, 0xFF, 0xFF, 0xFF, 0xFF, 0xFF, 0xFF, 0xFF, 0xFF,
    0xFF, 0xFF, 0xFF, 0xFF, 0xFF, 0xFF, 0xFF, 0xFF, 0xFF, 0xFF, 0xFF, 0xFF, 0xFF, 0xFF, 0xFF, 0xFF,
    0xFF, 0xFE, 0xFC, 0xFE, 0xFA, 0xF2, 0xC7, 0x79, 0x1B, 0x00, 0x00, 0x05, 0x01, 0x00, 0x00, 0x00,
    0x00, 0x01, 0x01, 0x00, 0x01, 0x02, 0x19, 0x62, 0xD5, 0xFF, 0xFF, 0xFA, 0xFE, 0xFF, 0xFF, 0xFF,
    0xFF, 0xFF, 0xFF, 0xFF, 0xFF, 0xFF, 0xFF, 0xFF, 0xFF, 0xFF, 0xFF, 0xFF, 0xFF, 0xFF, 0xFF, 0xFF,
    0xFF, 0xFF, 0xFF, 0xFF, 0xFF, 0xFF, 0xFF, 0xFF, 0xFF, 0xFF, 0xFF, 0xFF, 0xFF, 0xFF, 0xFF, 0xFF,
    0xFF, 0xFF, 0xFF, 0xFF, 0xFF, 0xFF, 0xFF, 0xFF, 0xFF, 0xFF, 0xFF, 0xFF, 0xFF, 0xFF, 0xFF, 0xFF,
    0xFF, 0xFF, 0xFE, 0xFE, 0xFA, 0xFE, 0xF4, 0xAF, 0x32, 0x00, 0x00, 0x06, 0x01, 0x00, 0x00, 0x00,
    0x00, 0x01, 0x03, 0x00, 0x00, 0x0A, 0x3F, 0x93, 0xE7, 0xFE, 0xFE, 0xFA, 0xFE, 0xFF, 0xFF, 0xFF,
    0xFF, 0xFF, 0xFF, 0xFF, 0xFF, 0xFF, 0xFF, 0xFF, 0xFF, 0xFF, 0xFF, 0xFF, 0xFF, 0xFF, 0xFF, 0xFF,
    0xFF, 0xFF, 0xFF, 0xFF, 0xFF, 0xFF, 0xFF, 0xFF, 0xFF, 0xFF, 0xFF, 0xFF, 0xFF, 0xFF, 0xFF, 0xFF,
    0xFF, 0xFF, 0xFF, 0xFF, 0xFF, 0xFF, 0xFF, 0xFF, 0xFF, 0xFF, 0xFF, 0xFF, 0xFF, 0xFF, 0xFF, 0xFF,
    0xFF, 0xFF, 0xFF, 0xFE, 0xFA, 0xFF, 0xFF, 0xD0, 0x53, 0x0B, 0x02, 0x04, 0x01, 0x00, 0x00, 0x00,
    0x00, 0x01, 0x04, 0x00, 0x01, 0x1A, 0x72, 0xC7, 0xF8, 0xFF, 0xFF, 0xFC, 0xFE, 0xFF, 0xFF, 0xFF,
    0xFF, 0xFF, 0xFF, 0xFF, 0xFF, 0xFF, 0xFF, 0xFF, 0xFF, 0xFF, 0xFF, 0xFF, 0xFF, 0xFF, 0xFF, 0xFF,
    0xFF, 0xFF, 0xFF, 0xFF, 0xFF, 0xFF, 0xFF, 0xFF, 0xFF, 0xFF, 0xFF, 0xFF, 0xFF, 0xFF, 0xFF, 0xFF,
    0xFF, 0xFF, 0xFF, 0xFF, 0xFF, 0xFF, 0xFF, 0xFF, 0xFF, 0xFF, 0xFF, 0xFF, 0xFF, 0xFF, 0xFF, 0xFF,
    0xFF, 0xFF, 0xFF, 0xFE, 0xFA, 0xFF, 0xFF, 0xE3, 0x82, 0x34, 0x0A, 0x01, 0x00, 0x02, 0x01, 0x00,
    0x00, 0x01, 0x05, 0x00, 0x00, 0x2A, 0x9F, 0xE9, 0xFD, 0xFD, 0xFF, 0xFE, 0xFE, 0xFF, 0xFF, 0xFF,
    0xFF, 0xFF, 0xFF, 0xFF, 0xFF, 0xFF, 0xFF, 0xFF, 0xFF, 0xFF, 0xFF, 0xFF, 0xFF, 0xFF, 0xFF, 0xFF,
    0xFF, 0xFF, 0xFF, 0xFF, 0xFF, 0xFF, 0xFF, 0xFF, 0xFF, 0xFF, 0xFF, 0xFF, 0xFF, 0xFF, 0xFF, 0xFF,
    0xFF, 0xFF, 0xFF, 0xFF, 0xFF, 0xFF, 0xFF, 0xFF, 0xFF, 0xFF, 0xFF, 0xFF, 0xFF, 0xFF, 0xFF, 0xFF,
    0xFF, 0xFF, 0xFF, 0xFE, 0xFC, 0xFF, 0xFD, 0xEE, 0xB1, 0x5F, 0x14, 0x00, 0x00, 0x04, 0x01, 0x00,
    0x01, 0x00, 0x05, 0x00, 0x00, 0x3E, 0xC2, 0xFC, 0xFF, 0xFA, 0xFE, 0xFF, 0xFF, 0xFF, 0xFF, 0xFF,
    0xFF, 0xFF, 0xFF, 0xFF, 0xFF, 0xFF, 0xFF, 0xFF, 0xFF, 0xFF, 0xFF, 0xFF, 0xFF, 0xFF, 0xFF, 0xFF,
    0xFF, 0xFF, 0xFF, 0xFF, 0xFF, 0xFF, 0xFF, 0xFF, 0xFF, 0xFF, 0xFF, 0xFF, 0xFF, 0xFF, 0xFF, 0xFF,
    0xFF, 0xFF, 0xFF, 0xFF, 0xFF, 0xFF, 0xFF, 0xFF, 0xFF, 0xFF, 0xFF, 0xFF, 0xFF, 0xFF, 0xFF, 0xFF,
    0xFF, 0xFF, 0xFF, 0xFF, 0xFC, 0xFF, 0xFE, 0xFC, 0xDC, 0x89, 0x21, 0x01, 0x00, 0x06, 0x01, 0x00,
    0x02, 0x00, 0x03, 0x01, 0x09, 0x57, 0xD4, 0xFF, 0xFF, 0xF8, 0xFE, 0xFF, 0xFF, 0xFF, 0xFF, 0xFF,
    0xFF, 0xFF, 0xFF, 0xFF, 0xFF, 0xFF, 0xFF, 0xFF, 0xFF, 0xFF, 0xFF, 0xFF, 0xFF, 0xFF, 0xFF, 0xFF,
    0xFF, 0xFF, 0xFF, 0xFF, 0xFF, 0xFF, 0xFF, 0xFF, 0xFF, 0xFF, 0xFF, 0xFF, 0xFF, 0xFF, 0xFF, 0xFF,
    0xFF, 0xFF, 0xFF, 0xFF, 0xFF, 0xFF, 0xFF, 0xFF, 0xFF, 0xFF, 0xFF, 0xFF, 0xFF, 0xFF, 0xFF, 0xFF,
    0xFF, 0xFF, 0xFF, 0xFF, 0xFE, 0xFF, 0xFD, 0xFF, 0xF4, 0xAA, 0x2D, 0x00, 0x00, 0x06, 0x01, 0x00,
    0x03, 0x00, 0x01, 0x07, 0x28, 0x79, 0xDF, 0xFF, 0xFF, 0xF9, 0xFE, 0xFF, 0xFF, 0xFF, 0xFF, 0xFF,
    0xFF, 0xFF, 0xFF, 0xFF, 0xFF, 0xFF, 0xFF, 0xFF, 0xFF, 0xFF, 0xFF, 0xFF, 0xFF, 0xFF, 0xFF, 0xFF,
    0xFF, 0xFF, 0xFF, 0xFF, 0xFF, 0xFF, 0xFF, 0xFF, 0xFF, 0xFF, 0xFF, 0xFF, 0xFF, 0xFF, 0xFF, 0xFF,
    0xFF, 0xFF, 0xFF, 0xFF, 0xFF, 0xFF, 0xFF, 0xFF, 0xFF, 0xFF, 0xFF, 0xFF, 0xFF, 0xFF, 0xFF, 0xFF,
    0xFF, 0xFF, 0xFF, 0xFF, 0xFF, 0xFD, 0xF9, 0xFF, 0xFF, 0xC6, 0x3F, 0x00, 0x00, 0x05, 0x00, 0x01,
    0x05, 0x00, 0x00, 0x0E, 0x47, 0x96, 0xE5, 0xFE, 0xFF, 0xFB, 0xFE, 0xFF, 0xFF, 0xFF, 0xFF, 0xFF,
    0xFF, 0xFF, 0xFF, 0xFF, 0xFF, 0xFF, 0xFF, 0xFF, 0xFF, 0xFF, 0xFF, 0xFF, 0xFF, 0xFF, 0xFF, 0xFF,
    0xFF, 0xFF, 0xFF, 0xFF, 0xFF, 0xFF, 0xFF, 0xFF, 0xFF, 0xFF, 0xFF, 0xFF, 0xFF, 0xFF, 0xFF, 0xFF,
    0xFF, 0xFF, 0xFF, 0xFF, 0xFF, 0xFF, 0xFF, 0xFF, 0xFF, 0xFF, 0xFF, 0xFF, 0xFF, 0xFF, 0xFF, 0xFF,
    0xFF, 0xFF, 0xFF, 0xFF, 0xFF, 0xFD, 0xF8, 0xFE, 0xFF, 0xD4, 0x54, 0x07, 0x01, 0x03, 0x00, 0x01,
    0x06, 0x00, 0x00, 0x16, 0x61, 0xB1, 0xEE, 0xFF, 0xFF, 0xFC, 0xFE, 0xFF, 0xFF, 0xFF, 0xFF, 0xFF,
    0xFF, 0xFF, 0xFF, 0xFF, 0xFF, 0xFF, 0xFF, 0xFF, 0xFF, 0xFF, 0xFF, 0xFF, 0xFF, 0xFF, 0xFF, 0xFF,
    0xFF, 0xFF, 0xFF, 0xFF, 0xFF, 0xFF, 0xFF, 0xFF, 0xFF, 0xFF, 0xFF, 0xFF, 0xFF, 0xFF, 0xFF, 0xFF,
    0xFF, 0xFF, 0xFF, 0xFF, 0xFF, 0xFF, 0xFF, 0xFF, 0xFF, 0xFF, 0xFF, 0xFF, 0xFF, 0xFF, 0xFF, 0xFF,
    0xFF, 0xFF, 0xFF, 0xFF, 0xFF, 0xFE, 0xF9, 0xFF, 0xFF, 0xDC, 0x6E, 0x1F, 0x04, 0x01, 0x00, 0x02,
    0x06, 0x00, 0x00, 0x1D, 0x76, 0xC5, 0xF5, 0xFF, 0xFF, 0xFC, 0xFE, 0xFF, 0xFF, 0xFF, 0xFF, 0xFF,
    0xFF, 0xFF, 0xFF, 0xFF, 0xFF, 0xFF, 0xFF, 0xFF, 0xFF, 0xFF, 0xFF, 0xFF, 0xFF, 0xFF, 0xFF, 0xFF,
    0xFF, 0xFF, 0xFF, 0xFF, 0xFF, 0xFF, 0xFF, 0xFF, 0xFF, 0xFF, 0xFF, 0xFF, 0xFF, 0xFF, 0xFF, 0xFF,
    0xFF, 0xFF, 0xFF, 0xFF, 0xFF, 0xFF, 0xFF, 0xFF, 0xFF, 0xFF, 0xFF, 0xFF, 0xFF, 0xFF, 0xFF, 0xFF,
    0xFF, 0xFF, 0xFF, 0xFF, 0xFF, 0xFE, 0xFB, 0xFF, 0xFE, 0xE0, 0x85, 0x36, 0x08, 0x00, 0x00, 0x04,
    0x07, 0x00, 0x00, 0x23, 0x8A, 0xD8, 0xFB, 0xFF, 0xFF, 0xFD, 0xFF, 0xFF, 0xFF, 0xFF, 0xFF, 0xFF,
    0xFF, 0xFF, 0xFF, 0xFF, 0xFF, 0xFF, 0xFF, 0xFF, 0xFF, 0xFF, 0xFF, 0xFF, 0xFF, 0xFF, 0xFF, 0xFF,
    0xFF, 0xFF, 0xFF, 0xFF, 0xFF, 0xFF, 0xFF, 0xFF, 0xFF, 0xFF, 0xFF, 0xFF, 0xFF, 0xFF, 0xFF, 0xFF,
    0xFF, 0xFF, 0xFF, 0xFF, 0xFF, 0xFF, 0xFF, 0xFF, 0xFF, 0xFF, 0xFF, 0xFF, 0xFF, 0xFF, 0xFF, 0xFF,
    0xFF, 0xFF, 0xFF, 0xFF, 0xFF, 0xFE, 0xFB, 0xFF, 0xFF, 0xE7, 0x98, 0x49, 0x0E, 0x00, 0x00, 0x05,
    0x07, 0x00, 0x00, 0x27, 0x98, 0xE7, 0xFE, 0xFE, 0xFF, 0xFD, 0xFF, 0xFF, 0xFF, 0xFF, 0xFF, 0xFF,
    0xFF, 0xFF, 0xFF, 0xFF, 0xFF, 0xFF, 0xFF, 0xFF, 0xFF, 0xFF, 0xFF, 0xFF, 0xFF, 0xFF, 0xFF, 0xFF,
    0xFF, 0xFF, 0xFF, 0xFF, 0xFF, 0xFF, 0xFF, 0xFF, 0xFF, 0xFF, 0xFF, 0xFF, 0xFF, 0xFF, 0xFF, 0xFF,
    0xFF, 0xFF, 0xFF, 0xFF, 0xFF, 0xFF, 0xFF, 0xFF, 0xFF, 0xFF, 0xFF, 0xFF, 0xFF, 0xFF, 0xFF, 0xFF,
    0xFF, 0xFF, 0xFF, 0xFF, 0xFF, 0xFE, 0xFB, 0xFF, 0xFF, 0xEC, 0xA7, 0x58, 0x13, 0x00, 0x00, 0x05,
    0x08, 0x00, 0x00, 0x2B, 0xA5, 0xF5, 0xFF, 0xFD, 0xFF, 0xFE, 0xFF, 0xFF, 0xFF, 0xFF, 0xFF, 0xFF,
    0xFF, 0xFF, 0xFF, 0xFF, 0xFF, 0xFF, 0xFF, 0xFF, 0xFF, 0xFF, 0xFF, 0xFF, 0xFF, 0xFF, 0xFF, 0xFF,
    0xFF, 0xFF, 0xFF, 0xFF, 0xFF, 0xFF, 0xFF, 0xFF, 0xFF, 0xFF, 0xFF, 0xFF, 0xFF, 0xFF, 0xFF, 0xFF,
    0xFF, 0xFF, 0xFF, 0xFF, 0xFF, 0xFF, 0xFF, 0xFF, 0xFF, 0xFF, 0xFF, 0xFF, 0xFF, 0xFF, 0xFF, 0xFF,
    0xFF, 0xFF, 0xFF, 0xFF, 0xFF, 0xFE, 0xFC, 0xFF, 0xFF, 0xF0, 0xB5, 0x66, 0x17, 0x00, 0x00, 0x06,
    0x08, 0x00, 0x00, 0x2E, 0xAE, 0xFC, 0xFF, 0xFB, 0xFF, 0xFE, 0xFF, 0xFF, 0xFF, 0xFF, 0xFF, 0xFF,
    0xFF, 0xFF, 0xFF, 0xFF, 0xFF, 0xFF, 0xFF, 0xFF, 0xFF, 0xFF, 0xFF, 0xFF, 0xFF, 0xFF, 0xFF, 0xFF,
    0xFF, 0xFF, 0xFF, 0xFF, 0xFF, 0xFF, 0xFF, 0xFF, 0xFF, 0xFF, 0xFF, 0xFF, 0xFF, 0xFF, 0xFF, 0xFF,
    0xFF, 0xFF, 0xFF, 0xFF, 0xFF, 0xFF, 0xFF, 0xFF, 0xFF, 0xFF, 0xFF, 0xFF, 0xFF, 0xFF, 0xFF, 0xFF,
    0xFF, 0xFF, 0xFF, 0xFF, 0xFF, 0xFE, 0xFC, 0xFF, 0xFF, 0xF2, 0xBD, 0x6E, 0x1A, 0x00, 0x00, 0x06,
    0x09, 0x00, 0x00, 0x31, 0xB5, 0xFF, 0xFF, 0xFA, 0xFF, 0xFE, 0xFF, 0xFF, 0xFF, 0xFF, 0xFF, 0xFF,
    0xFF, 0xFF, 0xFF, 0xFF, 0xFF, 0xFF, 0xFF, 0xFF, 0xFF, 0xFF, 0xFF, 0xFF, 0xFF, 0xFF, 0xFF, 0xFF,
    0xFF, 0xFF, 0xFF, 0xFF, 0xFF, 0xFF, 0xFF, 0xFF, 0xFF, 0xFF, 0xFF, 0xFF, 0xFF, 0xFF, 0xFF, 0xFF,
    0xFF, 0xFF, 0xFF, 0xFF, 0xFF, 0xFF, 0xFF, 0xFF, 0xFF, 0xFF, 0xFF, 0xFF, 0xFF, 0xFF, 0xFF, 0xFF,
    0xFF, 0xFF, 0xFF, 0xFF, 0xFF, 0xFE, 0xFC, 0xFF, 0xFF, 0xF4, 0xC3, 0x74, 0x1D, 0x00, 0x00, 0x06,
    0x09, 0x00, 0x00, 0x31, 0xB7, 0xFF, 0xFF, 0xFA, 0xFF, 0xFE, 0xFF, 0xFF, 0xFF, 0xFF, 0xFF, 0xFF,
    0xFF, 0xFF, 0xFF, 0xFF, 0xFF, 0xFF, 0xFF, 0xFF, 0xFF, 0xFF, 0xFF, 0xFF, 0xFF, 0xFF, 0xFF, 0xFF,
    0xFF, 0xFF, 0xFF, 0xFF, 0xFF, 0xFF, 0xFF, 0xFF, 0xFF, 0xFF, 0xFF, 0xFF, 0xFF, 0xFF, 0xFF, 0xFF,
    0xFF, 0xFF, 0xFF, 0xFF, 0xFF, 0xFF, 0xFF, 0xFF, 0xFF, 0xFF, 0xFF, 0xFF, 0xFF, 0xFF, 0xFF, 0xFF,
    0xFF, 0xFF, 0xFF, 0xFF, 0xFF, 0xFE, 0xFC, 0xFF, 0xFF, 0xF5, 0xC5, 0x76, 0x1D, 0x00, 0x00, 0x06,
    0x09, 0x00, 0x00, 0x31, 0xB5, 0xFF, 0xFF, 0xFB, 0xFF, 0xFE, 0xFF, 0xFF, 0xFF, 0xFF, 0xFF, 0xFF,
    0xFF, 0xFF, 0xFF, 0xFF, 0xFF, 0xFF, 0xFF, 0xFF, 0xFF, 0xFF, 0xFF, 0xFF, 0xFF, 0xFF, 0xFF, 0xFF,
    0xFF, 0xFF, 0xFF, 0xFF, 0xFF, 0xFF, 0xFF, 0xFF, 0xFF, 0xFF, 0xFF, 0xFF, 0xFF, 0xFF, 0xFF, 0xFF,
    0xFF, 0xFF, 0xFF, 0xFF, 0xFF, 0xFF, 0xFF, 0xFF, 0xFF, 0xFF, 0xFF, 0xFF, 0xFF, 0xFF, 0xFF, 0xFF,
    0xFF, 0xFF, 0xFF, 0xFF, 0xFF, 0xFE, 0xFC, 0xFF, 0xFF, 0xF5, 0xC4, 0x75, 0x1D, 0x00, 0x00, 0x06,
    0x09, 0x00, 0x00, 0x2F, 0xB2, 0xFE, 0xFF, 0xFB, 0xFF, 0xFE, 0xFF, 0xFF, 0xFF, 0xFF, 0xFF, 0xFF,
    0xFF, 0xFF, 0xFF, 0xFF, 0xFF, 0xFF, 0xFF, 0xFF, 0xFF, 0xFF, 0xFF, 0xFF, 0xFF, 0xFF, 0xFF, 0xFF,
    0xFF, 0xFF, 0xFF, 0xFF, 0xFF, 0xFF, 0xFF, 0xFF, 0xFF, 0xFF, 0xFF, 0xFF, 0xFF, 0xFF, 0xFF, 0xFF,
    0xFF, 0xFF, 0xFF, 0xFF, 0xFF, 0xFF, 0xFF, 0xFF, 0xFF, 0xFF, 0xFF, 0xFF, 0xFF, 0xFF, 0xFF, 0xFF,
    0xFF, 0xFF, 0xFF, 0xFF, 0xFF, 0xFE, 0xFC, 0xFF, 0xFF, 0xF3, 0xC1, 0x72, 0x1B, 0x00, 0x00, 0x06,
    0x08, 0x00, 0x00, 0x2D, 0xAB, 0xF9, 0xFF, 0xFC, 0xFF, 0xFE, 0xFF, 0xFF, 0xFF, 0xFF, 0xFF, 0xFF,
    0xFF, 0xFF, 0xFF, 0xFF, 0xFF, 0xFF, 0xFF, 0xFF, 0xFF, 0xFF, 0xFF, 0xFF, 0xFF, 0xFF, 0xFF, 0xFF,
    0xFF, 0xFF, 0xFF, 0xFF, 0xFF, 0xFF, 0xFF, 0xFF, 0xFF, 0xFF, 0xFF, 0xFF, 0xFF, 0xFF, 0xFF, 0xFF,
    0xFF, 0xFF, 0xFF, 0xFF, 0xFF, 0xFF, 0xFF, 0xFF, 0xFF, 0xFF, 0xFF, 0xFF, 0xFF, 0xFF, 0xFF, 0xFF,
    0xFF, 0xFF, 0xFF, 0xFF, 0xFF, 0xFE, 0xFC, 0xFF, 0xFF, 0xF1, 0xB9, 0x6A, 0x19, 0x00, 0x00, 0x05,
    0x08, 0x00, 0x00, 0x2B, 0xA2, 0xF1, 0xFF, 0xFE, 0xFF, 0xFE, 0xFF, 0xFF, 0xFF, 0xFF, 0xFF, 0xFF,
    0xFF, 0xFF, 0xFF, 0xFF, 0xFF, 0xFF, 0xFF, 0xFF, 0xFF, 0xFF, 0xFF, 0xFF, 0xFF, 0xFF, 0xFF, 0xFF,
    0xFF, 0xFF, 0xFF, 0xFF, 0xFF, 0xFF, 0xFF, 0xFF, 0xFF, 0xFF, 0xFF, 0xFF, 0xFF, 0xFF, 0xFF, 0xFF,
    0xFF, 0xFF, 0xFF, 0xFF, 0xFF, 0xFF, 0xFF, 0xFF, 0xFF, 0xFF, 0xFF, 0xFF, 0xFF, 0xFF, 0xFF, 0xFF,
    0xFF, 0xFF, 0xFF, 0xFF, 0xFF, 0xFE, 0xFC, 0xFF, 0xFF, 0xEF, 0xB0, 0x61, 0x17, 0x00, 0x00, 0x05,
    0x07, 0x00, 0x00, 0x26, 0x94, 0xE3, 0xFD, 0xFF, 0xFF, 0xFD, 0xFE, 0xFF, 0xFF, 0xFF, 0xFF, 0xFF,
    0xFF, 0xFF, 0xFF, 0xFF, 0xFF, 0xFF, 0xFF, 0xFF, 0xFF, 0xFF, 0xFF, 0xFF, 0xFF, 0xFF, 0xFF, 0xFF,
    0xFF, 0xFF, 0xFF, 0xFF, 0xFF, 0xFF, 0xFF, 0xFF, 0xFF, 0xFF, 0xFF, 0xFF, 0xFF, 0xFF, 0xFF, 0xFF,
    0xFF, 0xFF, 0xFF, 0xFF, 0xFF, 0xFF, 0xFF, 0xFF, 0xFF, 0xFF, 0xFF, 0xFF, 0xFF, 0xFF, 0xFF, 0xFF,
    0xFF, 0xFF, 0xFF, 0xFF, 0xFF, 0xFE, 0xFB, 0xFF, 0xFF, 0xEA, 0xA2, 0x53, 0x13, 0x00, 0x00, 0x04,
    0x07, 0x00, 0x00, 0x22, 0x84, 0xD3, 0xF9, 0xFF, 0xFF, 0xFD, 0xFE, 0xFF, 0xFF, 0xFF, 0xFF, 0xFF,
    0xFF, 0xFF, 0xFF, 0xFF, 0xFF, 0xFF, 0xFF, 0xFF, 0xFF, 0xFF, 0xFF, 0xFF, 0xFF, 0xFF, 0xFF, 0xFF,
    0xFF, 0xFF, 0xFF, 0xFF, 0xFF, 0xFF, 0xFF, 0xFF, 0xFF, 0xFF, 0xFF, 0xFF, 0xFF, 0xFF, 0xFF, 0xFF,
    0xFF, 0xFF, 0xFF, 0xFF, 0xFF, 0xFF, 0xFF, 0xFF, 0xFF, 0xFF, 0xFF, 0xFF, 0xFF, 0xFF, 0xFF, 0xFF,
    0xFF, 0xFF, 0xFF, 0xFF, 0xFF, 0xFE, 0xFB, 0xFF, 0xFF, 0xE6, 0x93, 0x42, 0x0D, 0x00, 0x00, 0x04,
    0x05, 0x00, 0x00, 0x1B, 0x6E, 0xBE, 0xF2, 0xFF, 0xFF, 0xFC, 0xFE, 0xFF, 0xFF, 0xFF, 0xFF, 0xFF,
    0xFF, 0xFF, 0xFF, 0xFF, 0xFF, 0xFF, 0xFF, 0xFF, 0xFF, 0xFF, 0xFF, 0xFF, 0xFF, 0xFF, 0xFF, 0xFF,
    0xFF, 0xFF, 0xFF, 0xFF, 0xFF, 0xFF, 0xFF, 0xFF, 0xFF, 0xFF, 0xFF, 0xFF, 0xFF, 0xFF, 0xFF, 0xFF,
    0xFF, 0xFF, 0xFF, 0xFF, 0xFF, 0xFF, 0xFF, 0xFF, 0xFF, 0xFF, 0xFF, 0xFF, 0xFF, 0xFF, 0xFF, 0xFF,
    0xFF, 0xFF, 0xFF, 0xFF, 0xFF, 0xFE, 0xFA, 0xFF, 0xFE, 0xDE, 0x7D, 0x2D, 0x06, 0x00, 0x00, 0x03,
    0x05, 0x00, 0x00, 0x13, 0x57, 0xA8, 0xEC, 0xFF, 0xFF, 0xFC, 0xFE, 0xFF, 0xFF, 0xFF, 0xFF, 0xFF,
    0xFF, 0xFF, 0xFF, 0xFF, 0xFF, 0xFF, 0xFF, 0xFF, 0xFF, 0xFF, 0xFF, 0xFF, 0xFF, 0xFF, 0xFF, 0xFF,
    0xFF, 0xFF, 0xFF, 0xFF, 0xFF, 0xFF, 0xFF, 0xFF, 0xFF, 0xFF, 0xFF, 0xFF, 0xFF, 0xFF, 0xFF, 0xFF,
    0xFF, 0xFF, 0xFF, 0xFF, 0xFF, 0xFF, 0xFF, 0xFF, 0xFF, 0xFF, 0xFF, 0xFF, 0xFF, 0xFF, 0xFF, 0xFF,
    0xFF, 0xFF, 0xFF, 0xFF, 0xFF, 0xFE, 0xF8, 0xFF, 0xFF, 0xDA, 0x66, 0x18, 0x01, 0x01, 0x00, 0x03,
    0x04, 0x00, 0x00, 0x09, 0x3B, 0x8C, 0xE2, 0xFD, 0xFF, 0xFB, 0xFE, 0xFF, 0xFF, 0xFF, 0xFF, 0xFF,
    0xFF, 0xFF, 0xFF, 0xFF, 0xFF, 0xFF, 0xFF, 0xFF, 0xFF, 0xFF, 0xFF, 0xFF, 0xFF, 0xFF, 0xFF, 0xFF,
    0xFF, 0xFF, 0xFF, 0xFF, 0xFF, 0xFF, 0xFF, 0xFF, 0xFF, 0xFF, 0xFF, 0xFF, 0xFF, 0xFF, 0xFF, 0xFF,
    0xFF, 0xFF, 0xFF, 0xFF, 0xFF, 0xFF, 0xFF, 0xFF, 0xFF, 0xFF, 0xFF, 0xFF, 0xFF, 0xFF, 0xFF, 0xFF,
    0xFF, 0xFF, 0xFF, 0xFF, 0xFF, 0xFE, 0xF8, 0xFF, 0xFF, 0xCF, 0x4B, 0x05, 0x00, 0x04, 0x01, 0x01,
    0x02, 0x00, 0x01, 0x03, 0x1F, 0x6D, 0xDC, 0xFF, 0xFF, 0xF9, 0xFE, 0xFF, 0xFF, 0xFF, 0xFF, 0xFF,
    0xFF, 0xFF, 0xFF, 0xFF, 0xFF, 0xFF, 0xFF, 0xFF, 0xFF, 0xFF, 0xFF, 0xFF, 0xFF, 0xFF, 0xFF, 0xFF,
    0xFF, 0xFF, 0xFF, 0xFF, 0xFF, 0xFF, 0xFF, 0xFF, 0xFF, 0xFF, 0xFF, 0xFF, 0xFF, 0xFF, 0xFF, 0xFF,
    0xFF, 0xFF, 0xFF, 0xFF, 0xFF, 0xFF, 0xFF, 0xFF, 0xFF, 0xFF, 0xFF, 0xFF, 0xFF, 0xFF, 0xFF, 0xFF,
    0xFF, 0xFF, 0xFF, 0xFF, 0xFF, 0xFE, 0xFA, 0xFF, 0xFC, 0xBE, 0x38, 0x00, 0x00, 0x06, 0x01, 0x01,
    0x01, 0x01, 0x04, 0x00, 0x06, 0x4C, 0xCE, 0xFF, 0xFF, 0xF8, 0xFE, 0xFF, 0xFF, 0xFF, 0xFF, 0xFF,
    0xFF, 0xFF, 0xFF, 0xFF, 0xFF, 0xFF, 0xFF, 0xFF, 0xFF, 0xFF, 0xFF, 0xFF, 0xFF, 0xFF, 0xFF, 0xFF,
    0xFF, 0xFF, 0xFF, 0xFF, 0xFF, 0xFF, 0xFF, 0xFF, 0xFF, 0xFF, 0xFF, 0xFF, 0xFF, 0xFF, 0xFF, 0xFF,
    0xFF, 0xFF, 0xFF, 0xFF, 0xFF, 0xFF, 0xFF, 0xFF, 0xFF, 0xFF, 0xFF, 0xFF, 0xFF, 0xFF, 0xFF, 0xFF,
    0xFF, 0xFF, 0xFF, 0xFE, 0xFE, 0xFF, 0xFE, 0xFE, 0xEA, 0x9F, 0x29, 0x00, 0x00, 0x05, 0x01, 0x00,
    0x00, 0x01, 0x06, 0x00, 0x00, 0x35, 0xB9, 0xF9, 0xFE, 0xFA, 0xFE, 0xFF, 0xFF, 0xFF, 0xFF, 0xFF,
    0xFF, 0xFF, 0xFF, 0xFF, 0xFF, 0xFF, 0xFF, 0xFF, 0xFF, 0xFF, 0xFF, 0xFF, 0xFF, 0xFF, 0xFF, 0xFF,
    0xFF, 0xFF, 0xFF, 0xFF, 0xFF, 0xFF, 0xFF, 0xFF, 0xFF, 0xFF, 0xFF, 0xFF, 0xFF, 0xFF, 0xFF, 0xFF,
    0xFF, 0xFF, 0xFF, 0xFF, 0xFF, 0xFF, 0xFF, 0xFF, 0xFF, 0xFF, 0xFF, 0xFF, 0xFF, 0xFF, 0xFF, 0xFF,
    0xFF, 0xFF, 0xFF, 0xFE, 0xFC, 0xFF, 0xFF, 0xF8, 0xCD, 0x7A, 0x1D, 0x01, 0x00, 0x05, 0x01, 0x00,
    0x00, 0x01, 0x06, 0x00, 0x00, 0x25, 0x92, 0xDD, 0xF9, 0xFC, 0xFF, 0xFD, 0xFE, 0xFF, 0xFF, 0xFF,
    0xFF, 0xFF, 0xFF, 0xFF, 0xFF, 0xFF, 0xFF, 0xFF, 0xFF, 0xFF, 0xFF, 0xFF, 0xFF, 0xFF, 0xFF, 0xFF,
    0xFF, 0xFF, 0xFF, 0xFF, 0xFF, 0xFF, 0xFF, 0xFF, 0xFF, 0xFF, 0xFF, 0xFF, 0xFF, 0xFF, 0xFF, 0xFF,
    0xFF, 0xFF, 0xFF, 0xFF, 0xFF, 0xFF, 0xFF, 0xFF, 0xFF, 0xFF, 0xFF, 0xFF, 0xFF, 0xFF, 0xFF, 0xFF,
    0xFF, 0xFF, 0xFF, 0xFE, 0xFB, 0xFE, 0xFC, 0xE9, 0xA1, 0x4E, 0x0F, 0x00, 0x00, 0x04, 0x01, 0x00,
    0x00, 0x01, 0x04, 0x00, 0x01, 0x16, 0x60, 0xB3, 0xF3, 0xFF, 0xFF, 0xFB, 0xFE, 0xFF, 0xFF, 0xFF,
    0xFF, 0xFF, 0xFF, 0xFF, 0xFF, 0xFF, 0xFF, 0xFF, 0xFF, 0xFF, 0xFF, 0xFF, 0xFF, 0xFF, 0xFF, 0xFF,
    0xFF, 0xFF, 0xFF, 0xFF, 0xFF, 0xFF, 0xFF, 0xFF, 0xFF, 0xFF, 0xFF, 0xFF, 0xFF, 0xFF, 0xFF, 0xFF,
    0xFF, 0xFF, 0xFF, 0xFF, 0xFF, 0xFF, 0xFF, 0xFF, 0xFF, 0xFF, 0xFF, 0xFF, 0xFF, 0xFF, 0xFF, 0xFF,
    0xFF, 0xFF, 0xFF, 0xFE, 0xFA, 0xFF, 0xFF, 0xDD, 0x73, 0x27, 0x06, 0x01, 0x00, 0x02, 0x01, 0x00,
    0x00, 0x00, 0x03, 0x00, 0x00, 0x05, 0x2A, 0x7E, 0xE2, 0xFF, 0xFE, 0xF9, 0xFE, 0xFF, 0xFF, 0xFF,
    0xFF, 0xFF, 0xFF, 0xFF, 0xFF, 0xFF, 0xFF, 0xFF, 0xFF, 0xFF, 0xFF, 0xFF, 0xFF, 0xFF, 0xFF, 0xFF,
    0xFF, 0xFF, 0xFF, 0xFF, 0xFF, 0xFF, 0xFF, 0xFF, 0xFF, 0xFF, 0xFF, 0xFF, 0xFF, 0xFF, 0xFF, 0xFF,
    0xFF, 0xFF, 0xFF, 0xFF, 0xFF, 0xFF, 0xFF, 0xFF, 0xFF, 0xFF, 0xFF, 0xFF, 0xFF, 0xFF, 0xFF, 0xFF,
    0xFF, 0xFF, 0xFF, 0xFF, 0xFA, 0xFF, 0xFF, 0xC7, 0x47, 0x08, 0x01, 0x05, 0x01, 0x01, 0x00, 0x00,
    0x00, 0x00, 0x01, 0x00, 0x01, 0x00, 0x0A, 0x51, 0xCA, 0xFD, 0xFF, 0xF9, 0xFE, 0xFF, 0xFF, 0xFF,
    0xFF, 0xFF, 0xFF, 0xFF, 0xFF, 0xFF, 0xFF, 0xFF, 0xFF, 0xFF, 0xFF, 0xFF, 0xFF, 0xFF, 0xFF, 0xFF,
    0xFF, 0xFF, 0xFF, 0xFF, 0xFF, 0xFF, 0xFF, 0xFF, 0xFF, 0xFF, 0xFF, 0xFF, 0xFF, 0xFF, 0xFF, 0xFF,
    0xFF, 0xFF, 0xFF, 0xFF, 0xFF, 0xFF, 0xFF, 0xFF, 0xFF, 0xFF, 0xFF, 0xFF, 0xFF, 0xFF, 0xFF, 0xFF,
    0xFF, 0xFF, 0xFD, 0xFF, 0xFC, 0xFD, 0xEF, 0x9E, 0x28, 0x00, 0x00, 0x06, 0x01, 0x00, 0x00, 0x00,
    0x00, 0x00, 0x00, 0x01, 0x04, 0x00, 0x00, 0x2D, 0xA1, 0xE9, 0xFC, 0xFA, 0xFE, 0xFE, 0xFE, 0xFF,
    0xFF, 0xFF, 0xFF, 0xFF, 0xFF, 0xFF, 0xFF, 0xFF, 0xFF, 0xFF, 0xFF, 0xFF, 0xFF, 0xFF, 0xFF, 0xFF,
    0xFF, 0xFF, 0xFF, 0xFF, 0xFF, 0xFF, 0xFF, 0xFF, 0xFF, 0xFF, 0xFF, 0xFF, 0xFF, 0xFF, 0xFF, 0xFF,
    0xFF, 0xFF, 0xFF, 0xFF, 0xFF, 0xFF, 0xFF, 0xFF, 0xFF, 0xFF, 0xFF, 0xFF, 0xFF, 0xFF, 0xFF, 0xFF,
    0xFF, 0xFE, 0xFB, 0xFD, 0xFC, 0xEE, 0xB5, 0x61, 0x13, 0x00, 0x00, 0x04, 0x01, 0x00, 0x00, 0x00,
    0x00, 0x00, 0x00, 0x01, 0x05, 0x01, 0x01, 0x16, 0x64, 0xBA, 0xF7, 0xFF, 0xFF, 0xFB, 0xFE, 0xFF,
    0xFF, 0xFF, 0xFF, 0xFF, 0xFF, 0xFF, 0xFF, 0xFF, 0xFF, 0xFF, 0xFF, 0xFF, 0xFF, 0xFF, 0xFF, 0xFF,
    0xFF, 0xFF, 0xFF, 0xFF, 0xFF, 0xFF, 0xFF, 0xFF, 0xFF, 0xFF, 0xFF, 0xFF, 0xFF, 0xFF, 0xFF, 0xFF,
    0xFF, 0xFF, 0xFF, 0xFF, 0xFF, 0xFF, 0xFF, 0xFF, 0xFF, 0xFF, 0xFF, 0xFF, 0xFF, 0xFF, 0xFF, 0xFF,
    0xFF, 0xFE, 0xFA, 0xFF, 0xFF, 0xDD, 0x77, 0x2C, 0x09, 0x03, 0x01, 0x02, 0x01, 0x00, 0x00, 0x00,
    0x00, 0x00, 0x00, 0x00, 0x02, 0x00, 0x01, 0x04, 0x1F, 0x74, 0xE0, 0xFF, 0xFE, 0xF8, 0xFE, 0xFF,
    0xFF, 0xFF, 0xFF, 0xFF, 0xFF, 0xFF, 0xFF, 0xFF, 0xFF, 0xFF, 0xFF, 0xFF, 0xFF, 0xFF, 0xFF, 0xFF,
    0xFF, 0xFF, 0xFF, 0xFF, 0xFF, 0xFF, 0xFF, 0xFF, 0xFF, 0xFF, 0xFF, 0xFF, 0xFF, 0xFF, 0xFF, 0xFF,
    0xFF, 0xFF, 0xFF, 0xFF, 0xFF, 0xFF, 0xFF, 0xFF, 0xFF, 0xFF, 0xFF, 0xFF, 0xFF, 0xFF, 0xFF, 0xFF,
    0xFF, 0xFE, 0xF9, 0xFF, 0xFE, 0xBB, 0x40, 0x08, 0x01, 0x06, 0x01, 0x00, 0x00, 0x00, 0x00, 0x00,
    0x00, 0x00, 0x00, 0x00, 0x00, 0x00, 0x03, 0x00, 0x00, 0x3A, 0xAD, 0xEF, 0xFF, 0xFD, 0xFE, 0xFD,
    0xFF, 0xFF, 0xFF, 0xFF, 0xFF, 0xFF, 0xFF, 0xFF, 0xFF, 0xFF, 0xFF, 0xFF, 0xFF, 0xFF, 0xFF, 0xFF,
    0xFF, 0xFF, 0xFF, 0xFF, 0xFF, 0xFF, 0xFF, 0xFF, 0xFF, 0xFF, 0xFF, 0xFF, 0xFF, 0xFF, 0xFF, 0xFF,
    0xFF, 0xFF, 0xFF, 0xFF, 0xFF, 0xFF, 0xFF, 0xFF, 0xFF, 0xFF, 0xFF, 0xFF, 0xFF, 0xFF, 0xFF, 0xFF,
    0xFC, 0xFF, 0xFF, 0xFD, 0xD1, 0x7B, 0x1B, 0x00, 0x00, 0x06, 0x01, 0x00, 0x00, 0x00, 0x00, 0x00,
    0x00, 0x00, 0x00, 0x00, 0x00, 0x01, 0x03, 0x00, 0x00, 0x16, 0x64, 0xB5, 0xF4, 0xFF, 0xFC, 0xF9,
    0xFE, 0xFF, 0xFF, 0xFF, 0xFF, 0xFF, 0xFF, 0xFF, 0xFF, 0xFF, 0xFF, 0xFF, 0xFF, 0xFF, 0xFF, 0xFF,
    0xFF, 0xFF, 0xFF, 0xFF, 0xFF, 0xFF, 0xFF, 0xFF, 0xFF, 0xFF, 0xFF, 0xFF, 0xFF, 0xFF, 0xFF, 0xFF,
    0xFF, 0xFF, 0xFF, 0xFF, 0xFF, 0xFF, 0xFF, 0xFF, 0xFF, 0xFF, 0xFF, 0xFF, 0xFF, 0xFF, 0xFF, 0xFD,
    0xF7, 0xFE, 0xFF, 0xE4, 0x80, 0x2A, 0x04, 0x00, 0x00, 0x03, 0x00, 0x00, 0x00, 0x00, 0x00, 0x00,
    0x00, 0x00, 0x00, 0x00, 0x00, 0x01, 0x02, 0x01, 0x04, 0x07, 0x28, 0x70, 0xD2, 0xFC, 0xFF, 0xFC,
    0xFE, 0xFE, 0xFF, 0xFF, 0xFF, 0xFF, 0xFF, 0xFF, 0xFF, 0xFF, 0xFF, 0xFF, 0xFF, 0xFF, 0xFF, 0xFF,
    0xFF, 0xFF, 0xFF, 0xFF, 0xFF, 0xFF, 0xFF, 0xFF, 0xFF, 0xFF, 0xFF, 0xFF, 0xFF, 0xFF, 0xFF, 0xFF,
    0xFF, 0xFF, 0xFF, 0xFF, 0xFF, 0xFF, 0xFF, 0xFF, 0xFF, 0xFF, 0xFF, 0xFF, 0xFF, 0xFE, 0xFD, 0xFE,
    0xFF, 0xFF, 0xEC, 0xA9, 0x3B, 0x00, 0x00, 0x04, 0x01, 0x00, 0x00, 0x00, 0x00, 0x00, 0x00, 0x00,
    0x00, 0x00, 0x00, 0x00, 0x00, 0x00, 0x01, 0x01, 0x05, 0x00, 0x06, 0x31, 0x94, 0xDE, 0xFF, 0xFE,
    0xFB, 0xFA, 0xFE, 0xFF, 0xFF, 0xFF, 0xFF, 0xFF, 0xFF, 0xFF, 0xFF, 0xFF, 0xFF, 0xFF, 0xFF, 0xFF,
    0xFF, 0xFF, 0xFF, 0xFF, 0xFF, 0xFF, 0xFF, 0xFF, 0xFF, 0xFF, 0xFF, 0xFF, 0xFF, 0xFF, 0xFF, 0xFF,
    0xFF, 0xFF, 0xFF, 0xFF, 0xFF, 0xFF, 0xFF, 0xFF, 0xFF, 0xFF, 0xFF, 0xFF, 0xFF, 0xFD, 0xF7, 0xFC,
    0xFF, 0xF4, 0xA8, 0x55, 0x11, 0x00, 0x00, 0x03, 0x01, 0x00, 0x00, 0x00, 0x00, 0x00, 0x00, 0x00,
    0x00, 0x00, 0x00, 0x00, 0x00, 0x00, 0x00, 0x01, 0x05, 0x01, 0x00, 0x0C, 0x4E, 0x9B, 0xE2, 0xFF,
    0xFF, 0xFF, 0xFE, 0xFD, 0xFE, 0xFF, 0xFF, 0xFF, 0xFF, 0xFF, 0xFF, 0xFF, 0xFF, 0xFF, 0xFF, 0xFF,
    0xFF, 0xFF, 0xFF, 0xFF, 0xFF, 0xFF, 0xFF, 0xFF, 0xFF, 0xFF, 0xFF, 0xFF, 0xFF, 0xFF, 0xFF, 0xFF,
    0xFF, 0xFF, 0xFF, 0xFF, 0xFF, 0xFF, 0xFF, 0xFF, 0xFF, 0xFF, 0xFF, 0xFE, 0xFD, 0xFF, 0xFF, 0xFF,
    0xF1, 0xBF, 0x5D, 0x1A, 0x02, 0x04, 0x02, 0x03, 0x01, 0x00, 0x00, 0x00, 0x00, 0x00, 0x00, 0x00,
    0x00, 0x00, 0x00, 0x00, 0x00, 0x00, 0x00, 0x00, 0x01, 0x01, 0x01, 0x00, 0x10, 0x43, 0xA3, 0xE8,
    0xFF, 0xFF, 0xFB, 0xF9, 0xFD, 0xFF, 0xFF, 0xFF, 0xFF, 0xFF, 0xFF, 0xFF, 0xFF, 0xFF, 0xFF, 0xFF,
    0xFF, 0xFF, 0xFF, 0xFF, 0xFF, 0xFF, 0xFF, 0xFF, 0xFF, 0xFF, 0xFF, 0xFF, 0xFF, 0xFF, 0xFF, 0xFF,
    0xFF, 0xFF, 0xFF, 0xFF, 0xFF, 0xFF, 0xFF, 0xFF, 0xFF, 0xFF, 0xFF, 0xFC, 0xF6, 0xFD, 0xFF, 0xFA,
    0xB7, 0x69, 0x1F, 0x01, 0x00, 0x03, 0x01, 0x01, 0x00, 0x00, 0x00, 0x00, 0x00, 0x00, 0x00, 0x00,
    0x00, 0x00, 0x00, 0x00, 0x00, 0x00, 0x00, 0x00, 0x00, 0x01, 0x06, 0x01, 0x00, 0x0C, 0x57, 0xA3,
    0xDF, 0xFB, 0xFF, 0xFF, 0xFF, 0xFD, 0xFE, 0xFF, 0xFF, 0xFF, 0xFF, 0xFF, 0xFF, 0xFF, 0xFF, 0xFF,
    0xFF, 0xFF, 0xFF, 0xFF, 0xFF, 0xFF, 0xFF, 0xFF, 0xFF, 0xFF, 0xFF, 0xFF, 0xFF, 0xFF, 0xFF, 0xFF,
    0xFF, 0xFF, 0xFF, 0xFF, 0xFF, 0xFF, 0xFF, 0xFF, 0xFE, 0xFD, 0xFE, 0xFF, 0xFF, 0xFF, 0xED, 0xC0,
    0x6A, 0x26, 0x02, 0x00, 0x02, 0x03, 0x01, 0x00, 0x00, 0x00, 0x00, 0x00, 0x00, 0x00, 0x00, 0x00,
    0x00, 0x00, 0x00, 0x00, 0x00, 0x00, 0x00, 0x00, 0x00, 0x00, 0x02, 0x00, 0x00, 0x00, 0x13, 0x41,
    0x92, 0xD9, 0xFF, 0xFF, 0xFD, 0xF6, 0xFA, 0xFD, 0xFE, 0xFF, 0xFF, 0xFF, 0xFF, 0xFF, 0xFF, 0xFF,
    0xFF, 0xFF, 0xFF, 0xFF, 0xFF, 0xFF, 0xFF, 0xFF, 0xFF, 0xFF, 0xFF, 0xFF, 0xFF, 0xFF, 0xFF, 0xFF,
    0xFF, 0xFF, 0xFF, 0xFF, 0xFF, 0xFF, 0xFF, 0xFE, 0xFC, 0xF9, 0xF7, 0xFF, 0xFF, 0xF4, 0xAA, 0x5F,
    0x20, 0x05, 0x00, 0x01, 0x01, 0x01, 0x00, 0x00, 0x00, 0x00, 0x00, 0x00, 0x00, 0x00, 0x00, 0x00,
    0x00, 0x00, 0x00, 0x00, 0x00, 0x00, 0x00, 0x00, 0x00, 0x00, 0x00, 0x02, 0x07, 0x02, 0x00, 0x05,
    0x45, 0x8D, 0xCC, 0xED, 0xFF, 0xFF, 0xFF, 0xFF, 0xFE, 0xFD, 0xFE, 0xFE, 0xFF, 0xFF, 0xFF, 0xFF,
    0xFF, 0xFF, 0xFF, 0xFF, 0xFF, 0xFF, 0xFF, 0xFF, 0xFF, 0xFF, 0xFF, 0xFF, 0xFF, 0xFF, 0xFF, 0xFF,
    0xFF, 0xFF, 0xFF, 0xFE, 0xFE, 0xFE, 0xFE, 0xFF, 0xFF, 0xFF, 0xFF, 0xF8, 0xE0, 0xAC, 0x5A, 0x1A,
    0x00, 0x00, 0x02, 0x04, 0x01, 0x00, 0x00, 0x00, 0x00, 0x00, 0x00, 0x00, 0x00, 0x00, 0x00, 0x00,
    0x00, 0x00, 0x00, 0x00, 0x00, 0x00, 0x00, 0x00, 0x00, 0x00, 0x00, 0x00, 0x02, 0x00, 0x00, 0x00,
    0x0E, 0x2B, 0x64, 0xA9, 0xF0, 0xFF, 0xFF, 0xFE, 0xFA, 0xF8, 0xFA, 0xFC, 0xFD, 0xFE, 0xFF, 0xFF,
    0xFF, 0xFF, 0xFF, 0xFF, 0xFF, 0xFF, 0xFF, 0xFF, 0xFF, 0xFF, 0xFF, 0xFF, 0xFF, 0xFF, 0xFF, 0xFF,
    0xFF, 0xFF, 0xFE, 0xFD, 0xFB, 0xFA, 0xF8, 0xFD, 0xFF, 0xFF, 0xFF, 0xD0, 0x7F, 0x3D, 0x14, 0x01,
    0x00, 0x00, 0x00, 0x01, 0x00, 0x00, 0x00, 0x00, 0x00, 0x00, 0x00, 0x00, 0x00, 0x00, 0x00, 0x00,
    0x00, 0x00, 0x00, 0x00, 0x00, 0x00, 0x00, 0x00, 0x00, 0x00, 0x00, 0x00, 0x00, 0x02, 0x06, 0x02,
    0x00, 0x00, 0x1A, 0x59, 0xA3, 0xD5, 0xE9, 0xF9, 0xFF, 0xFF, 0xFF, 0xFF, 0xFF, 0xFF, 0xFD, 0xFD,
    0xFE, 0xFE, 0xFE, 0xFE, 0xFE, 0xFE, 0xFE, 0xFE, 0xFE, 0xFE, 0xFE, 0xFE, 0xFE, 0xFE, 0xFE, 0xFE,
    0xFD, 0xFE, 0xFF, 0xFF, 0xFF, 0xFF, 0xFF, 0xFF, 0xF1, 0xDF, 0xBD, 0x80, 0x2F, 0x00, 0x00, 0x00,
    0x03, 0x03, 0x00, 0x00, 0x00, 0x00, 0x00, 0x00, 0x00, 0x00, 0x00, 0x00, 0x00, 0x00, 0x00, 0x00,
    0x00, 0x00, 0x00, 0x00, 0x00, 0x00, 0x00, 0x00, 0x00, 0x00, 0x00, 0x00, 0x00, 0x01, 0x02, 0x00,
    0x00, 0x00, 0x02, 0x13, 0x30, 0x5F, 0x9D, 0xDA, 0xFF, 0xFF, 0xFF, 0xFF, 0xFE, 0xFB, 0xF8, 0xF9,
    0xFA, 0xFB, 0xFB, 0xFC, 0xFC, 0xFC, 0xFD, 0xFD, 0xFD, 0xFC, 0xFC, 0xFC, 0xFB, 0xFB, 0xFA, 0xF9,
    0xF8, 0xF9, 0xFC, 0xFF, 0xFF, 0xFF, 0xFF, 0xF4, 0xBA, 0x7C, 0x43, 0x1F, 0x07, 0x00, 0x00, 0x00,
    0x00, 0x01, 0x00, 0x00, 0x00, 0x00, 0x00, 0x00, 0x00, 0x00, 0x00, 0x00, 0x00, 0x00, 0x00, 0x00,
    0x00, 0x00, 0x00, 0x00, 0x00, 0x00, 0x00, 0x00, 0x00, 0x00, 0x00, 0x00, 0x00, 0x00, 0x00, 0x01,
    0x04, 0x04, 0x02, 0x00, 0x00, 0x10, 0x4D, 0x8C, 0xBD, 0xD6, 0xE5, 0xF2, 0xFF, 0xFF, 0xFF, 0xFF,
    0xFF, 0xFF, 0xFF, 0xFF, 0xFF, 0xFF, 0xFF, 0xFF, 0xFF, 0xFF, 0xFF, 0xFF, 0xFF, 0xFF, 0xFF, 0xFF,
    0xFF, 0xFF, 0xFF, 0xF9, 0xEB, 0xDE, 0xCA, 0xA4, 0x6A, 0x2D, 0x00, 0x00, 0x00, 0x06, 0x04, 0x02,
    0x00, 0x00, 0x00, 0x00, 0x00, 0x00, 0x00, 0x00, 0x00, 0x00, 0x00, 0x00, 0x00, 0x00, 0x00, 0x00,
    0x00, 0x00, 0x00, 0x00, 0x00, 0x00, 0x00, 0x00, 0x00, 0x00, 0x00, 0x00, 0x00, 0x00, 0x00, 0x00,
    0x01, 0x01, 0x00, 0x00, 0x00, 0x00, 0x10, 0x24, 0x3E, 0x61, 0x91, 0xC0, 0xEA, 0xFF, 0xFF, 0xFF,
    0xFF, 0xFF, 0xFF, 0xFF, 0xFF, 0xFF, 0xFF, 0xFF, 0xFF, 0xFF, 0xFF, 0xFF, 0xFF, 0xFF, 0xFF, 0xFF,
    0xFF, 0xFF, 0xF5, 0xD3, 0xA7, 0x79, 0x4B, 0x2C, 0x19, 0x08, 0x00, 0x00, 0x00, 0x01, 0x01, 0x00,
    0x00, 0x00, 0x00, 0x00, 0x00, 0x00, 0x00, 0x00, 0x00, 0x00, 0x00, 0x00, 0x00, 0x00, 0x00, 0x00,
    0x00, 0x00, 0x00, 0x00, 0x00, 0x00, 0x00, 0x00, 0x00, 0x00, 0x00, 0x00, 0x00, 0x00, 0x00, 0x00,
    0x00, 0x00, 0x01, 0x04, 0x06, 0x01, 0x00, 0x00, 0x00, 0x11, 0x42, 0x71, 0x9A, 0xB6, 0xCD, 0xD7,
    0xDF, 0xE5, 0xEB, 0xF0, 0xF4, 0xF6, 0xF8, 0xF9, 0xF8, 0xF7, 0xF5, 0xF2, 0xED, 0xE9, 0xE0, 0xDB,
    0xD2, 0xC4, 0xA6, 0x83, 0x57, 0x2A, 0x00, 0x00, 0x00, 0x00, 0x04, 0x05, 0x02, 0x00, 0x00, 0x00,
    0x00, 0x00, 0x00, 0x00, 0x00, 0x00, 0x00, 0x00, 0x00, 0x00, 0x00, 0x00, 0x00, 0x00, 0x00, 0x00,
    0x00, 0x00, 0x00, 0x00, 0x00, 0x00, 0x00, 0x00, 0x00, 0x00, 0x00, 0x00, 0x00, 0x00, 0x00, 0x00,
    0x00, 0x00, 0x00, 0x01, 0x01, 0x00, 0x00, 0x00, 0x00, 0x00, 0x0D, 0x1B, 0x27, 0x33, 0x4A, 0x61,
    0x7C, 0x92, 0xA6, 0xB4, 0xC1, 0xC9, 0xCF, 0xD1, 0xD0, 0xCD, 0xC4, 0xBB, 0xAB, 0x9C, 0x87, 0x6F,
    0x52, 0x3D, 0x2C, 0x20, 0x13, 0x06, 0x00, 0x00, 0x00, 0x00, 0x00, 0x01, 0x01, 0x00, 0x00, 0x00,
    0x00, 0x00, 0x00, 0x00, 0x00, 0x00, 0x00, 0x00, 0x00, 0x00, 0x00, 0x00, 0x00, 0x00, 0x00, 0x00,
    0x00, 0x00, 0x00, 0x00, 0x00, 0x00, 0x00, 0x00, 0x00, 0x00, 0x00, 0x00, 0x00, 0x00, 0x00, 0x00,
    0x00, 0x00, 0x00, 0x00, 0x00, 0x01, 0x04, 0x05, 0x05, 0x01, 0x00, 0x00, 0x00, 0x00, 0x00, 0x12,
    0x2D, 0x43, 0x57, 0x65, 0x72, 0x7A, 0x80, 0x82, 0x81, 0x7D, 0x75, 0x6C, 0x5C, 0x4D, 0x39, 0x1F,
    0x02, 0x00, 0x00, 0x00, 0x00, 0x00, 0x04, 0x06, 0x04, 0x02, 0x01, 0x00, 0x00, 0x00, 0x00, 0x00,
    0x00, 0x00, 0x00, 0x00, 0x00, 0x00, 0x00, 0x00, 0x00, 0x00, 0x00, 0x00, 0x00, 0x00, 0x00, 0x00,
    0x00, 0x00, 0x00, 0x00, 0x00, 0x00, 0x00, 0x00, 0x00, 0x00, 0x00, 0x00, 0x00, 0x00, 0x00, 0x00,
    0x00, 0x00, 0x00, 0x00, 0x00, 0x00, 0x01, 0x01, 0x01, 0x00, 0x00, 0x00, 0x00, 0x00, 0x00, 0x00,
    0x06, 0x0D, 0x13, 0x18, 0x1C, 0x1E, 0x20, 0x21, 0x20, 0x1F, 0x1D, 0x1A, 0x15, 0x10, 0x0A, 0x02,
    0x00, 0x00, 0x00, 0x00, 0x00, 0x00, 0x00, 0x01, 0x01, 0x00, 0x00, 0x00, 0x00, 0x00, 0x00, 0x00,
    0x00, 0x00, 0x00, 0x00, 0x00, 0x00, 0x00, 0x00, 0x00, 0x00, 0x00, 0x00, 0x00, 0x00, 0x00, 0x00,
    0x00, 0x00, 0x00, 0x00, 0x00, 0x00, 0x00, 0x00, 0x00, 0x00, 0x00, 0x00, 0x00, 0x00, 0x00, 0x00,
    0x00, 0x00, 0x00, 0x00, 0x00, 0x00, 0x00, 0x00, 0x00, 0x01, 0x03, 0x04, 0x06, 0x06, 0x04, 0x01,
    0x00, 0x00, 0x00, 0x00, 0x00, 0x00, 0x00, 0x00, 0x00, 0x00, 0x00, 0x00, 0x00, 0x00, 0x00, 0x00,
    0x03, 0x06, 0x06, 0x05, 0x04, 0x02, 0x01, 0x00, 0x00, 0x00, 0x00, 0x00, 0x00, 0x00, 0x00, 0x00,
    0x00, 0x00, 0x00, 0x00, 0x00, 0x00, 0x00, 0x00, 0x00, 0x00, 0x00, 0x00, 0x00, 0x00, 0x00, 0x00,
    0x00, 0x00, 0x00, 0x00, 0x00, 0x00, 0x00, 0x00, 0x00, 0x00, 0x00, 0x00, 0x00, 0x00, 0x00, 0x00,
    0x00, 0x00, 0x00, 0x00, 0x00, 0x00, 0x00, 0x00, 0x00, 0x00, 0x01, 0x01, 0x01, 0x01, 0x00, 0x00,
    0x00, 0x00, 0x00, 0x00, 0x00, 0x00, 0x00, 0x00, 0x00, 0x00, 0x00, 0x00, 0x00, 0x00, 0x00, 0x00,
    0x00, 0x01, 0x01, 0x01, 0x01, 0x00, 0x00, 0x00, 0x00, 0x00, 0x00, 0x00, 0x00, 0x00, 0x00, 0x00,
    0x00, 0x00, 0x00, 0x00, 0x00, 0x00, 0x00, 0x00, 0x00, 0x00, 0x00, 0x00, 0x00, 0x00, 0x00, 0x00,
    0x00, 0x00, 0x00, 0x00, 0x00, 0x00, 0x00, 0x00, 0x00, 0x00, 0x00, 0x00, 0x00, 0x00, 0x00, 0x00,
    0x00, 0x00, 0x00, 0x00, 0x00, 0x00, 0x00, 0x00, 0x00, 0x00, 0x00, 0x00, 0x00, 0x00, 0x01, 0x02,
    0x03, 0x04, 0x05, 0x05, 0x06, 0x06, 0x07, 0x07, 0x07, 0x06, 0x06, 0x06, 0x05, 0x04, 0x04, 0x02,
    0x01, 0x00, 0x00, 0x00, 0x00, 0x00, 0x00, 0x00, 0x00, 0x00, 0x00, 0x00, 0x00, 0x00, 0x00, 0x00,
    0x00, 0x00, 0x00, 0x00, 0x00, 0x00, 0x00, 0x00, 0x00, 0x00, 0x00, 0x00, 0x00, 0x00, 0x00, 0x00
};
#define APP_ICON_WHATSAPP_W 80
#define APP_ICON_WHATSAPP_H 80
// RGB565A8: 6400 RGB565 pixels (little-endian) followed by 6400 alpha bytes
static const uint8_t app_icon_whatsapp_data[19200] = {
    0x00, 0x00, 0x00, 0x00, 0x00, 0x00, 0x00, 0x00, 0x00, 0x00, 0x00, 0x00, 0x00, 0x00, 0x00, 0x00,
    0x00, 0x00, 0x00, 0x00, 0x00, 0x00, 0x00, 0x00, 0x00, 0x00, 0x00, 0x00, 0x00, 0x00, 0x00, 0x00,
    0x00, 0x00, 0x00, 0x00, 0x00, 0x00, 0x00, 0x00, 0x00, 0x00, 0x00, 0x00, 0x00, 0x00, 0x00, 0x00,
    0x00, 0x00, 0x00, 0x00, 0x00, 0x00, 0x00, 0x00, 0x00, 0x00, 0x00, 0x00, 0x00, 0x00, 0xFF, 0xFF,
    0xFF, 0xFF, 0xFF, 0xFF, 0xFF, 0xFF, 0xFF, 0xFF, 0xFF, 0xFF, 0xEF, 0x7B, 0xEF, 0x7B, 0xEF, 0x7B,
    0xEF, 0x7B, 0xEF, 0x7B, 0xFF, 0xFF, 0xFF, 0xFF, 0xFF, 0xFF, 0xFF, 0xFF, 0xFF, 0xFF, 0xFF, 0xFF,
    0xFF, 0xFF, 0x00, 0x00, 0x00, 0x00, 0x00, 0x00, 0x00, 0x00, 0x00, 0x00, 0x00, 0x00, 0x00, 0x00,
    0x00, 0x00, 0x00, 0x00, 0x00, 0x00, 0x00, 0x00, 0x00, 0x00, 0x00, 0x00, 0x00, 0x00, 0x00, 0x00,
    0x00, 0x00, 0x00, 0x00, 0x00, 0x00, 0x00, 0x00, 0x00, 0x00, 0x00, 0x00, 0x00, 0x00, 0x00, 0x00,
    0x00, 0x00, 0x00, 0x00, 0x00, 0x00, 0x00, 0x00, 0x00, 0x00, 0x00, 0x00, 0x00, 0x00, 0x00, 0x00,
    0x00, 0x00, 0x00, 0x00, 0x00, 0x00, 0x00, 0x00, 0x00, 0x00, 0x00, 0x00, 0x00, 0x00, 0x00, 0x00,
    0x00, 0x00, 0x00, 0x00, 0x00, 0x00, 0x00, 0x00, 0x00, 0x00, 0x00, 0x00, 0x00, 0x00, 0x00, 0x00,
    0x00, 0x00, 0x00, 0x00, 0x00, 0x00, 0x00, 0x00, 0x00, 0x00, 0x00, 0x00, 0x00, 0x00, 0x00, 0x00,
    0x00, 0x00, 0x00, 0x00, 0x00, 0x00, 0x00, 0x00, 0x00, 0x00, 0x00, 0x00, 0x00, 0x00, 0x00, 0x00,
    0x00, 0x00, 0x00, 0x00, 0x00, 0x00, 0x00, 0x00, 0x00, 0x00, 0x00, 0x00, 0x00, 0x00, 0x00, 0x00,
    0x00, 0x00, 0x00, 0x00, 0x00, 0x00, 0x00, 0x00, 0x00, 0x00, 0x00, 0x00, 0x00, 0x00, 0x00, 0x00,
    0x00, 0x00, 0x00, 0x00, 0x00, 0x00, 0x00, 0x00, 0x00, 0x00, 0x00, 0x00, 0x00, 0x00, 0x00, 0x00,
    0x00, 0x00, 0x00, 0x00, 0x00, 0x00, 0x00, 0x00, 0x00, 0x00, 0x00, 0x00, 0x00, 0x00, 0x00, 0x00,
    0x00, 0x00, 0x00, 0x00, 0x00, 0x00, 0x00, 0x00, 0x00, 0x00, 0x00, 0x00, 0x00, 0x00, 0x00, 0x00,
    0x00, 0x00, 0x00, 0x00, 0x00, 0x00, 0x00, 0x00, 0x00, 0x00, 0x00, 0x00, 0x00, 0x00, 0x00, 0x00,
    0x00, 0x00, 0x00, 0x00, 0x00, 0x00, 0x00, 0x00, 0x00, 0x00, 0x00, 0x00, 0x00, 0x00, 0x00, 0x00,
    0x00, 0x00, 0x00, 0x00, 0x00, 0x00, 0x00, 0x00, 0x00, 0x00, 0x00, 0x00, 0x00, 0x00, 0x00, 0x00,
    0x00, 0x00, 0x00, 0x00, 0x00, 0x00, 0x00, 0x00, 0x00, 0x00, 0x00, 0x00, 0x00, 0x00, 0x00, 0x00,
    0x00, 0x00, 0x00, 0x00, 0xFF, 0xFF, 0xFF, 0xFF, 0xFF, 0xFF, 0xFF, 0xFF, 0xFF, 0xFF, 0xFF, 0xFF,
    0xFF, 0xFF, 0xFF, 0xFF, 0xFF, 0xFF, 0xFF, 0xFF, 0xFF, 0xFF, 0xFF, 0xFF, 0xFF, 0xFF, 0xFF, 0xFF,
    0xFF, 0xFF, 0xFF, 0xFF, 0xFF, 0xFF, 0xFF, 0xFF, 0xFF, 0xFF, 0xF7, 0xBD, 0xFF, 0xFF, 0xFF, 0xFF,
    0x55, 0xAD, 0x55, 0xAD, 0xEF, 0x7B, 0xFF, 0xFF, 0xFF, 0xFF, 0xFF, 0xFF, 0x00, 0x00, 0x00, 0x00,
    0x00, 0x00, 0x00, 0x00, 0x00, 0x00, 0x00, 0x00, 0x00, 0x00, 0x00, 0x00, 0x00, 0x00, 0x00, 0x00,
    0x00, 0x00, 0x00, 0x00, 0x00, 0x00, 0x00, 0x00, 0x00, 0x00, 0x00, 0x00, 0x00, 0x00, 0x00, 0x00,
    0x00, 0x00, 0x00, 0x00, 0x00, 0x00, 0x00, 0x00, 0x00, 0x00, 0x00, 0x00, 0x00, 0x00, 0x00, 0x00,
    0x00, 0x00, 0x00, 0x00, 0x00, 0x00, 0x00, 0x00, 0x00, 0x00, 0x00, 0x00, 0x00, 0x00, 0x00, 0x00,
    0x00, 0x00, 0x00, 0x00, 0x00, 0x00, 0x00, 0x00, 0x00, 0x00, 0x00, 0x00, 0x00, 0x00, 0x00, 0x00,
    0x00, 0x00, 0x00, 0x00, 0x00, 0x00, 0x00, 0x00, 0x00, 0x00, 0x00, 0x00, 0x00, 0x00, 0x00, 0x00,
    0x00, 0x00, 0x00, 0x00, 0x00, 0x00, 0x00, 0x00, 0x00, 0x00, 0x00, 0x00, 0x00, 0x00, 0x00, 0x00,
    0x00, 0x00, 0x00, 0x00, 0x00, 0x00, 0x00, 0x00, 0x00, 0x00, 0x00, 0x00, 0xE3, 0x18, 0xE3, 0x18,
    0xE3, 0x18, 0x00, 0x00, 0x00, 0x00, 0x00, 0x00, 0x00, 0x00, 0x00, 0x00, 0x00, 0x00, 0x00, 0x00,
    0x00, 0x00, 0x00, 0x00, 0x00, 0x00, 0x00, 0x00, 0x00, 0x00, 0x00, 0x00, 0x00, 0x00, 0x00, 0x00,
    0x00, 0x00, 0x00, 0x00, 0x00, 0x00, 0x00, 0x00, 0x00, 0x00, 0x00, 0x00, 0x00, 0x00, 0x00, 0x00,
    0x00, 0x00, 0x00, 0x00, 0x00, 0x00, 0x00, 0x00, 0x00, 0x00, 0x00, 0x00, 0x00, 0x00, 0x00, 0x00,
    0x00, 0x00, 0x00, 0x00, 0x00, 0x00, 0x00, 0x00, 0x00, 0x00, 0x00, 0x00, 0x00, 0x00, 0x00, 0x00,
    0x00, 0x00, 0x00, 0x00, 0x00, 0x00, 0x00, 0x00, 0x00, 0x00, 0x00, 0x00, 0x00, 0x00, 0x00, 0x00,
    0x00, 0x00, 0x00, 0x00, 0x00, 0x00, 0x00, 0x00, 0x00, 0x00, 0x00, 0x00, 0x00, 0x00, 0x00, 0x00,
    0x00, 0x00, 0x00, 0x00, 0x00, 0x00, 0x00, 0x00, 0x00, 0x00, 0x00, 0x00, 0xFF, 0xFF, 0xFF, 0xFF,
    0xEF, 0x7B, 0xFF, 0xFF, 0xF7, 0xBD, 0xFF, 0xFF, 0xFF, 0xFF, 0x55, 0xAD, 0xFF, 0xFF, 0xAA, 0x52,
    0x45, 0x29, 0xC7, 0x39, 0xC7, 0x39, 0xE7, 0x39, 0x0C, 0x63, 0xCF, 0x7B, 0xEF, 0x7B, 0x51, 0x8C,
    0x51, 0x8C, 0xCF, 0x7B, 0x8E, 0x73, 0xEB, 0x5A, 0xEB, 0x5A, 0xAA, 0x52, 0xAA, 0x52, 0xAA, 0x52,
    0xAA, 0x52, 0xF7, 0xBD, 0xFF, 0xFF, 0xFF, 0xFF, 0xFF, 0xFF, 0xFF, 0xFF, 0xFF, 0xFF, 0xEF, 0x7B,
    0xFF, 0xFF, 0x00, 0x00, 0x00, 0x00, 0x00, 0x00, 0x00, 0x00, 0x00, 0x00, 0x00, 0x00, 0x00, 0x00,
    0x00, 0x00, 0x00, 0x00, 0x00, 0x00, 0x00, 0x00, 0x00, 0x00, 0x00, 0x00, 0x00, 0x00, 0x00, 0x00,
    0x00, 0x00, 0x00, 0x00, 0x00, 0x00, 0x00, 0x00, 0x00, 0x00, 0x00, 0x00, 0x00, 0x00, 0x00, 0x00,
    0x00, 0x00, 0x00, 0x00, 0x00, 0x00, 0x00, 0x00, 0x00, 0x00, 0x00, 0x00, 0x00, 0x00, 0x00, 0x00,
    0x00, 0x00, 0x00, 0x00, 0x00, 0x00, 0x00, 0x00, 0x00, 0x00, 0x00, 0x00, 0x00, 0x00, 0x00, 0x00,
    0x00, 0x00, 0x00, 0x00, 0x00, 0x00, 0x00, 0x00, 0x00, 0x00, 0x00, 0x00, 0x00, 0x00, 0x00, 0x00,
    0x00, 0x00, 0x00, 0x00, 0x00, 0x00, 0x00, 0x00, 0x4D, 0x6B, 0x71, 0x8C, 0xB6, 0xB5, 0x18, 0xC6,
    0x79, 0xCE, 0xBA, 0xD6, 0xBA, 0xD6, 0xDB, 0xDE, 0xDB, 0xDE, 0xDB, 0xDE, 0xDB, 0xDE, 0xDB, 0xDE,
    0xDB, 0xDE, 0xDB, 0xDE, 0xDB, 0xDE, 0xDB, 0xDE, 0xDB, 0xDE, 0xBA, 0xD6, 0x79, 0xCE, 0x59, 0xCE,
    0x18, 0xC6, 0x75, 0xAD, 0xB2, 0x94, 0x0C, 0x63, 0x00, 0x00, 0x00, 0x00, 0x00, 0x00, 0x00, 0x00,
    0x00, 0x00, 0x00, 0x00, 0x00, 0x00, 0x00, 0x00, 0x00, 0x00, 0x00, 0x00, 0x00, 0x00, 0x00, 0x00,
    0x00, 0x00, 0x00, 0x00, 0x00, 0x00, 0x00, 0x00, 0x00, 0x00, 0x00, 0x00, 0x00, 0x00, 0x00, 0x00,
    0x00, 0x00, 0x00, 0x00, 0x00, 0x00, 0x00, 0x00, 0x00, 0x00, 0x00, 0x00, 0x00, 0x00, 0x00, 0x00,
    0x00, 0x00, 0x00, 0x00, 0x00, 0x00, 0x00, 0x00, 0x00, 0x00, 0x00, 0x00, 0x00, 0x00, 0x00, 0x00,
    0x00, 0x00, 0x00, 0x00, 0x00, 0x00, 0x00, 0x00, 0x00, 0x00, 0x00, 0x00, 0x00, 0x00, 0x00, 0x00,
    0x00, 0x00, 0x00, 0x00, 0x00, 0x00, 0x00, 0x00, 0xEF, 0x7B, 0x55, 0xAD, 0x79, 0xCE, 0xFF, 0xFF,
    0xFF, 0xFF, 0xAA, 0x52, 0x24, 0x21, 0xEB, 0x5A, 0xB2, 0x94, 0x75, 0xAD, 0x59, 0xCE, 0xBA, 0xD6,
    0x1C, 0xE7, 0x5D, 0xEF, 0x9E, 0xF7, 0xBE, 0xF7, 0xDF, 0xFF, 0xDE, 0xF7, 0xDF, 0xFF, 0xDF, 0xFF,
    0xDE, 0xF7, 0xDF, 0xFF, 0xDF, 0xFF, 0xBE, 0xF7, 0x9E, 0xF7, 0x7D, 0xEF, 0x3C, 0xE7, 0xFB, 0xDE,
    0x9A, 0xD6, 0x18, 0xC6, 0x55, 0xAD, 0x92, 0x94, 0xCF, 0x7B, 0xEF, 0x7B, 0xF3, 0x9C, 0xFB, 0xDE,
    0xFF, 0xFF, 0x79, 0xCE, 0xEF, 0x7B, 0x00, 0x00, 0x00, 0x00, 0x00, 0x00, 0x00, 0x00, 0x00, 0x00,
    0x00, 0x00, 0x00, 0x00, 0x00, 0x00, 0x00, 0x00, 0x00, 0x00, 0x00, 0x00, 0x00, 0x00, 0x00, 0x00,
    0x00, 0x00, 0x00, 0x00, 0x00, 0x00, 0x00, 0x00, 0x00, 0x00, 0x00, 0x00, 0x00, 0x00, 0x00, 0x00,
    0x00, 0x00, 0x00, 0x00, 0x00, 0x00, 0x00, 0x00, 0x00, 0x00, 0x00, 0x00, 0x00, 0x00, 0x00, 0x00,
    0x00, 0x00, 0x00, 0x00, 0x00, 0x00, 0x00, 0x00, 0x00, 0x00, 0x00, 0x00, 0x00, 0x00, 0x00, 0x00,
    0x00, 0x00, 0x00, 0x00, 0x00, 0x00, 0x00, 0x00, 0x00, 0x00, 0x00, 0x00, 0x00, 0x00, 0x24, 0x21,
    0xF3, 0x9C, 0xD7, 0xBD, 0xBA, 0xD6, 0xBA, 0xD6, 0xBA, 0xD6, 0xDB, 0xDE, 0x1C, 0xE7, 0x3C, 0xE7,
    0x7D, 0xEF, 0x9E, 0xF7, 0xDF, 0xFF, 0xFF, 0xFF, 0xFF, 0xFF, 0xFF, 0xFF, 0xFF, 0xFF, 0xFF, 0xFF,
    0xFF, 0xFF, 0xFF, 0xFF, 0xFF, 0xFF, 0xFF, 0xFF, 0xFF, 0xFF, 0xBE, 0xF7, 0x9E, 0xF7, 0x5D, 0xEF,
    0x1C, 0xE7, 0xFB, 0xDE, 0xDB, 0xDE, 0xBA, 0xD6, 0x9A, 0xD6, 0x38, 0xC6, 0x96, 0xB5, 0xF3, 0x9C,
    0xAA, 0x52, 0x00, 0x00, 0x00, 0x00, 0xFF, 0xFF, 0x00, 0x00, 0x00, 0x00, 0x00, 0x00, 0x00, 0x00,
    0x00, 0x00, 0x00, 0x00, 0x00, 0x00, 0x00, 0x00, 0x00, 0x00, 0x00, 0x00, 0x00, 0x00, 0x00, 0x00,
    0x00, 0x00, 0x00, 0x00, 0x00, 0x00, 0x00, 0x00, 0x00, 0x00, 0x00, 0x00, 0x00, 0x00, 0x00, 0x00,
    0x00, 0x00, 0x00, 0x00, 0x00, 0x00, 0x00, 0x00, 0x00, 0x00, 0x00, 0x00, 0x00, 0x00, 0x00, 0x00,
    0x00, 0x00, 0x00, 0x00, 0x00, 0x00, 0x00, 0x00, 0x00, 0x00, 0x00, 0x00, 0x00, 0x00, 0x00, 0x00,
    0x00, 0x00, 0xFF, 0xFF, 0xFF, 0xFF, 0xFF, 0xFF, 0xFB, 0xDE, 0xEF, 0x7B, 0xC7, 0x39, 0xEF, 0x7B,
    0xB6, 0xB5, 0x79, 0xCE, 0x3C, 0xE7, 0x9E, 0xF7, 0xBE, 0xF7, 0xBE, 0xF7, 0xBE, 0xF7, 0xBE, 0xF7,
    0xDE, 0xF7, 0xFF, 0xFF, 0xFF, 0xFF, 0xFF, 0xFF, 0xFF, 0xFF, 0xFF, 0xFF, 0xFF, 0xFF, 0xFF, 0xFF,
    0xFF, 0xFF, 0xFF, 0xFF, 0xFF, 0xFF, 0xFF, 0xFF, 0xFF, 0xFF, 0xFF, 0xFF, 0xFF, 0xFF, 0xDE, 0xF7,
    0xBE, 0xF7, 0xBE, 0xF7, 0xDE, 0xF7, 0xBE, 0xF7, 0x7D, 0xEF, 0xDB, 0xDE, 0x38, 0xC6, 0x55, 0xAD,
    0x30, 0x84, 0x51, 0x8C, 0x55, 0xAD, 0x1C, 0xE7, 0x79, 0xCE, 0xEF, 0x7B, 0x00, 0x00, 0x00, 0x00,
    0x00, 0x00, 0x00, 0x00, 0x00, 0x00, 0x00, 0x00, 0x00, 0x00, 0x00, 0x00, 0x00, 0x00, 0x00, 0x00,
    0x00, 0x00, 0x00, 0x00, 0x00, 0x00, 0x00, 0x00, 0x00, 0x00, 0x00, 0x00, 0x00, 0x00, 0x00, 0x00,
    0x00, 0x00, 0x00, 0x00, 0x00, 0x00, 0x00, 0x00, 0x00, 0x00, 0x00, 0x00, 0x00, 0x00, 0x00, 0x00,
    0x00, 0x00, 0x00, 0x00, 0x00, 0x00, 0x00, 0x00, 0x00, 0x00, 0x00, 0x00, 0x00, 0x00, 0x00, 0x00,
    0xFF, 0xFF, 0x00, 0x00, 0x00, 0x00, 0x00, 0x00, 0x51, 0x8C, 0x96, 0xB5, 0x79, 0xCE, 0xBA, 0xD6,
    0xDB, 0xDE, 0x1C, 0xE7, 0x7D, 0xEF, 0xFF, 0xFF, 0xFF, 0xFF, 0xFF, 0xFF, 0xFF, 0xFF, 0xFF, 0xFF,
    0xFF, 0xFF, 0xFF, 0xFF, 0xFF, 0xFF, 0xFF, 0xFF, 0xFF, 0xFF, 0xFF, 0xFF, 0xFF, 0xFF, 0xFF, 0xFF,
    0xFF, 0xFF, 0xFF, 0xFF, 0xFF, 0xFF, 0xFF, 0xFF, 0xFF, 0xFF, 0xFF, 0xFF, 0xFF, 0xFF, 0xFF, 0xFF,
    0xFF, 0xFF, 0xFF, 0xFF, 0xFF, 0xFF, 0xFF, 0xFF, 0xBE, 0xF7, 0x5D, 0xEF, 0xFB, 0xDE, 0xBA, 0xD6,
    0x79, 0xCE, 0x18, 0xC6, 0x34, 0xA5, 0xCF, 0x7B, 0x86, 0x31, 0xEF, 0x7B, 0x00, 0x00, 0x00, 0x00,
    0x00, 0x00, 0x00, 0x00, 0x00, 0x00, 0x00, 0x00, 0x00, 0x00, 0x00, 0x00, 0x00, 0x00, 0x00, 0x00,
    0x00, 0x00, 0x00, 0x00, 0x00, 0x00, 0x00, 0x00, 0x00, 0x00, 0x00, 0x00, 0x00, 0x00, 0x00, 0x00,
    0x00, 0x00, 0x00, 0x00, 0x00, 0x00, 0x00, 0x00, 0x00, 0x00, 0x00, 0x00, 0x00, 0x00, 0x00, 0x00,
    0x00, 0x00, 0x00, 0x00, 0x00, 0x00, 0x00, 0x00, 0x00, 0x00, 0x00, 0x00, 0x00, 0x00, 0xFF, 0xFF,
    0xFF, 0xFF, 0xFF, 0xFF, 0xBA, 0xD6, 0x2C, 0x63, 0xB2, 0x94, 0x38, 0xC6, 0x3C, 0xE7, 0x9E, 0xF7,
    0xBE, 0xF7, 0xBE, 0xF7, 0xDF, 0xFF, 0xFF, 0xFF, 0xFF, 0xFF, 0xFF, 0xFF, 0xFF, 0xFF, 0xFF, 0xFF,
    0xFF, 0xFF, 0xFF, 0xFF, 0xFF, 0xFF, 0xFF, 0xFF, 0xFF, 0xFF, 0xDE, 0xF7, 0xDD, 0xEF, 0xDD, 0xEF,
    0xDD, 0xEF, 0xDD, 0xEF, 0xDE, 0xF7, 0xFF, 0xFF, 0xFF, 0xFF, 0xFF, 0xFF, 0xFF, 0xFF, 0xFF, 0xFF,
    0xFF, 0xFF, 0xFF, 0xFF, 0xFF, 0xFF, 0xFF, 0xFF, 0xFF, 0xFF, 0xDE, 0xF7, 0xBE, 0xF7, 0xBE, 0xF7,
    0x5D, 0xEF, 0xDB, 0xDE, 0xD7, 0xBD, 0x92, 0x94, 0x71, 0x8C, 0xBA, 0xD6, 0xFF, 0xFF, 0xF7, 0xBD,
    0xFF, 0xFF, 0x00, 0x00, 0x00, 0x00, 0x00, 0x00, 0x00, 0x00, 0x00, 0x00, 0x00, 0x00, 0x00, 0x00,
    0x00, 0x00, 0x00, 0x00, 0x00, 0x00, 0x00, 0x00, 0x00, 0x00, 0x00, 0x00, 0x00, 0x00, 0x00, 0x00,
    0x00, 0x00, 0x00, 0x00, 0x00, 0x00, 0x00, 0x00, 0x00, 0x00, 0x00, 0x00, 0x00, 0x00, 0x00, 0x00,
    0x00, 0x00, 0x00, 0x00, 0x00, 0x00, 0x00, 0x00, 0x00, 0x00, 0x00, 0x00, 0xFF, 0xFF, 0x00, 0x00,
    0x00, 0x00, 0xEB, 0x5A, 0x75, 0xAD, 0x18, 0xC6, 0xBA, 0xD6, 0x1C, 0xE7, 0x9E, 0xF7, 0xFF, 0xFF,
    0xFF, 0xFF, 0xFF, 0xFF, 0xFF, 0xFF, 0xFF, 0xFF, 0xFF, 0xFF, 0xFF, 0xFF, 0xDE, 0xF7, 0xDD, 0xEF,
    0xBC, 0xE7, 0xBC, 0xDF, 0xBB, 0xDF, 0x9A, 0xCF, 0x79, 0xC7, 0x78, 0xBF, 0x57, 0xBF, 0x57, 0xB7,
    0x57, 0xB7, 0x77, 0xBF, 0x78, 0xBF, 0x99, 0xCF, 0x9A, 0xD7, 0xBB, 0xDF, 0xBC, 0xE7, 0xBD, 0xE7,
    0xDD, 0xEF, 0xDE, 0xF7, 0xFF, 0xFF, 0xFF, 0xFF, 0xFF, 0xFF, 0xFF, 0xFF, 0xFF, 0xFF, 0xFF, 0xFF,
    0xBE, 0xF7, 0x5D, 0xEF, 0xFB, 0xDE, 0x59, 0xCE, 0xB6, 0xB5, 0x34, 0xA5, 0xB2, 0x94, 0xF7, 0xBD,
    0x00, 0x00, 0xFF, 0xFF, 0x00, 0x00, 0x00, 0x00, 0x00, 0x00, 0x00, 0x00, 0x00, 0x00, 0x00, 0x00,
    0x00, 0x00, 0x00, 0x00, 0x00, 0x00, 0x00, 0x00, 0x00, 0x00, 0x00, 0x00, 0x00, 0x00, 0x00, 0x00,
    0x00, 0x00, 0x00, 0x00, 0x00, 0x00, 0x00, 0x00, 0x00, 0x00, 0x00, 0x00, 0x00, 0x00, 0x00, 0x00,
    0x00, 0x00, 0x00, 0x00, 0x00, 0x00, 0x00, 0x00, 0x00, 0x00, 0xFF, 0xFF, 0xFF, 0xFF, 0x55, 0xAD,
    0xEF, 0x7B, 0xF3, 0x9C, 0xF7, 0xBD, 0xDB, 0xDE, 0x9E, 0xF7, 0xDF, 0xFF, 0xDF, 0xFF, 0xFF, 0xFF,
    0xFF, 0xFF, 0xFF, 0xFF, 0xFF, 0xFF, 0xFF, 0xFF, 0xFF, 0xFF, 0xDD, 0xEF, 0x9A, 0xCF, 0x57, 0xB7,
    0x34, 0x9F, 0xF2, 0x8E, 0xD0, 0x7E, 0xD0, 0x76, 0xCF, 0x76, 0xCF, 0x76, 0xCF, 0x6E, 0xCF, 0x6E,
    0xCF, 0x6E, 0xCF, 0x76, 0xCF, 0x76, 0xCF, 0x76, 0xD0, 0x7E, 0xF1, 0x86, 0x13, 0x97, 0x35, 0xA7,
    0x77, 0xBF, 0x9B, 0xD7, 0xDE, 0xF7, 0xFF, 0xFF, 0xFF, 0xFF, 0xFF, 0xFF, 0xFF, 0xFF, 0xFF, 0xFF,
    0xFF, 0xFF, 0xDF, 0xFF, 0xBE, 0xF7, 0x7D, 0xEF, 0x9A, 0xD6, 0x75, 0xAD, 0x14, 0xA5, 0xF7, 0xBD,
    0xB6, 0xB5, 0xBA, 0xD6, 0x00, 0x00, 0x00, 0x00, 0x00, 0x00, 0x00, 0x00, 0x00, 0x00, 0x00, 0x00,
    0x00, 0x00, 0x00, 0x00, 0x00, 0x00, 0x00, 0x00, 0x00, 0x00, 0x00, 0x00, 0x00, 0x00, 0x00, 0x00,
    0x00, 0x00, 0x00, 0x00, 0x00, 0x00, 0x00, 0x00, 0x00, 0x00, 0x00, 0x00, 0x00, 0x00, 0x00, 0x00,
    0x00, 0x00, 0x00, 0x00, 0x00, 0x00, 0x00, 0x00, 0xFF, 0xFF, 0x00, 0x00, 0x00, 0x00, 0x51, 0x8C,
    0xF7, 0xBD, 0x79, 0xCE, 0xDB, 0xDE, 0x7D, 0xEF, 0xFF, 0xFF, 0xFF, 0xFF, 0xFF, 0xFF, 0xFF, 0xFF,
    0xFF, 0xFF, 0xFF, 0xFF, 0xDD, 0xEF, 0xBC, 0xE7, 0x9A, 0xCF, 0x57, 0xB7, 0x14, 0x9F, 0xD1, 0x7E,
    0xAE, 0x66, 0x8C, 0x56, 0x6A, 0x4E, 0x6A, 0x46, 0x6A, 0x4E, 0x6B, 0x4E, 0x6B, 0x4E, 0x6B, 0x4E,
    0x6B, 0x4E, 0x6B, 0x4E, 0x6B, 0x4E, 0x6A, 0x4E, 0x6A, 0x4E, 0x6B, 0x4E, 0x8D, 0x5E, 0xCF, 0x76,
    0xF1, 0x86, 0x35, 0xA7, 0x78, 0xC7, 0x9B, 0xD7, 0xDD, 0xE7, 0xDE, 0xF7, 0xFF, 0xFF, 0xFF, 0xFF,
    0xFF, 0xFF, 0xFF, 0xFF, 0xFF, 0xFF, 0xDF, 0xFF, 0x3C, 0xE7, 0x9A, 0xD6, 0x18, 0xC6, 0x96, 0xB5,
    0xB2, 0x94, 0xB6, 0xB5, 0x00, 0x00, 0xEF, 0x7B, 0x00, 0x00, 0x00, 0x00, 0x00, 0x00, 0x00, 0x00,
    0x00, 0x00, 0x00, 0x00, 0x00, 0x00, 0x00, 0x00, 0x00, 0x00, 0x00, 0x00, 0x00, 0x00, 0x00, 0x00,
    0x00, 0x00, 0x00, 0x00, 0x00, 0x00, 0x00, 0x00, 0x00, 0x00, 0x00, 0x00, 0x00, 0x00, 0x00, 0x00,
    0x00, 0x00, 0x00, 0x00, 0x00, 0x00, 0xFF, 0xFF, 0xDB, 0xDE, 0x00, 0x00, 0xAA, 0x52, 0x96, 0xB5,
    0x79, 0xCE, 0x1C, 0xE7, 0x9E, 0xF7, 0xDF, 0xFF, 0xFF, 0xFF, 0xFF, 0xFF, 0xFF, 0xFF, 0xFF, 0xFF,
    0xFF, 0xFF, 0xDD, 0xEF, 0x78, 0xBF, 0x13, 0x97, 0xD0, 0x7E, 0xAF, 0x6E, 0xAD, 0x66, 0x8D, 0x66,
    0x8C, 0x56, 0x8B, 0x56, 0x6B, 0x4E, 0x6B, 0x4E, 0x6B, 0x4E, 0x6B, 0x56, 0x6B, 0x56, 0x6B, 0x56,
    0x6B, 0x56, 0x6B, 0x56, 0x6B, 0x4E, 0x6B, 0x4E, 0x6B, 0x4E, 0x6B, 0x4E, 0x8C, 0x56, 0x8C, 0x5E,
    0xAD, 0x66, 0xAE, 0x66, 0xCF, 0x76, 0xF1, 0x86, 0x35, 0xA7, 0x99, 0xCF, 0xFE, 0xF7, 0xFF, 0xFF,
    0xFF, 0xFF, 0xFF, 0xFF, 0xFF, 0xFF, 0xFF, 0xFF, 0xDF, 0xF7, 0x7D, 0xEF, 0xDB, 0xDE, 0xD7, 0xBD,
    0x96, 0xB5, 0x18, 0xC6, 0x92, 0x94, 0x55, 0xAD, 0x00, 0x00, 0x00, 0x00, 0x00, 0x00, 0x00, 0x00,
    0x00, 0x00, 0x00, 0x00, 0x00, 0x00, 0x00, 0x00, 0x00, 0x00, 0x00, 0x00, 0x00, 0x00, 0x00, 0x00,
    0x00, 0x00, 0x00, 0x00, 0x00, 0x00, 0x00, 0x00, 0x00, 0x00, 0x00, 0x00, 0x00, 0x00, 0x00, 0x00,
    0x00, 0x00, 0x00, 0x00, 0xFF, 0xFF, 0x00, 0x00, 0x55, 0xAD, 0x51, 0x8C, 0xB6, 0xB5, 0x79, 0xCE,
    0x1C, 0xE7, 0x7D, 0xEF, 0xFF, 0xFF, 0xFF, 0xFF, 0xFF, 0xFF, 0xFF, 0xFF, 0xFF, 0xFF, 0xDE, 0xEF,
    0xBB, 0xD7, 0x56, 0xB7, 0xF1, 0x86, 0xAD, 0x66, 0x6B, 0x4E, 0x6A, 0x4E, 0x6B, 0x4E, 0x8C, 0x56,
    0x8C, 0x56, 0x8C, 0x5E, 0x8C, 0x5E, 0x8C, 0x5E, 0x8C, 0x5E, 0x8C, 0x5E, 0x8C, 0x5E, 0x8C, 0x5E,
    0x8C, 0x5E, 0x8C, 0x5E, 0x8C, 0x5E, 0x8C, 0x5E, 0x8C, 0x5E, 0x8C, 0x5E, 0x8C, 0x5E, 0x8C, 0x56,
    0x8B, 0x56, 0x6B, 0x4E, 0x6A, 0x4E, 0x6B, 0x56, 0xAF, 0x6E, 0x13, 0x97, 0x78, 0xC7, 0xBC, 0xE7,
    0xDE, 0xF7, 0xFF, 0xFF, 0xFF, 0xFF, 0xFF, 0xFF, 0xFF, 0xFF, 0xFF, 0xFF, 0x5D, 0xEF, 0xDB, 0xDE,
    0x38, 0xC6, 0x75, 0xAD, 0x34, 0xA5, 0xF7, 0xBD, 0x00, 0x00, 0xFF, 0xFF, 0x00, 0x00, 0x00, 0x00,
    0x00, 0x00, 0x00, 0x00, 0x00, 0x00, 0x00, 0x00, 0x00, 0x00, 0x00, 0x00, 0x00, 0x00, 0x00, 0x00,
    0x00, 0x00, 0x00, 0x00, 0x00, 0x00, 0x00, 0x00, 0x00, 0x00, 0x00, 0x00, 0x00, 0x00, 0x00, 0x00,
    0x00, 0x00, 0x00, 0x00, 0x79, 0xCE, 0x00, 0x00, 0xAA, 0x52, 0xB6, 0xB5, 0x9A, 0xD6, 0x1C, 0xE7,
    0xBE, 0xF7, 0xFF, 0xFF, 0xFF, 0xFF, 0xFF, 0xFF, 0xFF, 0xFF, 0xFF, 0xFF, 0xBC, 0xE7, 0x57, 0xBF,
    0xF2, 0x8E, 0xAE, 0x6E, 0x8C, 0x5E, 0x8C, 0x56, 0x6B, 0x4E, 0x6B, 0x4E, 0x6B, 0x56, 0x8B, 0x56,
    0x8C, 0x56, 0x8C, 0x56, 0x8C, 0x56, 0x8C, 0x56, 0x8C, 0x56, 0x8C, 0x56, 0x8C, 0x56, 0x8C, 0x56,
    0x8C, 0x56, 0x8C, 0x56, 0x8C, 0x56, 0x8C, 0x56, 0x8C, 0x56, 0x8C, 0x56, 0x8C, 0x56, 0x8C, 0x56,
    0x6B, 0x56, 0x6B, 0x4E, 0x6B, 0x4E, 0x6B, 0x4E, 0x8C, 0x5E, 0x8D, 0x66, 0xCF, 0x76, 0x13, 0x97,
    0x99, 0xCF, 0xDE, 0xF7, 0xFF, 0xFF, 0xFF, 0xFF, 0xFF, 0xFF, 0xFF, 0xFF, 0xDF, 0xFF, 0x7D, 0xEF,
    0xBA, 0xD6, 0xD7, 0xBD, 0x96, 0xB5, 0x18, 0xC6, 0xF7, 0xBD, 0xF7, 0xBD, 0x00, 0x00, 0x00, 0x00,
    0x00, 0x00, 0x00, 0x00, 0x00, 0x00, 0x00, 0x00, 0x00, 0x00, 0x00, 0x00, 0x00, 0x00, 0x00, 0x00,
    0x00, 0x00, 0x00, 0x00, 0x00, 0x00, 0x00, 0x00, 0x00, 0x00, 0x00, 0x00, 0x00, 0x00, 0x00, 0x00,
    0x00, 0x00, 0x00, 0x00, 0xFF, 0xFF, 0x6D, 0x6B, 0xB2, 0x94, 0x59, 0xCE, 0x1C, 0xE7, 0x7D, 0xEF,
    0xFF, 0xFF, 0xFF, 0xFF, 0xFF, 0xFF, 0xFF, 0xFF, 0xDE, 0xF7, 0xBC, 0xDF, 0x56, 0xB7, 0xD1, 0x86,
    0x6C, 0x56, 0x6A, 0x46, 0x6B, 0x4E, 0x8C, 0x56, 0x8C, 0x5E, 0x8C, 0x5E, 0x8C, 0x5E, 0x8C, 0x56,
    0x8C, 0x56, 0x8C, 0x56, 0x8C, 0x56, 0x8C, 0x56, 0x8C, 0x56, 0x8C, 0x56, 0x8C, 0x56, 0x8C, 0x56,
    0x8C, 0x56, 0x8C, 0x56, 0x8C, 0x56, 0x8C, 0x56, 0x8C, 0x56, 0x8C, 0x56, 0x8C, 0x56, 0x8C, 0x56,
    0x8C, 0x56, 0x8C, 0x5E, 0x8C, 0x5E, 0x8C, 0x56, 0x8C, 0x56, 0x6B, 0x4E, 0x6A, 0x4E, 0x8D, 0x66,
    0x13, 0x97, 0x79, 0xC7, 0xDD, 0xEF, 0xFF, 0xFF, 0xFF, 0xFF, 0xFF, 0xFF, 0xFF, 0xFF, 0xDF, 0xFF,
    0x5D, 0xEF, 0x9A, 0xD6, 0xF7, 0xBD, 0xD3, 0x9C, 0xEF, 0x7B, 0xBA, 0xD6, 0x00, 0x00, 0x00, 0x00,
    0x00, 0x00, 0x00, 0x00, 0x00, 0x00, 0x00, 0x00, 0x00, 0x00, 0x00, 0x00, 0x00, 0x00, 0x00, 0x00,
    0x00, 0x00, 0x00, 0x00, 0x00, 0x00, 0x00, 0x00, 0x00, 0x00, 0x00, 0x00, 0x00, 0x00, 0x00, 0x00,
    0xFF, 0xFF, 0x00, 0x00, 0xBA, 0xD6, 0x55, 0xAD, 0xB6, 0xB5, 0xDB, 0xDE, 0x9E, 0xF7, 0xDF, 0xFF,
    0xFF, 0xFF, 0xFF, 0xFF, 0xFF, 0xFF, 0xFF, 0xFF, 0x9A, 0xCF, 0x34, 0x9F, 0xAF, 0x76, 0x8C, 0x5E,
    0x6B, 0x4E, 0x6B, 0x4E, 0x6B, 0x56, 0x6B, 0x56, 0x6C, 0x56, 0x6C, 0x56, 0x6C, 0x56, 0x6C, 0x56,
    0x6C, 0x56, 0x6B, 0x56, 0x6B, 0x56, 0x6B, 0x56, 0x6B, 0x56, 0x6B, 0x56, 0x6B, 0x56, 0x6B, 0x56,
    0x6B, 0x56, 0x6B, 0x56, 0x6B, 0x56, 0x6B, 0x56, 0x6B, 0x56, 0x6B, 0x56, 0x6C, 0x56, 0x6C, 0x56,
    0x6C, 0x56, 0x6C, 0x56, 0x6C, 0x56, 0x6C, 0x56, 0x6B, 0x56, 0x6B, 0x4E, 0x6B, 0x4E, 0x6B, 0x4E,
    0x8C, 0x5E, 0xF1, 0x7E, 0x57, 0xB7, 0xBC, 0xE7, 0xFF, 0xFF, 0xFF, 0xFF, 0xFF, 0xFF, 0xFF, 0xFF,
    0xDF, 0xFF, 0x7D, 0xEF, 0x79, 0xCE, 0x34, 0xA5, 0xD3, 0x9C, 0x59, 0xCE, 0xFF, 0xFF, 0xEF, 0x7B,
    0x00, 0x00, 0x00, 0x00, 0x00, 0x00, 0x00, 0x00, 0x00, 0x00, 0x00, 0x00, 0x00, 0x00, 0x00, 0x00,
    0x00, 0x00, 0x00, 0x00, 0x00, 0x00, 0x00, 0x00, 0x00, 0x00, 0x00, 0x00, 0x00, 0x00, 0x00, 0x00,
    0xFF, 0xFF, 0x00, 0x00, 0x4D, 0x6B, 0xD7, 0xBD, 0xBA, 0xD6, 0x5D, 0xEF, 0xDF, 0xFF, 0xFF, 0xFF,
    0xFF, 0xFF, 0xFF, 0xFF, 0xFE, 0xF7, 0xBB, 0xD7, 0x14, 0x9F, 0xAE, 0x66, 0x6B, 0x4E, 0x6B, 0x4E,
    0x6B, 0x56, 0x8C, 0x5E, 0x6C, 0x56, 0x6C, 0x56, 0x6C, 0x56, 0x6B, 0x56, 0x6B, 0x56, 0x6B, 0x56,
    0x6B, 0x56, 0x6B, 0x56, 0x6B, 0x56, 0x6B, 0x56, 0x6B, 0x56, 0x6B, 0x56, 0x6B, 0x56, 0x6B, 0x56,
    0x6B, 0x56, 0x6B, 0x56, 0x6B, 0x56, 0x6B, 0x56, 0x6B, 0x56, 0x6B, 0x56, 0x6B, 0x56, 0x6B, 0x56,
    0x6B, 0x56, 0x6B, 0x56, 0x6B, 0x56, 0x6B, 0x56, 0x6C, 0x56, 0x6C, 0x56, 0x8C, 0x5E, 0x6B, 0x4E,
    0x4A, 0x46, 0x6C, 0x56, 0xD0, 0x7E, 0x57, 0xB7, 0xDD, 0xE7, 0xFF, 0xFF, 0xFF, 0xFF, 0xFF, 0xFF,
    0xFF, 0xFF, 0xDF, 0xFF, 0x1C, 0xE7, 0x38, 0xC6, 0x75, 0xAD, 0x92, 0x94, 0x2C, 0x63, 0xFF, 0xFF,
    0x00, 0x00, 0x00, 0x00, 0x00, 0x00, 0x00, 0x00, 0x00, 0x00, 0x00, 0x00, 0x00, 0x00, 0x00, 0x00,
    0x00, 0x00, 0x00, 0x00, 0x00, 0x00, 0x00, 0x00, 0x00, 0x00, 0x00, 0x00, 0x00, 0x00, 0xFF, 0xFF,
    0xFF, 0xFF, 0x4D, 0x6B, 0x10, 0x84, 0x79, 0xCE, 0x9E, 0xF7, 0xDF, 0xFF, 0xFF, 0xFF, 0xFF, 0xFF,
    0xFF, 0xFF, 0xFE, 0xF7, 0x9A, 0xCF, 0x14, 0x9F, 0xAE, 0x6E, 0x6B, 0x4E, 0x4A, 0x4E, 0x6B, 0x4E,
    0x6B, 0x56, 0x6C, 0x56, 0x6C, 0x56, 0x6C, 0x56, 0x6C, 0x56, 0x6C, 0x56, 0x6C, 0x56, 0x6C, 0x56,
    0x6B, 0x56, 0x6B, 0x56, 0x6B, 0x56, 0x6B, 0x56, 0x6B, 0x56, 0x6B, 0x56, 0x6B, 0x56, 0x6B, 0x56,
    0x6B, 0x56, 0x6B, 0x56, 0x6B, 0x56, 0x6B, 0x56, 0x6B, 0x56, 0x6B, 0x56, 0x6B, 0x56, 0x6B, 0x56,
    0x6B, 0x56, 0x6B, 0x56, 0x6B, 0x56, 0x6B, 0x56, 0x6B, 0x56, 0x6B, 0x56, 0x6C, 0x56, 0x6B, 0x4E,
    0x6B, 0x4E, 0x4A, 0x46, 0x6B, 0x56, 0xD0, 0x7E, 0x57, 0xBF, 0xBC, 0xE7, 0xFF, 0xFF, 0xFF, 0xFF,
    0xFF, 0xFF, 0xFF, 0xFF, 0xBE, 0xF7, 0x3C, 0xE7, 0x38, 0xC6, 0x92, 0x94, 0xAE, 0x73, 0x1C, 0xE7,
    0xFF, 0xFF, 0x00, 0x00, 0x00, 0x00, 0x00, 0x00, 0x00, 0x00, 0x00, 0x00, 0x00, 0x00, 0x00, 0x00,
    0x00, 0x00, 0x00, 0x00, 0x00, 0x00, 0x00, 0x00, 0x00, 0x00, 0x00, 0x00, 0xFF, 0xFF, 0x00, 0x00,
    0xF7, 0xBD, 0x14, 0xA5, 0xD7, 0xBD, 0xFB, 0xDE, 0xDF, 0xFF, 0xFF, 0xFF, 0xFF, 0xFF, 0xFF, 0xFF,
    0xFF, 0xFF, 0xBC, 0xE7, 0x14, 0x9F, 0xAE, 0x66, 0x6B, 0x4E, 0x6B, 0x4E, 0x6B, 0x4E, 0x6C, 0x56,
    0x6B, 0x56, 0x6B, 0x4E, 0x4A, 0x4E, 0x4A, 0x46, 0x4A, 0x46, 0x4A, 0x4E, 0x4A, 0x4E, 0x6B, 0x4E,
    0x6B, 0x4E, 0x6B, 0x56, 0x6B, 0x56, 0x6B, 0x4E, 0x6B, 0x56, 0x6B, 0x56, 0x6B, 0x56, 0x6B, 0x56,
    0x6B, 0x56, 0x6B, 0x56, 0x6B, 0x56, 0x6B, 0x56, 0x6B, 0x56, 0x6B, 0x56, 0x6B, 0x56, 0x6B, 0x56,
    0x6B, 0x56, 0x6B, 0x56, 0x6B, 0x56, 0x6B, 0x56, 0x6B, 0x56, 0x6B, 0x4E, 0x6B, 0x4E, 0x6C, 0x56,
    0x6C, 0x56, 0x4B, 0x4E, 0x4A, 0x46, 0x6C, 0x56, 0xD1, 0x86, 0x58, 0xBF, 0xDE, 0xEF, 0xFF, 0xFF,
    0xFF, 0xFF, 0xFF, 0xFF, 0xFF, 0xFF, 0xBE, 0xF7, 0x9A, 0xD6, 0x55, 0xAD, 0xB2, 0x94, 0x3C, 0xE7,
    0xFF, 0xFF, 0x00, 0x00, 0x00, 0x00, 0x00, 0x00, 0x00, 0x00, 0x00, 0x00, 0x00, 0x00, 0x00, 0x00,
    0x00, 0x00, 0x00, 0x00, 0x00, 0x00, 0x00, 0x00, 0x00, 0x00, 0x00, 0x00, 0xF7, 0xBD, 0x00, 0x00,
    0x49, 0x4A, 0x59, 0xCE, 0xFB, 0xDE, 0x7D, 0xEF, 0xDF, 0xFF, 0xFF, 0xFF, 0xFF, 0xFF, 0xFF, 0xFF,
    0xBC, 0xE7, 0x57, 0xB7, 0xAF, 0x76, 0x4B, 0x4E, 0x4A, 0x46, 0x6B, 0x4E, 0x6B, 0x4E, 0x6B, 0x56,
    0x6B, 0x56, 0x4B, 0x4E, 0x4A, 0x46, 0x4A, 0x46, 0x4A, 0x46, 0x4A, 0x46, 0x4A, 0x46, 0x4A, 0x4E,
    0x6B, 0x4E, 0x6B, 0x4E, 0x6B, 0x4E, 0x6B, 0x4E, 0x6B, 0x4E, 0x6B, 0x4E, 0x6B, 0x4E, 0x6B, 0x4E,
    0x6B, 0x4E, 0x6B, 0x4E, 0x6B, 0x4E, 0x6B, 0x4E, 0x6B, 0x4E, 0x6B, 0x4E, 0x6B, 0x4E, 0x6B, 0x4E,
    0x6B, 0x4E, 0x6B, 0x4E, 0x6B, 0x4E, 0x6B, 0x4E, 0x6B, 0x4E, 0x6B, 0x4E, 0x6B, 0x4E, 0x6B, 0x4E,
    0x6B, 0x56, 0x6B, 0x4E, 0x6B, 0x4E, 0x4A, 0x46, 0x6B, 0x56, 0xD1, 0x86, 0x9A, 0xCF, 0xFF, 0xFF,
    0xFF, 0xFF, 0xFF, 0xFF, 0xFF, 0xFF, 0xBE, 0xF7, 0x1C, 0xE7, 0x59, 0xCE, 0xB6, 0xB5, 0x75, 0xAD,
    0xE7, 0x39, 0x55, 0xAD, 0x00, 0x00, 0xFF, 0xFF, 0x00, 0x00, 0x00, 0x00, 0x00, 0x00, 0x00, 0x00,
    0x00, 0x00, 0x00, 0x00, 0x00, 0x00, 0x00, 0x00, 0x00, 0x00, 0x00, 0x00, 0xFF, 0xFF, 0x55, 0xAD,
    0x8E, 0x73, 0xBA, 0xD6, 0x7D, 0xEF, 0xBE, 0xF7, 0xFF, 0xFF, 0xFF, 0xFF, 0xFF, 0xFF, 0xDE, 0xF7,
    0x58, 0xBF, 0xD1, 0x86, 0x6C, 0x56, 0x4A, 0x46, 0x4B, 0x4E, 0x6C, 0x56, 0x6B, 0x56, 0x4B, 0x4E,
    0x4B, 0x4E, 0x6C, 0x56, 0x8E, 0x6E, 0xD0, 0x7E, 0xD0, 0x7E, 0xD0, 0x7E, 0xAE, 0x6E, 0x6C, 0x5E,
    0x6B, 0x56, 0x4B, 0x4E, 0x4B, 0x4E, 0x6B, 0x4E, 0x6B, 0x4E, 0x6B, 0x4E, 0x6B, 0x4E, 0x6B, 0x4E,
    0x6B, 0x4E, 0x6B, 0x4E, 0x6B, 0x4E, 0x6B, 0x4E, 0x6B, 0x4E, 0x6B, 0x4E, 0x6B, 0x4E, 0x6B, 0x4E,
    0x6B, 0x4E, 0x6B, 0x4E, 0x6B, 0x4E, 0x6B, 0x4E, 0x6B, 0x4E, 0x6B, 0x4E, 0x6B, 0x4E, 0x6B, 0x4E,
    0x6B, 0x4E, 0x6B, 0x56, 0x6C, 0x56, 0x4A, 0x4E, 0x49, 0x46, 0x8D, 0x5E, 0x14, 0x9F, 0xBB, 0xDF,
    0xFF, 0xFF, 0xFF, 0xFF, 0xFF, 0xFF, 0xDF, 0xFF, 0x7D, 0xEF, 0xFB, 0xDE, 0x38, 0xC6, 0xB2, 0x94,
    0xAA, 0x52, 0x79, 0xCE, 0x00, 0x00, 0xFF, 0xFF, 0x00, 0x00, 0x00, 0x00, 0x00, 0x00, 0x00, 0x00,
    0x00, 0x00, 0x00, 0x00, 0x00, 0x00, 0x00, 0x00, 0x00, 0x00, 0x00, 0x00, 0xFF, 0xFF, 0xD3, 0x9C,
    0x55, 0xAD, 0xDB, 0xDE, 0xBE, 0xF7, 0xFF, 0xFF, 0xFF, 0xFF, 0xFF, 0xFF, 0xFF, 0xFF, 0xBB, 0xDF,
    0xF2, 0x8E, 0x6C, 0x56, 0x4A, 0x46, 0x4B, 0x4E, 0x6B, 0x4E, 0x6B, 0x4E, 0x6B, 0x4E, 0x4B, 0x4E,
    0x6C, 0x56, 0xD0, 0x7E, 0x57, 0xB7, 0xBB, 0xDF, 0xBB, 0xDF, 0x9A, 0xD7, 0x56, 0xAF, 0xD1, 0x86,
    0x6C, 0x5E, 0x4A, 0x4E, 0x4A, 0x4E, 0x6B, 0x4E, 0x4B, 0x4E, 0x4B, 0x4E, 0x4B, 0x4E, 0x4B, 0x4E,
    0x4B, 0x4E, 0x4B, 0x4E, 0x4B, 0x4E, 0x4B, 0x4E, 0x4B, 0x4E, 0x4B, 0x4E, 0x4B, 0x4E, 0x4B, 0x4E,
    0x4B, 0x4E, 0x4B, 0x4E, 0x4B, 0x4E, 0x4B, 0x4E, 0x4B, 0x4E, 0x4B, 0x4E, 0x4B, 0x4E, 0x4B, 0x4E,
    0x4B, 0x4E, 0x6B, 0x4E, 0x6B, 0x4E, 0x4A, 0x4E, 0x4A, 0x46, 0x4B, 0x4E, 0x8E, 0x66, 0x35, 0xA7,
    0xDD, 0xEF, 0xFF, 0xFF, 0xFF, 0xFF, 0xFF, 0xFF, 0xDF, 0xFF, 0x7D, 0xEF, 0x9A, 0xD6, 0xD3, 0x9C,
    0x71, 0x8C, 0xFB, 0xDE, 0x00, 0x00, 0xEF, 0x7B, 0x00, 0x00, 0x00, 0x00, 0x00, 0x00, 0x00, 0x00,
    0x00, 0x00, 0x00, 0x00, 0x00, 0x00, 0x00, 0x00, 0xFF, 0xFF, 0x00, 0x00, 0xFF, 0xFF, 0x75, 0xAD,
    0x18, 0xC6, 0x1C, 0xE7, 0xDE, 0xF7, 0xFF, 0xFF, 0xFF, 0xFF, 0xFF, 0xFF, 0xDE, 0xF7, 0x57, 0xBF,
    0x8E, 0x66, 0x29, 0x3E, 0x4A, 0x46, 0x6C, 0x56, 0x6B, 0x56, 0x4A, 0x4E, 0x4A, 0x46, 0x6C, 0x56,
    0xB0, 0x7E, 0x57, 0xB7, 0xDD, 0xEF, 0xFF, 0xFF, 0xFF, 0xFF, 0xFF, 0xFF, 0xDC, 0xE7, 0x36, 0xAF,
    0x8D, 0x66, 0x49, 0x46, 0x4A, 0x46, 0x6B, 0x4E, 0x4B, 0x4E, 0x4B, 0x4E, 0x4B, 0x4E, 0x4B, 0x4E,
    0x4B, 0x4E, 0x4B, 0x4E, 0x4B, 0x4E, 0x4B, 0x4E, 0x4B, 0x4E, 0x4B, 0x4E, 0x4B, 0x4E, 0x4B, 0x4E,
    0x4B, 0x4E, 0x4B, 0x4E, 0x4B, 0x4E, 0x4B, 0x4E, 0x4B, 0x4E, 0x4B, 0x4E, 0x4B, 0x4E, 0x4B, 0x4E,
    0x4B, 0x4E, 0x4B, 0x4E, 0x4B, 0x4E, 0x4B, 0x4E, 0x6B, 0x56, 0x4A, 0x46, 0x4A, 0x46, 0xB0, 0x7E,
    0x9A, 0xCF, 0xFF, 0xFF, 0xFF, 0xFF, 0xFF, 0xFF, 0xFF, 0xFF, 0xBE, 0xF7, 0xBA, 0xD6, 0x75, 0xAD,
    0x14, 0xA5, 0x9A, 0xD6, 0x00, 0x00, 0xEF, 0x7B, 0x00, 0x00, 0x00, 0x00, 0x00, 0x00, 0x00, 0x00,
    0x00, 0x00, 0x00, 0x00, 0x00, 0x00, 0x00, 0x00, 0xF7, 0xBD, 0x00, 0x00, 0xAA, 0x52, 0x59, 0xCE,
    0xDB, 0xDE, 0x5D, 0xEF, 0xDE, 0xF7, 0xFF, 0xFF, 0xFF, 0xFF, 0xDE, 0xF7, 0x79, 0xC7, 0xF2, 0x8E,
    0x6C, 0x56, 0x29, 0x46, 0x4A, 0x46, 0x4B, 0x4E, 0x4B, 0x4E, 0x2A, 0x46, 0x2A, 0x46, 0x8E, 0x6E,
    0x57, 0xB7, 0xDD, 0xEF, 0xFF, 0xFF, 0xFF, 0xFF, 0xFF, 0xFF, 0xFF, 0xFF, 0xFF, 0xFF, 0x9A, 0xCF,
    0xAF, 0x76, 0x29, 0x46, 0x2A, 0x46, 0x4B, 0x4E, 0x4B, 0x4E, 0x4B, 0x4E, 0x4B, 0x4E, 0x4B, 0x4E,
    0x4B, 0x4E, 0x4B, 0x4E, 0x4B, 0x4E, 0x4B, 0x4E, 0x4B, 0x4E, 0x4B, 0x4E, 0x4B, 0x4E, 0x4B, 0x4E,
    0x4B, 0x4E, 0x4B, 0x4E, 0x4B, 0x4E, 0x4B, 0x4E, 0x4B, 0x4E, 0x4B, 0x4E, 0x4B, 0x4E, 0x4B, 0x4E,
    0x4B, 0x4E, 0x4B, 0x4E, 0x4B, 0x4E, 0x4B, 0x4E, 0x4B, 0x4E, 0x2A, 0x46, 0x29, 0x3E, 0x8D, 0x66,
    0x36, 0xAF, 0xBC, 0xDF, 0xFF, 0xFF, 0xFF, 0xFF, 0xFF, 0xFF, 0xBE, 0xF7, 0xFB, 0xDE, 0x38, 0xC6,
    0xB6, 0xB5, 0x34, 0xA5, 0x00, 0x00, 0xAA, 0x52, 0x00, 0x00, 0xFF, 0xFF, 0x00, 0x00, 0x00, 0x00,
    0x00, 0x00, 0x00, 0x00, 0x00, 0x00, 0x00, 0x00, 0xFF, 0xFF, 0x00, 0x00, 0xE7, 0x39, 0x9A, 0xD6,
    0x5D, 0xEF, 0x9E, 0xF7, 0xFF, 0xFF, 0xFF, 0xFF, 0xFF, 0xFF, 0xBC, 0xE7, 0x14, 0x9F, 0x8E, 0x66,
    0x4B, 0x4E, 0x4B, 0x4E, 0x4B, 0x4E, 0x4B, 0x4E, 0x4B, 0x4E, 0x2A, 0x46, 0x4B, 0x4E, 0xD1, 0x86,
    0xBC, 0xDF, 0xFF, 0xFF, 0xFF, 0xFF, 0xFE, 0xF7, 0xFE, 0xF7, 0xFF, 0xFF, 0xFF, 0xFF, 0xBC, 0xE7,
    0xD2, 0x8E, 0x4B, 0x4E, 0x4A, 0x46, 0x4B, 0x4E, 0x4B, 0x4E, 0x4B, 0x4E, 0x4B, 0x4E, 0x4B, 0x4E,
    0x4B, 0x4E, 0x4B, 0x4E, 0x4B, 0x4E, 0x4B, 0x4E, 0x4B, 0x4E, 0x4B, 0x4E, 0x4B, 0x4E, 0x4B, 0x4E,
    0x4B, 0x4E, 0x4B, 0x4E, 0x4B, 0x4E, 0x4B, 0x4E, 0x4B, 0x4E, 0x4B, 0x4E, 0x4B, 0x4E, 0x4B, 0x4E,
    0x4B, 0x4E, 0x4B, 0x4E, 0x4B, 0x4E, 0x4B, 0x4E, 0x4B, 0x4E, 0x2A, 0x46, 0x2A, 0x46, 0x6C, 0x56,
    0xD1, 0x86, 0x58, 0xBF, 0xDE, 0xF7, 0xFF, 0xFF, 0xFF, 0xFF, 0xDE, 0xF7, 0x5D, 0xEF, 0xDB, 0xDE,
    0x18, 0xC6, 0x92, 0x94, 0x00, 0x00, 0xF7, 0xBD, 0x00, 0x00, 0xFF, 0xFF, 0x00, 0x00, 0x00, 0x00,
    0x00, 0x00, 0x00, 0x00, 0xFF, 0xFF, 0x00, 0x00, 0x79, 0xCE, 0x00, 0x00, 0xCF, 0x7B, 0xDB, 0xDE,
    0xBE, 0xF7, 0xFF, 0xFF, 0xFF, 0xFF, 0xFF, 0xFF, 0xFF, 0xFF, 0x9B, 0xD7, 0xB0, 0x7E, 0x2A, 0x46,
    0x2A, 0x46, 0x4B, 0x4E, 0x4B, 0x4E, 0x4A, 0x46, 0x4A, 0x46, 0x4B, 0x4E, 0x8E, 0x6E, 0x35, 0xA7,
    0xDD, 0xEF, 0xFF, 0xFF, 0xFF, 0xFF, 0xFF, 0xFF, 0xFF, 0xFF, 0xFF, 0xFF, 0xFF, 0xFF, 0xDD, 0xEF,
    0x35, 0xAF, 0xAF, 0x6E, 0x4B, 0x4E, 0x2A, 0x46, 0x4A, 0x46, 0x4B, 0x4E, 0x4B, 0x4E, 0x4B, 0x4E,
    0x4B, 0x4E, 0x4B, 0x4E, 0x4B, 0x4E, 0x4B, 0x4E, 0x4B, 0x4E, 0x4B, 0x4E, 0x4B, 0x4E, 0x4B, 0x4E,
    0x4A, 0x4E, 0x4A, 0x4E, 0x4A, 0x4E, 0x4A, 0x4E, 0x4A, 0x4E, 0x4A, 0x4E, 0x4A, 0x4E, 0x4A, 0x4E,
    0x4A, 0x4E, 0x4A, 0x4E, 0x4A, 0x4E, 0x4B, 0x4E, 0x4B, 0x4E, 0x4A, 0x46, 0x4A, 0x46, 0x4A, 0x46,
    0x6C, 0x5E, 0xF3, 0x96, 0xBC, 0xE7, 0xFF, 0xFF, 0xFF, 0xFF, 0xFF, 0xFF, 0xDE, 0xF7, 0x5D, 0xEF,
    0x79, 0xCE, 0x51, 0x8C, 0x69, 0x4A, 0xFF, 0xFF, 0x00, 0x00, 0xFF, 0xFF, 0x00, 0x00, 0x00, 0x00,
    0x00, 0x00, 0x00, 0x00, 0xFF, 0xFF, 0x00, 0x00, 0xFF, 0xFF, 0xCB, 0x5A, 0xD3, 0x9C, 0xDB, 0xDE,
    0xDF, 0xFF, 0xFF, 0xFF, 0xFF, 0xFF, 0xFF, 0xFF, 0xFE, 0xF7, 0x78, 0xBF, 0x8E, 0x66, 0x29, 0x3E,
    0x29, 0x3E, 0x4B, 0x4E, 0x4B, 0x4E, 0x2A, 0x46, 0x2A, 0x46, 0x6C, 0x56, 0xD2, 0x86, 0x58, 0xBF,
    0xDE, 0xEF, 0xFF, 0xFF, 0xFF, 0xFF, 0xFF, 0xFF, 0xFF, 0xFF, 0xFF, 0xFF, 0xFF, 0xFF, 0xDE, 0xF7,
    0x9A, 0xCF, 0xF3, 0x96, 0x6C, 0x5E, 0x29, 0x3E, 0x2A, 0x46, 0x4B, 0x4E, 0x4B, 0x4E, 0x4A, 0x46,
    0x4A, 0x46, 0x4A, 0x46, 0x4A, 0x46, 0x4A, 0x46, 0x4A, 0x46, 0x4A, 0x46, 0x4A, 0x46, 0x4A, 0x46,
    0x4A, 0x46, 0x4A, 0x46, 0x4A, 0x46, 0x4A, 0x46, 0x4A, 0x46, 0x4A, 0x46, 0x4A, 0x46, 0x4A, 0x46,
    0x4A, 0x46, 0x4A, 0x46, 0x4A, 0x46, 0x4A, 0x46, 0x4A, 0x46, 0x4A, 0x46, 0x4B, 0x4E, 0x2A, 0x46,
    0x2A, 0x46, 0xB0, 0x76, 0x9B, 0xD7, 0xFF, 0xFF, 0xFF, 0xFF, 0xFF, 0xFF, 0xFF, 0xFF, 0x9E, 0xF7,
    0x9A, 0xD6, 0x92, 0x94, 0xCF, 0x7B, 0xDB, 0xDE, 0x00, 0x00, 0xFF, 0xFF, 0x00, 0x00, 0x00, 0x00,
    0x00, 0x00, 0x00, 0x00, 0xFF, 0xFF, 0x00, 0x00, 0xFF, 0xFF, 0xF3, 0x9C, 0xB6, 0xB5, 0xFB, 0xDE,
    0xBE, 0xF7, 0xFF, 0xFF, 0xFF, 0xFF, 0xFF, 0xFF, 0xBB, 0xDF, 0x15, 0xA7, 0x6D, 0x5E, 0x09, 0x3E,
    0x29, 0x3E, 0x4B, 0x4E, 0x4B, 0x4E, 0x2A, 0x46, 0x29, 0x3E, 0x6C, 0x5E, 0xF3, 0x96, 0x9A, 0xCF,
    0xFE, 0xF7, 0xFF, 0xFF, 0xFF, 0xFF, 0xFF, 0xFF, 0xFF, 0xFF, 0xFF, 0xFF, 0xFF, 0xFF, 0xFF, 0xFF,
    0xDE, 0xEF, 0x57, 0xB7, 0x8E, 0x66, 0x09, 0x3E, 0x29, 0x3E, 0x4B, 0x4E, 0x2A, 0x46, 0x2A, 0x46,
    0x2A, 0x46, 0x2A, 0x46, 0x2A, 0x46, 0x2A, 0x46, 0x2A, 0x46, 0x2A, 0x46, 0x2A, 0x46, 0x2A, 0x46,
    0x2A, 0x46, 0x2A, 0x46, 0x2A, 0x46, 0x2A, 0x46, 0x2A, 0x46, 0x2A, 0x46, 0x2A, 0x46, 0x2A, 0x46,
    0x2A, 0x46, 0x2A, 0x46, 0x2A, 0x46, 0x2A, 0x46, 0x2A, 0x46, 0x2A, 0x46, 0x4B, 0x4E, 0x29, 0x3E,
    0x09, 0x36, 0x8E, 0x66, 0x78, 0xBF, 0xDE, 0xF7, 0xFF, 0xFF, 0xFF, 0xFF, 0xFF, 0xFF, 0xBE, 0xF7,
    0xBA, 0xD6, 0x34, 0xA5, 0x92, 0x94, 0xFB, 0xDE, 0x00, 0x00, 0xFF, 0xFF, 0x00, 0x00, 0x00, 0x00,
    0x00, 0x00, 0x00, 0x00, 0xFF, 0xFF, 0x00, 0x00, 0xFF, 0xFF, 0xB6, 0xB5, 0x38, 0xC6, 0x1B, 0xDF,
    0xBE, 0xF7, 0xFF, 0xFF, 0xFF, 0xFF, 0xDE, 0xEF, 0x58, 0xBF, 0xD2, 0x86, 0x6C, 0x56, 0x2A, 0x46,
    0x2A, 0x46, 0x4B, 0x4E, 0x4B, 0x4E, 0x29, 0x3E, 0x29, 0x3E, 0x6C, 0x5E, 0x14, 0x9F, 0x9B, 0xD7,
    0xFE, 0xF7, 0xFF, 0xFF, 0xFF, 0xFF, 0xFF, 0xFF, 0xFF, 0xFF, 0xFF, 0xFF, 0xFF, 0xFF, 0xFF, 0xFF,
    0xFF, 0xFF, 0x9A, 0xD7, 0x8F, 0x6E, 0x08, 0x36, 0x29, 0x3E, 0x4B, 0x4E, 0x2A, 0x46, 0x2A, 0x46,
    0x2A, 0x46, 0x2A, 0x46, 0x2A, 0x46, 0x2A, 0x46, 0x2A, 0x46, 0x2A, 0x46, 0x2A, 0x46, 0x2A, 0x46,
    0x2A, 0x46, 0x2A, 0x46, 0x2A, 0x46, 0x2A, 0x46, 0x2A, 0x46, 0x2A, 0x46, 0x2A, 0x46, 0x2A, 0x46,
    0x2A, 0x46, 0x2A, 0x46, 0x2A, 0x46, 0x2A, 0x46, 0x2A, 0x46, 0x2A, 0x46, 0x2B, 0x4E, 0x29, 0x3E,
    0x09, 0x3E, 0x6D, 0x5E, 0x35, 0xA7, 0xBC, 0xE7, 0xFF, 0xFF, 0xFF, 0xFF, 0xFF, 0xFF, 0xBE, 0xF7,
    0xBA, 0xD6, 0xB6, 0xB5, 0x34, 0xA5, 0x79, 0xCE, 0x00, 0x00, 0xFF, 0xFF, 0x00, 0x00, 0x00, 0x00,
    0xFF, 0xFF, 0x00, 0x00, 0xFF, 0xFF, 0x00, 0x00, 0xAA, 0x52, 0x38, 0xC6, 0xBA, 0xD6, 0x3C, 0xE7,
    0xBE, 0xF7, 0xFF, 0xFF, 0xFF, 0xFF, 0xBD, 0xEF, 0x15, 0xA7, 0x8F, 0x6E, 0x4B, 0x4E, 0x2A, 0x46,
    0x2A, 0x46, 0x2A, 0x46, 0x2A, 0x4E, 0x29, 0x3E, 0x09, 0x3E, 0x6C, 0x5E, 0x14, 0x9F, 0x9A, 0xD7,
    0xFE, 0xF7, 0xFF, 0xFF, 0xFF, 0xFF, 0xFF, 0xFF, 0xFF, 0xFF, 0xFF, 0xFF, 0xFF, 0xFF, 0xFF, 0xFF,
    0xFF, 0xFF, 0xBB, 0xDF, 0xAF, 0x76, 0x09, 0x3E, 0x09, 0x3E, 0x2B, 0x4E, 0x2A, 0x46, 0x2A, 0x46,
    0x2A, 0x46, 0x2A, 0x46, 0x2A, 0x46, 0x2A, 0x46, 0x2A, 0x46, 0x2A, 0x46, 0x2A, 0x46, 0x2A, 0x46,
    0x2A, 0x46, 0x2A, 0x46, 0x2A, 0x46, 0x2A, 0x46, 0x2A, 0x46, 0x2A, 0x46, 0x2A, 0x46, 0x2A, 0x46,
    0x2A, 0x46, 0x2A, 0x46, 0x2A, 0x46, 0x2A, 0x46, 0x2A, 0x46, 0x2A, 0x46, 0x2A, 0x46, 0x09, 0x3E,
    0x09, 0x3E, 0x4C, 0x56, 0xF3, 0x8E, 0x79, 0xCF, 0xDE, 0xF7, 0xFF, 0xFF, 0xFF, 0xFF, 0xBE, 0xF7,
    0xDB, 0xDE, 0x18, 0xC6, 0x96, 0xB5, 0x96, 0xB5, 0x00, 0x00, 0xEF, 0x7B, 0x00, 0x00, 0xFF, 0xFF,
    0xFF, 0xFF, 0x00, 0x00, 0xFF, 0xFF, 0x00, 0x00, 0x86, 0x31, 0x59, 0xCE, 0x1C, 0xE7, 0x7D, 0xEF,
    0xDE, 0xF7, 0xFF, 0xFF, 0xFF, 0xFF, 0xBC, 0xE7, 0xF3, 0x96, 0x6D, 0x5E, 0x2A, 0x46, 0x2A, 0x46,
    0x2A, 0x46, 0x2A, 0x46, 0x2A, 0x46, 0x29, 0x3E, 0x09, 0x3E, 0x4C, 0x56, 0xF2, 0x8E, 0x79, 0xCF,
    0xFE, 0xF7, 0xFF, 0xFF, 0xFF, 0xFF, 0xFF, 0xFF, 0xFF, 0xFF, 0xFF, 0xFF, 0xFF, 0xFF, 0xFF, 0xFF,
    0xDE, 0xF7, 0x78, 0xC7, 0x8E, 0x6E, 0x09, 0x3E, 0x09, 0x3E, 0x2A, 0x46, 0x2A, 0x46, 0x2A, 0x46,
    0x2A, 0x46, 0x2A, 0x46, 0x2A, 0x46, 0x2A, 0x46, 0x2A, 0x46, 0x2A, 0x46, 0x2A, 0x46, 0x2A, 0x46,
    0x2A, 0x46, 0x2A, 0x46, 0x2A, 0x46, 0x2A, 0x46, 0x2A, 0x46, 0x2A, 0x46, 0x2A, 0x46, 0x2A, 0x46,
    0x2A, 0x46, 0x2A, 0x46, 0x2A, 0x46, 0x2A, 0x46, 0x2A, 0x46, 0x2A, 0x46, 0x2A, 0x46, 0x09, 0x3E,
    0x09, 0x3E, 0x4B, 0x4E, 0xB0, 0x7E, 0x57, 0xB7, 0xDD, 0xEF, 0xFF, 0xFF, 0xFF, 0xFF, 0xBE, 0xF7,
    0xFB, 0xDE, 0x59, 0xCE, 0xB6, 0xB5, 0xD7, 0xBD, 0x00, 0x00, 0xEF, 0x7B, 0x00, 0x00, 0xFF, 0xFF,
    0xFF, 0xFF, 0x00, 0x00, 0xFF, 0xFF, 0x00, 0x00, 0x49, 0x4A, 0x9A, 0xD6, 0x3C, 0xE7, 0x9D, 0xEF,
    0xDE, 0xF7, 0xFF, 0xFF, 0xFF, 0xFF, 0x9C, 0xDF, 0xD1, 0x86, 0x2A, 0x46, 0x09, 0x3E, 0x2A, 0x46,
    0x2A, 0x46, 0x2A, 0x46, 0x2A, 0x46, 0x09, 0x3E, 0x09, 0x3E, 0x4B, 0x4E, 0xB0, 0x7E, 0x57, 0xB7,
    0xDD, 0xEF, 0xFF, 0xFF, 0xFF, 0xFF, 0xFF, 0xFF, 0xFF, 0xFF, 0xFF, 0xFF, 0xFF, 0xFF, 0xFE, 0xF7,
    0x78, 0xC7, 0xD2, 0x8E, 0x4C, 0x56, 0x09, 0x3E, 0x09, 0x3E, 0x2A, 0x46, 0x2A, 0x46, 0x2A, 0x46,
    0x2A, 0x46, 0x2A, 0x46, 0x2A, 0x46, 0x2A, 0x46, 0x2A, 0x46, 0x2A, 0x46, 0x2A, 0x46, 0x2A, 0x46,
    0x2A, 0x46, 0x2A, 0x46, 0x2A, 0x46, 0x2A, 0x46, 0x2A, 0x46, 0x2A, 0x46, 0x2A, 0x46, 0x2A, 0x46,
    0x2A, 0x46, 0x2A, 0x46, 0x2A, 0x46, 0x2A, 0x46, 0x2A, 0x46, 0x2A, 0x46, 0x2A, 0x46, 0x0A, 0x3E,
    0x0A, 0x3E, 0x2B, 0x46, 0x8E, 0x6E, 0x15, 0xA7, 0xBD, 0xE7, 0xFF, 0xFF, 0xFF, 0xFF, 0xBE, 0xF7,
    0x1C, 0xE7, 0x9A, 0xD6, 0xF7, 0xBD, 0x55, 0xAD, 0x00, 0x00, 0x55, 0xAD, 0x00, 0x00, 0xFF, 0xFF,
    0xFF, 0xFF, 0x00, 0x00, 0xFF, 0xFF, 0x00, 0x00, 0xC7, 0x39, 0xBA, 0xD6, 0x5D, 0xEF, 0x9E, 0xF7,
    0xFF, 0xFF, 0xFF, 0xFF, 0xFF, 0xFF, 0x9B, 0xDF, 0xB0, 0x76, 0x09, 0x3E, 0x09, 0x3E, 0x2A, 0x46,
    0x2A, 0x46, 0x2A, 0x46, 0x2A, 0x46, 0x0A, 0x3E, 0x0A, 0x3E, 0x2A, 0x46, 0x6D, 0x5E, 0xF4, 0x9E,
    0xDD, 0xEF, 0xFF, 0xFF, 0xFF, 0xFF, 0xFF, 0xFF, 0xFF, 0xFF, 0xFF, 0xFF, 0xFF, 0xFF, 0x9B, 0xDF,
    0xD2, 0x8E, 0x4C, 0x56, 0x0A, 0x46, 0x0A, 0x3E, 0x0A, 0x3E, 0x2A, 0x46, 0x2A, 0x46, 0x2A, 0x46,
    0x2A, 0x46, 0x2A, 0x46, 0x2A, 0x46, 0x2A, 0x46, 0x2A, 0x46, 0x2A, 0x46, 0x2A, 0x46, 0x2A, 0x46,
    0x2A, 0x46, 0x2A, 0x46, 0x2A, 0x46, 0x2A, 0x46, 0x2A, 0x46, 0x2A, 0x46, 0x2A, 0x46, 0x2A, 0x46,
    0x2A, 0x46, 0x2A, 0x46, 0x2A, 0x46, 0x2A, 0x46, 0x2A, 0x46, 0x2A, 0x46, 0x2A, 0x46, 0x0A, 0x3E,
    0x0A, 0x3E, 0x2A, 0x46, 0x6D, 0x5E, 0xF4, 0x96, 0xBC, 0xE7, 0xFF, 0xFF, 0xFF, 0xFF, 0xBE, 0xF7,
    0x5C, 0xE7, 0xBA, 0xD6, 0x18, 0xC6, 0xB2, 0x94, 0x00, 0x00, 0x55, 0xAD, 0x00, 0x00, 0xFF, 0xFF,
    0xFF, 0xFF, 0x00, 0x00, 0xFF, 0xFF, 0x00, 0x00, 0xE7, 0x39, 0xBA, 0xD6, 0x7D, 0xEF, 0xBE, 0xF7,
    0xFF, 0xFF, 0xFF, 0xFF, 0xFF, 0xFF, 0x9B, 0xD7, 0x8F, 0x6E, 0xE8, 0x2D, 0x08, 0x36, 0x2A, 0x46,
    0x0A, 0x46, 0x0A, 0x46, 0x0A, 0x46, 0x0A, 0x46, 0x2A, 0x46, 0x09, 0x3E, 0x0A, 0x46, 0xB0, 0x7E,
    0xBB, 0xDF, 0xFF, 0xFF, 0xFF, 0xFF, 0xFF, 0xFF, 0xFF, 0xFF, 0xFF, 0xFF, 0xDD, 0xEF, 0x57, 0xB7,
    0x6E, 0x66, 0x09, 0x36, 0x09, 0x3E, 0x2A, 0x46, 0x0A, 0x46, 0x0A, 0x46, 0x0A, 0x46, 0x0A, 0x3E,
    0x0A, 0x3E, 0x0A, 0x3E, 0x0A, 0x3E, 0x0A, 0x3E, 0x0A, 0x3E, 0x0A, 0x3E, 0x0A, 0x3E, 0x0A, 0x3E,
    0x0A, 0x3E, 0x0A, 0x3E, 0x0A, 0x3E, 0x0A, 0x3E, 0x0A, 0x3E, 0x0A, 0x3E, 0x0A, 0x3E, 0x0A, 0x3E,
    0x0A, 0x3E, 0x0A, 0x3E, 0x0A, 0x3E, 0x0A, 0x3E, 0x0A, 0x3E, 0x0A, 0x3E, 0x0A, 0x46, 0x09, 0x3E,
    0x0A, 0x46, 0x0A, 0x3E, 0x4B, 0x56, 0xD2, 0x8E, 0x9C, 0xE7, 0xFF, 0xFF, 0xFF, 0xFF, 0xBE, 0xF7,
    0x5D, 0xEF, 0xDB, 0xDE, 0x38, 0xC6, 0x51, 0x8C, 0x86, 0x31, 0x55, 0xAD, 0x00, 0x00, 0xFF, 0xFF,
    0xFF, 0xFF, 0x00, 0x00, 0xFF, 0xFF, 0x00, 0x00, 0xA6, 0x31, 0xBA, 0xD6, 0x7D, 0xEF, 0xDF, 0xFF,
    0xFF, 0xFF, 0xFF, 0xFF, 0xFF, 0xFF, 0x9A, 0xD7, 0x6E, 0x66, 0xE7, 0x2D, 0x08, 0x36, 0x2A, 0x46,
    0x0A, 0x46, 0x09, 0x3E, 0x09, 0x3E, 0x0A, 0x46, 0x2A, 0x46, 0x09, 0x36, 0xE8, 0x35, 0x6E, 0x66,
    0x58, 0xBF, 0xFE, 0xF7, 0xFF, 0xFF, 0xFF, 0xFF, 0xFF, 0xFF, 0xFF, 0xFF, 0xDD, 0xEF, 0x37, 0xB7,
    0x6D, 0x5E, 0xE8, 0x2D, 0x08, 0x36, 0x2A, 0x46, 0x0A, 0x46, 0x0A, 0x3E, 0x0A, 0x3E, 0x09, 0x3E,
    0x0A, 0x3E, 0x0A, 0x3E, 0x0A, 0x3E, 0x0A, 0x3E, 0x0A, 0x3E, 0x0A, 0x3E, 0x0A, 0x3E, 0x0A, 0x3E,
    0x0A, 0x3E, 0x0A, 0x3E, 0x0A, 0x3E, 0x09, 0x3E, 0x09, 0x3E, 0x0A, 0x3E, 0x0A, 0x3E, 0x0A, 0x3E,
    0x0A, 0x3E, 0x0A, 0x3E, 0x0A, 0x3E, 0x0A, 0x3E, 0x0A, 0x3E, 0x0A, 0x3E, 0x0A, 0x46, 0x09, 0x3E,
    0x0A, 0x46, 0x09, 0x3E, 0x2B, 0x4E, 0xD1, 0x86, 0x9C, 0xDF, 0xFF, 0xFF, 0xFF, 0xFF, 0xDE, 0xF7,
    0x5D, 0xEF, 0xFB, 0xDE, 0x38, 0xC6, 0x92, 0x94, 0x45, 0x29, 0x55, 0xAD, 0x00, 0x00, 0xFF, 0xFF,
    0xFF, 0xFF, 0x00, 0x00, 0xFF, 0xFF, 0x00, 0x00, 0x28, 0x42, 0xDB, 0xDE, 0x9E, 0xF7, 0xFF, 0xFF,
    0xFF, 0xFF, 0xFF, 0xFF, 0xFF, 0xFF, 0x7A, 0xCF, 0x6E, 0x66, 0xE7, 0x2D, 0xE8, 0x35, 0x2A, 0x46,
    0x09, 0x3E, 0x09, 0x3E, 0x09, 0x3E, 0x0A, 0x3E, 0x0A, 0x46, 0x09, 0x36, 0xE8, 0x35, 0x4B, 0x56,
    0xF3, 0x96, 0x7A, 0xCF, 0xDE, 0xF7, 0xFF, 0xFF, 0xFF, 0xFF, 0xFF, 0xFF, 0xFF, 0xFF, 0x9A, 0xD7,
    0xB0, 0x76, 0x0A, 0x46, 0x09, 0x3E, 0x2A, 0x46, 0x09, 0x3E, 0x09, 0x3E, 0x09, 0x3E, 0x09, 0x3E,
    0x09, 0x3E, 0x09, 0x3E, 0x09, 0x3E, 0x09, 0x3E, 0x09, 0x3E, 0x09, 0x3E, 0x09, 0x3E, 0x09, 0x3E,
    0x0A, 0x3E, 0x09, 0x3E, 0x09, 0x3E, 0x09, 0x3E, 0x09, 0x3E, 0x09, 0x3E, 0x09, 0x3E, 0x09, 0x3E,
    0x09, 0x3E, 0x09, 0x3E, 0x09, 0x3E, 0x09, 0x3E, 0x09, 0x3E, 0x09, 0x3E, 0x09, 0x3E, 0x09, 0x3E,
    0x0A, 0x3E, 0x09, 0x3E, 0x2A, 0x46, 0xB1, 0x86, 0x9B, 0xDF, 0xFF, 0xFF, 0xFF, 0xFF, 0xDE, 0xF7,
    0x7D, 0xEF, 0x1C, 0xE7, 0x59, 0xCE, 0x92, 0x94, 0x49, 0x4A, 0xFF, 0xFF, 0x00, 0x00, 0xFF, 0xFF,
    0xFF, 0xFF, 0x00, 0x00, 0xFF, 0xFF, 0x00, 0x00, 0x28, 0x42, 0xDB, 0xDE, 0x9E, 0xF7, 0xFF, 0xFF,
    0xFF, 0xFF, 0xFF, 0xFF, 0xFF, 0xFF, 0x7A, 0xCF, 0x6E, 0x66, 0xE7, 0x2D, 0xE8, 0x35, 0x2A, 0x46,
    0x09, 0x3E, 0x09, 0x3E, 0x09, 0x3E, 0x09, 0x3E, 0x09, 0x3E, 0x09, 0x3E, 0x09, 0x3E, 0x2A, 0x46,
    0x6D, 0x5E, 0xF4, 0x9E, 0xBC, 0xE7, 0xFF, 0xFF, 0xFF, 0xFF, 0xFF, 0xFF, 0xFF, 0xFF, 0xDE, 0xF7,
    0x36, 0xB7, 0x8F, 0x76, 0x0A, 0x46, 0xE8, 0x35, 0x09, 0x36, 0x0A, 0x3E, 0x09, 0x3E, 0x09, 0x3E,
    0x09, 0x3E, 0x09, 0x3E, 0x09, 0x3E, 0x09, 0x3E, 0x09, 0x3E, 0x09, 0x3E, 0x09, 0x3E, 0x09, 0x3E,
    0x09, 0x3E, 0x09, 0x3E, 0x09, 0x3E, 0x09, 0x3E, 0x09, 0x3E, 0x09, 0x3E, 0x09, 0x3E, 0x09, 0x3E,
    0x09, 0x3E, 0x09, 0x3E, 0x09, 0x3E, 0x09, 0x3E, 0x09, 0x3E, 0x09, 0x3E, 0x09, 0x3E, 0x09, 0x3E,
    0x09, 0x3E, 0x09, 0x36, 0x0A, 0x46, 0xB1, 0x7E, 0x9B, 0xDF, 0xFF, 0xFF, 0xFF, 0xFF, 0xDE, 0xF7,
    0x7D, 0xEF, 0x1C, 0xE7, 0x38, 0xC6, 0x92, 0x94, 0x49, 0x4A, 0xFF, 0xFF, 0x00, 0x00, 0xFF, 0xFF,
    0xFF, 0xFF, 0x00, 0x00, 0xFF, 0xFF, 0x00, 0x00, 0x69, 0x4A, 0xDB, 0xDE, 0x9E, 0xF7, 0xFF, 0xFF,
    0xFF, 0xFF, 0xFF, 0xFF, 0xFF, 0xFF, 0x7A, 0xCF, 0x6E, 0x66, 0xC7, 0x2D, 0xE8, 0x35, 0x0A, 0x46,
    0x09, 0x3E, 0x09, 0x3E, 0x09, 0x3E, 0x09, 0x3E, 0x09, 0x3E, 0x09, 0x3E, 0x0A, 0x3E, 0xE9, 0x35,
    0x09, 0x3E, 0x8F, 0x6E, 0x79, 0xC7, 0xFF, 0xFF, 0xFF, 0xFF, 0xFF, 0xFF, 0xFF, 0xFF, 0xFF, 0xFF,
    0xDD, 0xEF, 0x36, 0xAF, 0x4D, 0x5E, 0xE8, 0x2D, 0xE8, 0x35, 0x2A, 0x46, 0x09, 0x3E, 0x09, 0x3E,
    0x09, 0x3E, 0x09, 0x3E, 0x09, 0x3E, 0x09, 0x3E, 0x09, 0x3E, 0x09, 0x3E, 0x09, 0x3E, 0x09, 0x3E,
    0x09, 0x3E, 0x09, 0x3E, 0x0A, 0x3E, 0x0A, 0x46, 0x09, 0x3E, 0x09, 0x3E, 0x09, 0x3E, 0x09, 0x3E,
    0x09, 0x3E, 0x09, 0x3E, 0x09, 0x3E, 0x09, 0x3E, 0x09, 0x3E, 0x09, 0x3E, 0x09, 0x3E, 0x09, 0x3E,
    0x09, 0x3E, 0xE9, 0x35, 0x0A, 0x46, 0xB1, 0x7E, 0x9C, 0xDF, 0xFF, 0xFF, 0xFF, 0xFF, 0xDE, 0xF7,
    0x7D, 0xEF, 0xFB, 0xDE, 0x38, 0xC6, 0xD3, 0x9C, 0x49, 0x4A, 0xFF, 0xFF, 0x00, 0x00, 0xFF, 0xFF,
    0xFF, 0xFF, 0x00, 0x00, 0xFF, 0xFF, 0x00, 0x00, 0x69, 0x4A, 0xDB, 0xDE, 0x9E, 0xF7, 0xDF, 0xFF,
    0xFF, 0xFF, 0xFF, 0xFF, 0xFF, 0xFF, 0x9A, 0xD7, 0x6E, 0x66, 0xC7, 0x2D, 0xE8, 0x2D, 0x0A, 0x46,
    0x09, 0x3E, 0x09, 0x3E, 0x09, 0x3E, 0x09, 0x3E, 0x09, 0x3E, 0x09, 0x3E, 0x0A, 0x3E, 0xE8, 0x35,
    0xE8, 0x2D, 0x2B, 0x4E, 0xD3, 0x8E, 0x9A, 0xD7, 0xFF, 0xFF, 0xFF, 0xFF, 0xFF, 0xFF, 0xFF, 0xFF,
    0xFF, 0xFF, 0xBC, 0xE7, 0xF3, 0x8E, 0x4C, 0x56, 0x09, 0x36, 0xE8, 0x35, 0xE8, 0x35, 0x09, 0x3E,
    0x09, 0x3E, 0x09, 0x3E, 0x09, 0x3E, 0x09, 0x3E, 0x09, 0x3E, 0xE9, 0x3D, 0xE8, 0x35, 0xE9, 0x35,
    0xE9, 0x3D, 0xE9, 0x3D, 0xE8, 0x35, 0xE8, 0x35, 0xE8, 0x35, 0xE9, 0x3D, 0x09, 0x3E, 0x09, 0x3E,
    0x09, 0x3E, 0x09, 0x3E, 0x09, 0x3E, 0x09, 0x3E, 0x09, 0x3E, 0x09, 0x3E, 0x09, 0x3E, 0xE9, 0x3D,
    0x09, 0x3E, 0xE9, 0x35, 0x2A, 0x46, 0xD1, 0x86, 0x9C, 0xDF, 0xFF, 0xFF, 0xFF, 0xFF, 0xDE, 0xF7,
    0x5D, 0xEF, 0xFB, 0xDE, 0x38, 0xC6, 0xF3, 0x9C, 0x49, 0x4A, 0xFF, 0xFF, 0x00, 0x00, 0xFF, 0xFF,
    0xFF, 0xFF, 0x00, 0x00, 0xFF, 0xFF, 0x00, 0x00, 0x49, 0x4A, 0xDB, 0xDE, 0x7D, 0xEF, 0xBE, 0xF7,
    0xFF, 0xFF, 0xFF, 0xFF, 0xFF, 0xFF, 0x9B, 0xD7, 0x6E, 0x6E, 0xC7, 0x2D, 0xE8, 0x2D, 0x0A, 0x3E,
    0x09, 0x3E, 0xE9, 0x3D, 0xE9, 0x3D, 0xE9, 0x3D, 0xE9, 0x3D, 0xE9, 0x3D, 0x09, 0x3E, 0xE9, 0x35,
    0xE9, 0x35, 0xE9, 0x35, 0x2C, 0x56, 0xD3, 0x96, 0xBC, 0xE7, 0xFF, 0xFF, 0xFF, 0xFF, 0xFF, 0xFF,
    0xFF, 0xFF, 0xFF, 0xFF, 0x9B, 0xDF, 0xF4, 0x9E, 0x4C, 0x56, 0xE8, 0x2D, 0xE8, 0x35, 0x09, 0x3E,
    0x09, 0x3E, 0x09, 0x3E, 0x09, 0x3E, 0x09, 0x3E, 0x09, 0x3E, 0xE9, 0x3D, 0xE8, 0x35, 0x09, 0x3E,
    0x2B, 0x4E, 0x0A, 0x46, 0xE8, 0x35, 0xC7, 0x25, 0xE8, 0x35, 0xE9, 0x3D, 0x09, 0x3E, 0x09, 0x3E,
    0x09, 0x3E, 0xE9, 0x3D, 0xE9, 0x3D, 0xE9, 0x3D, 0xE9, 0x3D, 0xE9, 0x3D, 0x09, 0x3E, 0xE9, 0x35,
    0xE9, 0x3D, 0x09, 0x3E, 0x2B, 0x4E, 0xD2, 0x8E, 0xBC, 0xE7, 0xFF, 0xFF, 0xFF, 0xFF, 0xBE, 0xF7,
    0x5D, 0xEF, 0xDB, 0xDE, 0x18, 0xC6, 0xB2, 0x94, 0x45, 0x29, 0x55, 0xAD, 0x00, 0x00, 0xFF, 0xFF,
    0xFF, 0xFF, 0x00, 0x00, 0xFF, 0xFF, 0x00, 0x00, 0xE7, 0x39, 0x9A, 0xD6, 0x5D, 0xEF, 0x9E, 0xF7,
    0xFF, 0xFF, 0xFF, 0xFF, 0xFF, 0xFF, 0x9B, 0xDF, 0x8F, 0x76, 0xE8, 0x35, 0xE8, 0x35, 0xE9, 0x3D,
    0xE9, 0x3D, 0xE9, 0x3D, 0xE9, 0x35, 0xE9, 0x35, 0xE9, 0x3D, 0xE9, 0x35, 0xE9, 0x3D, 0xE9, 0x3D,
    0x0A, 0x3E, 0xE8, 0x35, 0xE8, 0x35, 0x4D, 0x5E, 0x37, 0xB7, 0xDD, 0xEF, 0xFF, 0xFF, 0xFF, 0xFF,
    0xFF, 0xFF, 0xFF, 0xFF, 0xFF, 0xFF, 0x9B, 0xDF, 0xD3, 0x8E, 0x4C, 0x56, 0x0A, 0x3E, 0xE9, 0x35,
    0xE8, 0x2D, 0xE8, 0x35, 0xE9, 0x35, 0xE9, 0x35, 0xE8, 0x35, 0xE9, 0x35, 0x0A, 0x46, 0x6E, 0x66,
    0xB1, 0x86, 0xB1, 0x86, 0x6E, 0x6E, 0x2B, 0x4E, 0x0A, 0x46, 0xE9, 0x3D, 0xE8, 0x2D, 0xE8, 0x2D,
    0xE8, 0x35, 0xE9, 0x35, 0xE9, 0x3D, 0xE9, 0x3D, 0xE9, 0x3D, 0xE9, 0x3D, 0x09, 0x3E, 0xE9, 0x35,
    0xE9, 0x35, 0x09, 0x3E, 0x4C, 0x5E, 0xF3, 0x96, 0xBC, 0xE7, 0xFF, 0xFF, 0xFF, 0xFF, 0xBE, 0xF7,
    0x3C, 0xE7, 0xBA, 0xD6, 0x18, 0xC6, 0xB2, 0x94, 0xE7, 0x39, 0x55, 0xAD, 0x00, 0x00, 0xFF, 0xFF,
    0xFF, 0xFF, 0x00, 0x00, 0xFF, 0xFF, 0x00, 0x00, 0xC7, 0x39, 0x59, 0xCE, 0x1C, 0xE7, 0x7D, 0xEF,
    0xDE, 0xF7, 0xFF, 0xFF, 0xFF, 0xFF, 0xBC, 0xDF, 0xB1, 0x86, 0x0A, 0x46, 0xE8, 0x35, 0xE9, 0x3D,
    0xE9, 0x35, 0xE9, 0x35, 0xE9, 0x35, 0xE9, 0x35, 0xE9, 0x35, 0xE9, 0x35, 0xE9, 0x35, 0xE9, 0x35,
    0xE9, 0x3D, 0xE8, 0x35, 0xE8, 0x35, 0x0A, 0x3E, 0x6F, 0x6E, 0x36, 0xAF, 0xDE, 0xF7, 0xFF, 0xFF,
    0xFF, 0xFF, 0xFF, 0xFF, 0xFF, 0xFF, 0xFF, 0xFF, 0xBC, 0xDF, 0x36, 0xAF, 0x6F, 0x6E, 0x0A, 0x3E,
    0xC7, 0x2D, 0xC8, 0x2D, 0xE9, 0x35, 0xE8, 0x35, 0xC7, 0x2D, 0x0A, 0x3E, 0x90, 0x76, 0x37, 0xB7,
    0x9B, 0xDF, 0xBC, 0xE7, 0x79, 0xCF, 0x14, 0x9F, 0x90, 0x76, 0x2B, 0x4E, 0xC8, 0x2D, 0xC7, 0x25,
    0xE8, 0x2D, 0xE9, 0x35, 0xE9, 0x35, 0xE9, 0x35, 0xE9, 0x35, 0xE9, 0x35, 0xE9, 0x3D, 0xE8, 0x35,
    0xE8, 0x35, 0x0A, 0x3E, 0x6E, 0x66, 0x15, 0xA7, 0xBD, 0xEF, 0xFF, 0xFF, 0xFF, 0xFF, 0xBE, 0xF7,
    0x1C, 0xE7, 0x79, 0xCE, 0xF7, 0xBD, 0xF3, 0x9C, 0x00, 0x00, 0xFF, 0xFF, 0x00, 0x00, 0xFF, 0xFF,
    0xFF, 0xFF, 0x00, 0x00, 0xFF, 0xFF, 0x00, 0x00, 0x49, 0x4A, 0x18, 0xC6, 0xDB, 0xDE, 0x5C, 0xE7,
    0xBE, 0xF7, 0xFF, 0xFF, 0xFF, 0xFF, 0xBC, 0xE7, 0xD3, 0x96, 0x4C, 0x56, 0xE9, 0x3D, 0xE9, 0x35,
    0xE8, 0x35, 0xE9, 0x35, 0xE9, 0x35, 0xE9, 0x35, 0xE9, 0x35, 0xE9, 0x35, 0xE9, 0x35, 0xE9, 0x35,
    0xE9, 0x35, 0xE9, 0x35, 0xE9, 0x3D, 0xE8, 0x35, 0x0A, 0x3E, 0x8F, 0x6E, 0x58, 0xC7, 0xDE, 0xEF,
    0xFF, 0xFF, 0xFF, 0xFF, 0xFF, 0xFF, 0xFF, 0xFF, 0xFF, 0xFF, 0xDD, 0xEF, 0x36, 0xAF, 0x90, 0x7E,
    0x4D, 0x5E, 0x2B, 0x46, 0xE9, 0x3D, 0xE8, 0x35, 0xE8, 0x35, 0x4D, 0x5E, 0x36, 0xAF, 0xBD, 0xEF,
    0xFF, 0xFF, 0xFF, 0xFF, 0xFF, 0xFF, 0xBC, 0xDF, 0x37, 0xB7, 0xD2, 0x8E, 0x6E, 0x66, 0x2B, 0x4E,
    0x0A, 0x3E, 0xE9, 0x3D, 0xE9, 0x35, 0xE9, 0x35, 0xE9, 0x35, 0xE9, 0x35, 0xE9, 0x3D, 0xE8, 0x35,
    0xC8, 0x2D, 0x0A, 0x46, 0x90, 0x7E, 0x37, 0xB7, 0xDD, 0xEF, 0xFF, 0xFF, 0xFF, 0xFF, 0xBE, 0xF7,
    0xFB, 0xDE, 0x38, 0xC6, 0xB6, 0xB5, 0xB6, 0xB5, 0x00, 0x00, 0xFF, 0xFF, 0x00, 0x00, 0xFF, 0xFF,
    0xFF, 0xFF, 0x00, 0x00, 0xFF, 0xFF, 0x00, 0x00, 0x2C, 0x63, 0xF7, 0xBD, 0x9A, 0xD6, 0x3C, 0xE7,
    0xBE, 0xF7, 0xFF, 0xFF, 0xFF, 0xFF, 0xBD, 0xEF, 0x15, 0xA7, 0x6F, 0x6E, 0x0A, 0x46, 0xE8, 0x35,
    0xE8, 0x35, 0xE9, 0x35, 0xE9, 0x35, 0xE8, 0x35, 0xE8, 0x35, 0xE8, 0x35, 0xE8, 0x35, 0xE8, 0x35,
    0xE8, 0x35, 0xE8, 0x35, 0xE9, 0x35, 0xE8, 0x35, 0xE8, 0x35, 0x0A, 0x46, 0x90, 0x76, 0x37, 0xB7,
    0xFE, 0xF7, 0xFF, 0xFF, 0xFF, 0xFF, 0xFF, 0xFF, 0xFF, 0xFF, 0xFF, 0xFF, 0xDD, 0xEF, 0x9B, 0xD7,
    0x37, 0xB7, 0xB2, 0x86, 0x4C, 0x5E, 0x0A, 0x46, 0x4D, 0x5E, 0xF3, 0x96, 0xBB, 0xDF, 0xFF, 0xFF,
    0xFF, 0xFF, 0xFF, 0xFF, 0xFF, 0xFF, 0xFF, 0xFF, 0xDE, 0xEF, 0xBC, 0xE7, 0x7A, 0xCF, 0x15, 0x9F,
    0x6E, 0x66, 0x0A, 0x3E, 0xE8, 0x35, 0xE9, 0x35, 0xE8, 0x35, 0xE9, 0x35, 0xE9, 0x3D, 0xC8, 0x2D,
    0xC7, 0x2D, 0x2B, 0x4E, 0xD3, 0x8E, 0x7A, 0xCF, 0xDE, 0xF7, 0xFF, 0xFF, 0xFF, 0xFF, 0xBE, 0xF7,
    0xDB, 0xDE, 0xF7, 0xBD, 0xB6, 0xB5, 0x59, 0xCE, 0x00, 0x00, 0xEF, 0x7B, 0x00, 0x00, 0xFF, 0xFF,
    0xFF, 0xFF, 0x00, 0x00, 0xFF, 0xFF, 0x00, 0x00, 0x2C, 0x63, 0x96, 0xB5, 0x38, 0xC6, 0xFB, 0xDE,
    0xBE, 0xF7, 0xFF, 0xFF, 0xFF, 0xFF, 0xDE, 0xF7, 0x59, 0xC7, 0xB1, 0x86, 0x0A, 0x46, 0xC7, 0x2D,
    0xC8, 0x2D, 0xE9, 0x35, 0xE9, 0x35, 0xE8, 0x35, 0xE8, 0x35, 0xE8, 0x35, 0xE8, 0x35, 0xE8, 0x35,
    0xE8, 0x35, 0xE8, 0x35, 0xE9, 0x35, 0xE8, 0x35, 0xE8, 0x35, 0xE8, 0x35, 0x0A, 0x46, 0x90, 0x76,
    0x58, 0xC7, 0xDD, 0xEF, 0xFF, 0xFF, 0xFF, 0xFF, 0xFF, 0xFF, 0xFF, 0xFF, 0xFF, 0xFF, 0xFF, 0xFF,
    0xDE, 0xF7, 0x79, 0xC7, 0xF4, 0x96, 0xD2, 0x86, 0x14, 0x9F, 0x7A, 0xCF, 0xFF, 0xF7, 0xFF, 0xFF,
    0xFF, 0xFF, 0xFF, 0xF7, 0xFF, 0xFF, 0xFF, 0xFF, 0xFF, 0xFF, 0xFF, 0xFF, 0xFF, 0xFF, 0x9B, 0xDF,
    0xD2, 0x8E, 0x2C, 0x4E, 0xE9, 0x35, 0xE8, 0x35, 0xE8, 0x35, 0xE9, 0x35, 0xE9, 0x3D, 0xC7, 0x2D,
    0xC7, 0x25, 0x2C, 0x4E, 0x16, 0xA7, 0xBC, 0xE7, 0xFF, 0xFF, 0xFF, 0xFF, 0xFF, 0xFF, 0xBE, 0xF7,
    0xBA, 0xD6, 0x96, 0xB5, 0x34, 0xA5, 0xBA, 0xD6, 0x00, 0x00, 0xEF, 0x7B, 0x00, 0x00, 0xFF, 0xFF,
    0x00, 0x00, 0x00, 0x00, 0xEF, 0x7B, 0x00, 0x00, 0xFF, 0xFF, 0x14, 0xA5, 0x96, 0xB5, 0xDB, 0xDE,
    0xDE, 0xF7, 0xFF, 0xFF, 0xFF, 0xFF, 0xFF, 0xFF, 0xBC, 0xE7, 0x15, 0xA7, 0x2B, 0x4E, 0xC7, 0x25,
    0xC7, 0x2D, 0xE9, 0x35, 0xE8, 0x35, 0xE8, 0x35, 0xE8, 0x35, 0xE8, 0x35, 0xE8, 0x35, 0xE8, 0x35,
    0xE8, 0x35, 0xE8, 0x35, 0xE8, 0x35, 0xE8, 0x35, 0xE8, 0x35, 0xC8, 0x2D, 0xE8, 0x35, 0x0A, 0x46,
    0x8F, 0x6E, 0x16, 0xAF, 0xDE, 0xEF, 0xFF, 0xFF, 0xFF, 0xFF, 0xFF, 0xFF, 0xFF, 0xFF, 0xFF, 0xFF,
    0xFF, 0xFF, 0xDE, 0xF7, 0xBC, 0xE7, 0xBC, 0xE7, 0xBD, 0xEF, 0xFE, 0xF7, 0xFF, 0xFF, 0xFF, 0xFF,
    0xFF, 0xFF, 0xFF, 0xFF, 0xFF, 0xFF, 0xFF, 0xFF, 0xFF, 0xFF, 0xFF, 0xFF, 0xFF, 0xFF, 0xBD, 0xE7,
    0x15, 0xA7, 0x4E, 0x66, 0xE9, 0x3D, 0xC8, 0x2D, 0xC8, 0x2D, 0xE9, 0x35, 0xE9, 0x3D, 0xC7, 0x2D,
    0xA7, 0x25, 0x4D, 0x5E, 0x79, 0xC7, 0xFF, 0xFF, 0xFF, 0xFF, 0xFF, 0xFF, 0xFF, 0xFF, 0xBE, 0xF7,
    0x9A, 0xD6, 0xF3, 0x9C, 0x92, 0x94, 0x3C, 0xE7, 0x00, 0x00, 0xFF, 0xFF, 0x00, 0x00, 0x00, 0x00,
    0x00, 0x00, 0x00, 0x00, 0xEF, 0x7B, 0x00, 0x00, 0xFF, 0xFF, 0x71, 0x8C, 0xF3, 0x9C, 0xBA, 0xD6,
    0xDE, 0xF7, 0xFF, 0xFF, 0xFF, 0xFF, 0xFF, 0xFF, 0xFE, 0xF7, 0x58, 0xBF, 0x4D, 0x5E, 0xA7, 0x25,
    0xC7, 0x2D, 0xE9, 0x35, 0xC8, 0x35, 0xC8, 0x35, 0xE8, 0x35, 0xE8, 0x35, 0xE8, 0x35, 0xE8, 0x35,
    0xE8, 0x35, 0xE8, 0x35, 0xC8, 0x35, 0xE8, 0x35, 0xE8, 0x35, 0xC8, 0x35, 0xE8, 0x35, 0xC8, 0x2D,
    0xE9, 0x3D, 0x6F, 0x6E, 0x37, 0xB7, 0xBC, 0xE7, 0xFE, 0xF7, 0xFF, 0xFF, 0xFF, 0xFF, 0xFF, 0xFF,
    0xFF, 0xFF, 0xFF, 0xFF, 0xFF, 0xFF, 0xFF, 0xFF, 0xFF, 0xFF, 0xFF, 0xFF, 0xFF, 0xFF, 0xFF, 0xFF,
    0xFF, 0xFF, 0xFF, 0xFF, 0xFF, 0xFF, 0xFF, 0xFF, 0xFE, 0xF7, 0xFF, 0xFF, 0xFF, 0xFF, 0xDD, 0xEF,
    0x15, 0xA7, 0x4D, 0x5E, 0xE9, 0x3D, 0xC8, 0x2D, 0xC8, 0x2D, 0xC8, 0x35, 0xE9, 0x35, 0xC7, 0x2D,
    0xC8, 0x35, 0x8F, 0x76, 0x9B, 0xD7, 0xFF, 0xFF, 0xFF, 0xFF, 0xFF, 0xFF, 0xDF, 0xFF, 0x7E, 0xF7,
    0x9A, 0xD6, 0xB2, 0x94, 0xCF, 0x7B, 0xFB, 0xDE, 0x00, 0x00, 0xFF, 0xFF, 0x00, 0x00, 0x00, 0x00,
    0x00, 0x00, 0x00, 0x00, 0xFF, 0xFF, 0x00, 0x00, 0xFF, 0xFF, 0xAA, 0x52, 0xAE, 0x73, 0xBA, 0xD6,
    0x9E, 0xF7, 0xFF, 0xFF, 0xFF, 0xFF, 0xFF, 0xFF, 0xFF, 0xFF, 0x9B, 0xD7, 0x90, 0x76, 0xC8, 0x35,
    0xC8, 0x2D, 0xE9, 0x35, 0xC8, 0x35, 0xC8, 0x35, 0xC8, 0x35, 0xC8, 0x35, 0xC8, 0x35, 0xC8, 0x35,
    0xC8, 0x35, 0xC8, 0x35, 0xC8, 0x35, 0xC8, 0x35, 0xC8, 0x35, 0xC8, 0x35, 0xC8, 0x35, 0xC8, 0x2D,
    0xC8, 0x2D, 0xE9, 0x3D, 0x2C, 0x5E, 0xD2, 0x8E, 0x79, 0xC7, 0xFE, 0xF7, 0xFF, 0xFF, 0xFF, 0xFF,
    0xFF, 0xFF, 0xFF, 0xFF, 0xFF, 0xFF, 0xFF, 0xFF, 0xFF, 0xFF, 0xFF, 0xFF, 0xFF, 0xFF, 0xFF, 0xFF,
    0xFF, 0xFF, 0xFF, 0xFF, 0xFF, 0xFF, 0xFF, 0xFF, 0xDE, 0xF7, 0xFF, 0xFF, 0xFF, 0xFF, 0xBD, 0xEF,
    0xD2, 0x8E, 0x0A, 0x46, 0xC8, 0x2D, 0xC8, 0x35, 0xC8, 0x35, 0xC8, 0x2D, 0xC8, 0x35, 0xE9, 0x35,
    0x2C, 0x56, 0xD3, 0x96, 0xBC, 0xE7, 0xFF, 0xFF, 0xFF, 0xFF, 0xDF, 0xFF, 0x9E, 0xF7, 0x3C, 0xE7,
    0x59, 0xCE, 0x92, 0x94, 0x0C, 0x63, 0xBA, 0xD6, 0x00, 0x00, 0xFF, 0xFF, 0x00, 0x00, 0x00, 0x00,
    0x00, 0x00, 0x00, 0x00, 0xFF, 0xFF, 0x00, 0x00, 0xFF, 0xFF, 0x00, 0x00, 0xEB, 0x5A, 0x79, 0xCE,
    0x5D, 0xEF, 0x9E, 0xF7, 0xFF, 0xFF, 0xFF, 0xFF, 0xFF, 0xFF, 0xBD, 0xE7, 0xF4, 0x9E, 0x2C, 0x56,
    0xC8, 0x35, 0xA7, 0x2D, 0xC8, 0x2D, 0xC8, 0x35, 0xC8, 0x35, 0xC8, 0x2D, 0xC8, 0x2D, 0xC8, 0x2D,
    0xC8, 0x2D, 0xC8, 0x2D, 0xC8, 0x2D, 0xC8, 0x2D, 0xC8, 0x2D, 0xC8, 0x35, 0xC8, 0x35, 0xC8, 0x35,
    0xC8, 0x35, 0xA7, 0x2D, 0xC7, 0x25, 0x0B, 0x46, 0xB1, 0x86, 0x37, 0xB7, 0x9B, 0xDF, 0xBD, 0xEF,
    0xDE, 0xF7, 0xFF, 0xFF, 0xFF, 0xFF, 0xFF, 0xFF, 0xFF, 0xFF, 0xFF, 0xFF, 0xFF, 0xFF, 0xFF, 0xFF,
    0xFF, 0xFF, 0xFF, 0xFF, 0xFF, 0xFF, 0xFF, 0xFF, 0xFF, 0xFF, 0xFF, 0xFF, 0xFE, 0xF7, 0x79, 0xC7,
    0x6E, 0x66, 0xC8, 0x2D, 0xC7, 0x2D, 0xC8, 0x35, 0xE9, 0x35, 0xC7, 0x2D, 0xA7, 0x25, 0xEA, 0x3D,
    0xB1, 0x86, 0x58, 0xC7, 0xDE, 0xF7, 0xFF, 0xFF, 0xFF, 0xFF, 0xDE, 0xF7, 0x3C, 0xE7, 0x9A, 0xD6,
    0x18, 0xC6, 0x14, 0xA5, 0xEB, 0x5A, 0xF7, 0xBD, 0x00, 0x00, 0xFF, 0xFF, 0x00, 0x00, 0x00, 0x00,
    0x00, 0x00, 0x00, 0x00, 0x00, 0x00, 0x00, 0x00, 0xFF, 0xFF, 0x00, 0x00, 0x8E, 0x73, 0x38, 0xC6,
    0xBA, 0xD6, 0x5D, 0xEF, 0xDF, 0xFF, 0xFF, 0xFF, 0xFF, 0xFF, 0xDE, 0xF7, 0x7A, 0xCF, 0xB2, 0x8E,
    0xEA, 0x3D, 0x86, 0x1D, 0xA7, 0x25, 0xC8, 0x35, 0xC8, 0x2D, 0xC8, 0x2D, 0xC8, 0x2D, 0xC8, 0x2D,
    0xC8, 0x2D, 0xC8, 0x2D, 0xC8, 0x2D, 0xC8, 0x2D, 0xC8, 0x2D, 0xC8, 0x2D, 0xC8, 0x2D, 0xC8, 0x2D,
    0xC8, 0x2D, 0xA7, 0x2D, 0xC7, 0x2D, 0xC8, 0x2D, 0xEA, 0x3D, 0x2C, 0x56, 0x90, 0x7E, 0xF5, 0x9E,
    0x79, 0xCF, 0xDD, 0xEF, 0xFF, 0xFF, 0xFF, 0xFF, 0xFF, 0xFF, 0xFF, 0xFF, 0xFF, 0xFF, 0xFF, 0xFF,
    0xFF, 0xFF, 0xFF, 0xFF, 0xFF, 0xFF, 0xFF, 0xFF, 0xFF, 0xFF, 0xFF, 0xFF, 0x7A, 0xCF, 0xD3, 0x8E,
    0x0B, 0x46, 0xA7, 0x25, 0xA7, 0x25, 0xC8, 0x35, 0xE9, 0x35, 0xA7, 0x25, 0x86, 0x1D, 0x2B, 0x4E,
    0x36, 0xAF, 0xDE, 0xF7, 0xFF, 0xFF, 0xFF, 0xFF, 0xFF, 0xFF, 0xBE, 0xF7, 0xDB, 0xDE, 0xF7, 0xBD,
    0x96, 0xB5, 0xB6, 0xB5, 0xE7, 0x39, 0xAA, 0x52, 0x00, 0x00, 0x00, 0x00, 0x00, 0x00, 0x00, 0x00,
    0x00, 0x00, 0x00, 0x00, 0x00, 0x00, 0x00, 0x00, 0xFF, 0xFF, 0x00, 0x00, 0xF7, 0xBD, 0x96, 0xB5,
    0xF7, 0xBD, 0xFB, 0xDE, 0xBE, 0xF7, 0xFF, 0xFF, 0xFF, 0xFF, 0xFF, 0xFF, 0xDE, 0xF7, 0x37, 0xB7,
    0x4D, 0x5E, 0xA7, 0x2D, 0xA7, 0x25, 0xC8, 0x35, 0xC8, 0x2D, 0xC8, 0x2D, 0xC8, 0x2D, 0xC8, 0x2D,
    0xC8, 0x2D, 0xC8, 0x2D, 0xC8, 0x2D, 0xC8, 0x2D, 0xC8, 0x2D, 0xC8, 0x2D, 0xC8, 0x2D, 0xC8, 0x2D,
    0xC8, 0x2D, 0xC8, 0x2D, 0xC8, 0x35, 0xC7, 0x2D, 0xA6, 0x25, 0xA6, 0x25, 0xE9, 0x3D, 0x4D, 0x5E,
    0xB2, 0x8E, 0x36, 0xAF, 0x7A, 0xCF, 0x9B, 0xDF, 0xBC, 0xE7, 0xDD, 0xEF, 0xDE, 0xF7, 0xFF, 0xFF,
    0xFF, 0xFF, 0xFF, 0xFF, 0xFE, 0xF7, 0xDE, 0xF7, 0xBC, 0xE7, 0x79, 0xCF, 0xD3, 0x8E, 0x2C, 0x56,
    0xC8, 0x35, 0xA7, 0x25, 0xC8, 0x2D, 0xC8, 0x2D, 0xC8, 0x2D, 0xA7, 0x25, 0xC8, 0x2D, 0x8F, 0x6E,
    0x9A, 0xD7, 0xFF, 0xFF, 0xFF, 0xFF, 0xFF, 0xFF, 0xFF, 0xFF, 0x9E, 0xF7, 0x9A, 0xD6, 0x55, 0xAD,
    0xD3, 0x9C, 0xD7, 0xBD, 0xEF, 0x7B, 0xEF, 0x7B, 0x00, 0x00, 0x00, 0x00, 0x00, 0x00, 0x00, 0x00,
    0x00, 0x00, 0x00, 0x00, 0x00, 0x00, 0x00, 0x00, 0xFF, 0xFF, 0x00, 0x00, 0xFF, 0xFF, 0xEF, 0x7B,
    0x14, 0xA5, 0xBA, 0xD6, 0x9E, 0xF7, 0xFF, 0xFF, 0xFF, 0xFF, 0xFF, 0xFF, 0xFF, 0xFF, 0x9B, 0xDF,
    0xB1, 0x7E, 0xEA, 0x3D, 0xC8, 0x2D, 0xC8, 0x2D, 0xA8, 0x2D, 0xC8, 0x2D, 0xC8, 0x2D, 0xC8, 0x2D,
    0xC8, 0x2D, 0xC8, 0x2D, 0xC8, 0x2D, 0xC8, 0x2D, 0xC8, 0x2D, 0xC8, 0x2D, 0xC8, 0x2D, 0xC8, 0x2D,
    0xC8, 0x2D, 0xC8, 0x2D, 0xC8, 0x2D, 0xA7, 0x2D, 0xA7, 0x25, 0xA7, 0x25, 0xC7, 0x2D, 0xC8, 0x35,
    0x0A, 0x46, 0x0B, 0x4E, 0x4D, 0x5E, 0x90, 0x76, 0xD3, 0x96, 0x36, 0xAF, 0x79, 0xC7, 0x9B, 0xD7,
    0xBC, 0xDF, 0xBC, 0xDF, 0x9B, 0xD7, 0x38, 0xBF, 0xD3, 0x96, 0x6F, 0x6E, 0x0B, 0x46, 0xC8, 0x35,
    0xA7, 0x2D, 0xC8, 0x2D, 0xC8, 0x2D, 0xA7, 0x2D, 0xA7, 0x25, 0xC8, 0x35, 0x4E, 0x66, 0x15, 0xA7,
    0xBD, 0xEF, 0xFF, 0xFF, 0xFF, 0xFF, 0xFF, 0xFF, 0xBE, 0xF7, 0x5D, 0xEF, 0x59, 0xCE, 0xD3, 0x9C,
    0x51, 0x8C, 0x38, 0xC6, 0x00, 0x00, 0xFF, 0xFF, 0x00, 0x00, 0x00, 0x00, 0x00, 0x00, 0x00, 0x00,
    0x00, 0x00, 0x00, 0x00, 0x00, 0x00, 0x00, 0x00, 0xFF, 0xFF, 0x00, 0x00, 0xFF, 0xFF, 0xE7, 0x39,
    0x10, 0x84, 0x9A, 0xD6, 0x7D, 0xEF, 0xDF, 0xFF, 0xFF, 0xFF, 0xFF, 0xFF, 0xFF, 0xFF, 0xBC, 0xE7,
    0xD3, 0x8E, 0x0B, 0x4E, 0xC8, 0x2D, 0xC7, 0x2D, 0xA7, 0x2D, 0xC8, 0x2D, 0xC8, 0x2D, 0xC8, 0x2D,
    0xC8, 0x2D, 0xC8, 0x2D, 0xC8, 0x2D, 0xC8, 0x2D, 0xC8, 0x2D, 0xC8, 0x2D, 0xC8, 0x2D, 0xC8, 0x2D,
    0xC8, 0x2D, 0xC8, 0x2D, 0xC8, 0x2D, 0xC8, 0x2D, 0xC8, 0x2D, 0xC8, 0x2D, 0xC8, 0x2D, 0xA7, 0x25,
    0xA6, 0x25, 0x86, 0x1D, 0xA6, 0x1D, 0xC8, 0x35, 0x0C, 0x4E, 0x6F, 0x6E, 0xB1, 0x86, 0xD3, 0x96,
    0xF4, 0x9E, 0xF4, 0x9E, 0xD3, 0x96, 0x90, 0x76, 0x0B, 0x4E, 0xC8, 0x2D, 0xA7, 0x25, 0xA7, 0x25,
    0xA7, 0x2D, 0xC8, 0x2D, 0xC8, 0x2D, 0xA6, 0x25, 0xA6, 0x25, 0x0B, 0x4E, 0xF4, 0x9E, 0x9B, 0xDF,
    0xDE, 0xF7, 0xFF, 0xFF, 0xFF, 0xFF, 0xFF, 0xFF, 0x5D, 0xEF, 0xDB, 0xDE, 0x18, 0xC6, 0xF3, 0x9C,
    0x51, 0x8C, 0xFF, 0xFF, 0x00, 0x00, 0xFF, 0xFF, 0x00, 0x00, 0x00, 0x00, 0x00, 0x00, 0x00, 0x00,
    0x00, 0x00, 0x00, 0x00, 0x00, 0x00, 0x00, 0x00, 0xFF, 0xFF, 0x00, 0x00, 0xFF, 0xFF, 0x00, 0x00,
    0xCF, 0x7B, 0x79, 0xCE, 0x3C, 0xE7, 0x9E, 0xF7, 0xFF, 0xFF, 0xFF, 0xFF, 0xFF, 0xFF, 0x9C, 0xE7,
    0xB1, 0x7E, 0xE9, 0x3D, 0xA7, 0x2D, 0xC8, 0x2D, 0xA7, 0x2D, 0xC8, 0x2D, 0xA8, 0x2D, 0xA8, 0x2D,
    0xA7, 0x2D, 0xA7, 0x2D, 0xA7, 0x2D, 0xA7, 0x2D, 0xA7, 0x2D, 0xA7, 0x2D, 0xA7, 0x2D, 0xA7, 0x2D,
    0xA7, 0x2D, 0xA7, 0x2D, 0xA7, 0x2D, 0xA8, 0x2D, 0xA8, 0x2D, 0xA8, 0x2D, 0xA7, 0x2D, 0xA7, 0x25,
    0xA7, 0x25, 0x86, 0x25, 0x86, 0x25, 0xA7, 0x25, 0xC8, 0x2D, 0xC9, 0x35, 0xEA, 0x3D, 0xEA, 0x45,
    0x0B, 0x46, 0x0B, 0x46, 0xEA, 0x45, 0xE9, 0x3D, 0xC8, 0x2D, 0xA7, 0x25, 0xA7, 0x25, 0xA7, 0x25,
    0xA8, 0x2D, 0xA8, 0x2D, 0xA8, 0x2D, 0xA7, 0x25, 0xC9, 0x3D, 0x90, 0x76, 0x9A, 0xD7, 0xFF, 0xFF,
    0xFF, 0xFF, 0xFF, 0xFF, 0xFF, 0xFF, 0xDF, 0xFF, 0xFB, 0xDE, 0xF7, 0xBD, 0x75, 0xAD, 0x55, 0xAD,
    0xEF, 0x7B, 0xFF, 0xFF, 0x00, 0x00, 0x00, 0x00, 0x00, 0x00, 0x00, 0x00, 0x00, 0x00, 0x00, 0x00,
    0x00, 0x00, 0x00, 0x00, 0x00, 0x00, 0x00, 0x00, 0xFF, 0xFF, 0x00, 0x00, 0xFF, 0xFF, 0x00, 0x00,
    0xCF, 0x7B, 0x9A, 0xD6, 0x7D, 0xEF, 0x9E, 0xF7, 0xFF, 0xFF, 0xFF, 0xFF, 0xFF, 0xFF, 0x7A, 0xD7,
    0x6F, 0x6E, 0xA7, 0x25, 0xA7, 0x25, 0xC8, 0x2D, 0xA7, 0x2D, 0xA7, 0x2D, 0xA7, 0x2D, 0xA7, 0x2D,
    0xA7, 0x2D, 0xA7, 0x2D, 0xA7, 0x2D, 0xA7, 0x2D, 0xA7, 0x2D, 0xA7, 0x2D, 0xA7, 0x2D, 0xA7, 0x2D,
    0xA7, 0x2D, 0xA7, 0x2D, 0xA7, 0x2D, 0xA7, 0x2D, 0xA7, 0x2D, 0xA7, 0x2D, 0xA8, 0x2D, 0xA8, 0x2D,
    0xA8, 0x2D, 0xA8, 0x2D, 0xA8, 0x2D, 0xA8, 0x2D, 0xA7, 0x25, 0xA7, 0x25, 0x86, 0x1D, 0x86, 0x1D,
    0x86, 0x1D, 0x86, 0x1D, 0x86, 0x1D, 0x86, 0x25, 0xA7, 0x25, 0xA8, 0x2D, 0xA8, 0x2D, 0xA8, 0x2D,
    0xA7, 0x2D, 0x86, 0x25, 0x87, 0x25, 0xE9, 0x3D, 0x6F, 0x76, 0x37, 0xB7, 0xDE, 0xF7, 0xFF, 0xFF,
    0xFF, 0xFF, 0xFF, 0xFF, 0xDF, 0xFF, 0x7D, 0xEF, 0x79, 0xCE, 0x14, 0xA5, 0xD3, 0x9C, 0x9A, 0xD6,
    0xFF, 0xFF, 0xFF, 0xFF, 0x00, 0x00, 0x00, 0x00, 0x00, 0x00, 0x00, 0x00, 0x00, 0x00, 0x00, 0x00,
    0x00, 0x00, 0x00, 0x00, 0x00, 0x00, 0x00, 0x00, 0xFF, 0xFF, 0x00, 0x00, 0xFF, 0xFF, 0x00, 0x00,
    0x30, 0x84, 0xBA, 0xD6, 0x9E, 0xF7, 0xDF, 0xFF, 0xFF, 0xFF, 0xFF, 0xFF, 0xFF, 0xFF, 0x59, 0xC7,
    0x2C, 0x56, 0x86, 0x1D, 0x86, 0x1D, 0xA8, 0x2D, 0xA7, 0x2D, 0xA7, 0x2D, 0xA8, 0x2D, 0xA8, 0x2D,
    0xA8, 0x2D, 0xA8, 0x2D, 0xA7, 0x2D, 0xA7, 0x25, 0xA7, 0x25, 0xA7, 0x2D, 0xA7, 0x25, 0xA7, 0x25,
    0xA7, 0x25, 0xA7, 0x25, 0xA7, 0x25, 0xA7, 0x25, 0xA7, 0x25, 0xA7, 0x2D, 0xA7, 0x2D, 0xA7, 0x2D,
    0xA7, 0x2D, 0xA7, 0x2D, 0xA7, 0x2D, 0xA7, 0x25, 0xA7, 0x25, 0xA7, 0x25, 0x86, 0x25, 0x86, 0x1D,
    0x86, 0x1D, 0x86, 0x1D, 0x86, 0x25, 0x87, 0x25, 0xA7, 0x25, 0xA7, 0x2D, 0xC8, 0x2D, 0xA8, 0x2D,
    0xA7, 0x25, 0x86, 0x25, 0xA8, 0x2D, 0x4E, 0x66, 0x58, 0xBF, 0xDD, 0xEF, 0xFF, 0xFF, 0xFF, 0xFF,
    0xFF, 0xFF, 0xDF, 0xFF, 0x7D, 0xEF, 0xDB, 0xDE, 0x18, 0xC6, 0xD3, 0x9C, 0x71, 0x8C, 0x1C, 0xE7,
    0x00, 0x00, 0x00, 0x00, 0x00, 0x00, 0x00, 0x00, 0x00, 0x00, 0x00, 0x00, 0x00, 0x00, 0x00, 0x00,
    0x00, 0x00, 0x00, 0x00, 0x00, 0x00, 0x00, 0x00, 0xFF, 0xFF, 0x00, 0x00, 0xFF, 0xFF, 0xAA, 0x52,
    0xB2, 0x94, 0xDB, 0xDE, 0xDF, 0xFF, 0xFF, 0xFF, 0xFF, 0xFF, 0xFF, 0xFF, 0xDE, 0xF7, 0x37, 0xB7,
    0x0B, 0x4E, 0x65, 0x15, 0x86, 0x1D, 0xA8, 0x2D, 0xA7, 0x2D, 0xA7, 0x25, 0x87, 0x25, 0x86, 0x25,
    0x86, 0x25, 0x87, 0x25, 0xA7, 0x25, 0xA7, 0x2D, 0xA7, 0x2D, 0xA7, 0x25, 0xA7, 0x25, 0xA7, 0x25,
    0xA7, 0x25, 0xA7, 0x25, 0xA7, 0x25, 0xA7, 0x25, 0xA7, 0x25, 0xA7, 0x25, 0xA7, 0x25, 0xA7, 0x25,
    0xA7, 0x25, 0xA7, 0x25, 0xA7, 0x25, 0xA7, 0x25, 0xA7, 0x2D, 0xA7, 0x2D, 0xA8, 0x2D, 0xA8, 0x2D,
    0xA8, 0x2D, 0xA8, 0x2D, 0xA8, 0x2D, 0xA8, 0x2D, 0xA8, 0x2D, 0xA7, 0x25, 0x87, 0x25, 0x86, 0x1D,
    0xA7, 0x25, 0xE9, 0x3D, 0x4E, 0x66, 0x16, 0xA7, 0xDD, 0xEF, 0xFF, 0xFF, 0xFF, 0xFF, 0xFF, 0xFF,
    0xFF, 0xFF, 0x9E, 0xF7, 0xFB, 0xDE, 0x18, 0xC6, 0xB6, 0xB5, 0x96, 0xB5, 0xD3, 0x9C, 0x79, 0xCE,
    0x00, 0x00, 0x00, 0x00, 0x00, 0x00, 0x00, 0x00, 0x00, 0x00, 0x00, 0x00, 0x00, 0x00, 0x00, 0x00,
    0x00, 0x00, 0x00, 0x00, 0x00, 0x00, 0x00, 0x00, 0xFF, 0xFF, 0x00, 0x00, 0xFF, 0xFF, 0x71, 0x8C,
    0x96, 0xB5, 0xDB, 0xDE, 0xDE, 0xF7, 0xFF, 0xFF, 0xFF, 0xFF, 0xFF, 0xFF, 0x9B, 0xDF, 0xD4, 0x96,
    0xEA, 0x45, 0x86, 0x1D, 0x87, 0x25, 0xA8, 0x35, 0xA8, 0x2D, 0xA7, 0x25, 0x87, 0x25, 0x86, 0x1D,
    0x86, 0x1D, 0x86, 0x25, 0xA7, 0x2D, 0xA8, 0x2D, 0xA7, 0x2D, 0xA7, 0x2D, 0xA7, 0x25, 0xA7, 0x25,
    0xA7, 0x25, 0xA7, 0x25, 0xA7, 0x25, 0xA7, 0x25, 0xA7, 0x25, 0xA7, 0x25, 0xA7, 0x25, 0xA7, 0x25,
    0xA7, 0x25, 0xA7, 0x25, 0xA7, 0x25, 0xA7, 0x25, 0xA7, 0x25, 0xA7, 0x25, 0xA7, 0x25, 0xA7, 0x25,
    0xA7, 0x25, 0xA7, 0x2D, 0xA7, 0x2D, 0xA8, 0x2D, 0xA8, 0x2D, 0xA7, 0x25, 0x86, 0x1D, 0x86, 0x1D,
    0xE9, 0x3D, 0x90, 0x76, 0x58, 0xBF, 0xDD, 0xEF, 0xFF, 0xFF, 0xFF, 0xFF, 0xFF, 0xFF, 0xFF, 0xFF,
    0xBE, 0xF7, 0x3C, 0xE7, 0x79, 0xCE, 0x75, 0xAD, 0xF3, 0x9C, 0xF7, 0xBD, 0xAA, 0x52, 0xEF, 0x7B,
    0x00, 0x00, 0x00, 0x00, 0x00, 0x00, 0x00, 0x00, 0x00, 0x00, 0x00, 0x00, 0x00, 0x00, 0x00, 0x00,
    0x00, 0x00, 0x00, 0x00, 0x00, 0x00, 0x00, 0x00, 0xFF, 0xFF, 0x00, 0x00, 0xFF, 0xFF, 0x96, 0xB5,
    0x38, 0xC6, 0xFB, 0xDE, 0xBE, 0xF7, 0xFF, 0xFF, 0xFF, 0xFF, 0xDE, 0xEF, 0x37, 0xB7, 0x70, 0x76,
    0xC8, 0x35, 0x65, 0x15, 0x65, 0x15, 0x86, 0x1D, 0x86, 0x1D, 0xA7, 0x25, 0xA8, 0x2D, 0xC9, 0x35,
    0xC9, 0x35, 0xA8, 0x2D, 0x86, 0x25, 0x86, 0x1D, 0x86, 0x1D, 0x87, 0x25, 0x87, 0x25, 0xA7, 0x25,
    0xA7, 0x25, 0xA7, 0x25, 0xA7, 0x25, 0xA7, 0x25, 0xA7, 0x25, 0xA7, 0x25, 0xA7, 0x25, 0xA7, 0x25,
    0xA7, 0x25, 0xA7, 0x25, 0xA7, 0x25, 0xA7, 0x25, 0xA7, 0x25, 0xA7, 0x25, 0xA7, 0x25, 0xA7, 0x25,
    0xA7, 0x25, 0x87, 0x25, 0x86, 0x25, 0x86, 0x1D, 0x86, 0x1D, 0x86, 0x25, 0xC8, 0x35, 0x0B, 0x4E,
    0x91, 0x7E, 0x38, 0xBF, 0xFE, 0xF7, 0xFF, 0xFF, 0xFF, 0xFF, 0xFF, 0xFF, 0xFF, 0xFF, 0xBE, 0xF7,
    0x3C, 0xE7, 0xBA, 0xD6, 0xD7, 0xBD, 0x14, 0xA5, 0xD3, 0x9C, 0x79, 0xCE, 0xFF, 0xFF, 0x00, 0x00,
    0x00, 0x00, 0x00, 0x00, 0x00, 0x00, 0x00, 0x00, 0x00, 0x00, 0x00, 0x00, 0x00, 0x00, 0x00, 0x00,
    0x00, 0x00, 0x00, 0x00, 0x00, 0x00, 0x00, 0x00, 0xFF, 0xFF, 0x00, 0x00, 0xEF, 0x7B, 0x18, 0xC6,
    0xBA, 0xD6, 0x3C, 0xE7, 0xBE, 0xF7, 0xFF, 0xFF, 0xFF, 0xFF, 0xBD, 0xE7, 0xF4, 0x9E, 0x2C, 0x56,
    0xA7, 0x25, 0x65, 0x0D, 0x44, 0x0D, 0x65, 0x15, 0x87, 0x25, 0xC9, 0x3D, 0x0C, 0x56, 0x4F, 0x6E,
    0x70, 0x76, 0x2D, 0x56, 0xA7, 0x2D, 0x65, 0x0D, 0x65, 0x15, 0x87, 0x25, 0xA7, 0x25, 0xA7, 0x2D,
    0xA7, 0x2D, 0xA7, 0x2D, 0xA7, 0x2D, 0xA7, 0x25, 0xA7, 0x25, 0xA7, 0x25, 0xA7, 0x25, 0xA7, 0x25,
    0xA7, 0x25, 0xA7, 0x25, 0xA7, 0x25, 0xA7, 0x25, 0xA7, 0x25, 0xA7, 0x2D, 0xA7, 0x2D, 0xA7, 0x2D,
    0xA7, 0x2D, 0x87, 0x25, 0x86, 0x1D, 0x65, 0x15, 0x65, 0x15, 0xC9, 0x35, 0x6F, 0x6E, 0x16, 0xA7,
    0x9B, 0xD7, 0xDE, 0xEF, 0xFF, 0xFF, 0xFF, 0xFF, 0xFF, 0xFF, 0xFF, 0xFF, 0xDF, 0xFF, 0x5D, 0xEF,
    0x9A, 0xD6, 0xD7, 0xBD, 0x55, 0xAD, 0x96, 0xB5, 0xB6, 0xB5, 0x55, 0xAD, 0x00, 0x00, 0x00, 0x00,
    0x00, 0x00, 0x00, 0x00, 0x00, 0x00, 0x00, 0x00, 0x00, 0x00, 0x00, 0x00, 0x00, 0x00, 0x00, 0x00,
    0x00, 0x00, 0x00, 0x00, 0x00, 0x00, 0x00, 0x00, 0xFF, 0xFF, 0x00, 0x00, 0x00, 0x00, 0x79, 0xCE,
    0x1C, 0xE7, 0x7D, 0xEF, 0xDE, 0xF7, 0xFF, 0xFF, 0xFF, 0xFF, 0xBC, 0xE7, 0xB2, 0x8E, 0x0C, 0x4E,
    0xEA, 0x3D, 0xEA, 0x3D, 0xEB, 0x45, 0x0C, 0x56, 0x4E, 0x66, 0x91, 0x7E, 0xD4, 0x9E, 0x17, 0xAF,
    0x37, 0xB7, 0xF4, 0x9E, 0x4F, 0x6E, 0xEB, 0x45, 0xC9, 0x35, 0xA8, 0x2D, 0x86, 0x25, 0x86, 0x1D,
    0x66, 0x1D, 0x86, 0x1D, 0x86, 0x1D, 0x86, 0x1D, 0x86, 0x1D, 0x86, 0x1D, 0x86, 0x1D, 0x86, 0x1D,
    0x86, 0x1D, 0x86, 0x1D, 0x86, 0x1D, 0x86, 0x1D, 0x86, 0x1D, 0x86, 0x1D, 0x66, 0x1D, 0x66, 0x1D,
    0x86, 0x1D, 0x87, 0x25, 0xC8, 0x35, 0xEA, 0x3D, 0x0C, 0x56, 0x90, 0x7E, 0x37, 0xB7, 0xBD, 0xE7,
    0xFF, 0xFF, 0xFF, 0xFF, 0xFF, 0xFF, 0xFF, 0xFF, 0xFF, 0xFF, 0xBE, 0xF7, 0x5D, 0xEF, 0xDB, 0xDE,
    0xD7, 0xBD, 0xD3, 0x9C, 0xF3, 0x9C, 0xFB, 0xDE, 0xF7, 0xBD, 0x00, 0x00, 0x00, 0x00, 0x00, 0x00,
    0x00, 0x00, 0x00, 0x00, 0x00, 0x00, 0x00, 0x00, 0x00, 0x00, 0x00, 0x00, 0x00, 0x00, 0x00, 0x00,
    0x00, 0x00, 0x00, 0x00, 0xFF, 0xFF, 0x00, 0x00, 0xFF, 0xFF, 0x00, 0x00, 0x65, 0x29, 0xBA, 0xD6,
    0x7D, 0xEF, 0xDF, 0xFF, 0xFF, 0xFF, 0xFF, 0xFF, 0xFF, 0xFF, 0x9C, 0xDF, 0xD3, 0x8E, 0x4E, 0x66,
    0x90, 0x7E, 0xF4, 0x9E, 0x37, 0xB7, 0x59, 0xC7, 0x9B, 0xD7, 0x9C, 0xDF, 0xBD, 0xE7, 0xBD, 0xEF,
    0xDD, 0xEF, 0xBD, 0xE7, 0x7A, 0xD7, 0x16, 0xAF, 0x91, 0x86, 0x0C, 0x56, 0xA8, 0x2D, 0x66, 0x1D,
    0x65, 0x15, 0x65, 0x15, 0x65, 0x15, 0x86, 0x1D, 0x86, 0x1D, 0x86, 0x1D, 0x86, 0x1D, 0x86, 0x1D,
    0x86, 0x1D, 0x86, 0x1D, 0x86, 0x1D, 0x86, 0x1D, 0x66, 0x1D, 0x65, 0x15, 0x65, 0x15, 0x65, 0x15,
    0x87, 0x25, 0xEA, 0x3D, 0x4E, 0x66, 0xD3, 0x96, 0x58, 0xBF, 0x9B, 0xDF, 0xDD, 0xEF, 0xFF, 0xFF,
    0xFF, 0xFF, 0xFF, 0xFF, 0xFF, 0xFF, 0xFF, 0xFF, 0xBE, 0xF7, 0x3C, 0xE7, 0x9A, 0xD6, 0xF7, 0xBD,
    0x34, 0xA5, 0xB2, 0x94, 0xEF, 0x7B, 0xD3, 0x9C, 0x00, 0x00, 0x00, 0x00, 0x00, 0x00, 0x00, 0x00,
    0x00, 0x00, 0x00, 0x00, 0x00, 0x00, 0x00, 0x00, 0x00, 0x00, 0x00, 0x00, 0x00, 0x00, 0x00, 0x00,
    0x00, 0x00, 0x00, 0x00, 0xFF, 0xFF, 0x00, 0x00, 0xFF, 0xFF, 0x00, 0x00, 0x0C, 0x63, 0xDB, 0xDE,
    0x9E, 0xF7, 0xFF, 0xFF, 0xFF, 0xFF, 0xFF, 0xFF, 0xFF, 0xFF, 0xBD, 0xEF, 0x37, 0xB7, 0xF5, 0xA6,
    0x58, 0xBF, 0x9C, 0xDF, 0xDF, 0xF7, 0xFF, 0xFF, 0xFF, 0xFF, 0xFF, 0xFF, 0xFF, 0xFF, 0xFF, 0xFF,
    0xFF, 0xFF, 0xFF, 0xFF, 0xFF, 0xFF, 0xDE, 0xF7, 0x59, 0xC7, 0xD4, 0x9E, 0x70, 0x76, 0x2D, 0x5E,
    0x0B, 0x4E, 0xEA, 0x45, 0xEA, 0x3D, 0xC9, 0x3D, 0xC9, 0x35, 0xA8, 0x35, 0xA8, 0x2D, 0xA8, 0x2D,
    0xA8, 0x2D, 0xA8, 0x2D, 0xC8, 0x35, 0xC9, 0x35, 0xC9, 0x3D, 0xEA, 0x3D, 0xEB, 0x45, 0x0C, 0x4E,
    0x4E, 0x66, 0xB1, 0x86, 0x16, 0xAF, 0x9B, 0xD7, 0xFF, 0xFF, 0xFF, 0xFF, 0xFF, 0xFF, 0xFF, 0xFF,
    0xFF, 0xFF, 0xFF, 0xFF, 0xDE, 0xF7, 0x9E, 0xF7, 0x3C, 0xE7, 0x9A, 0xD6, 0xB6, 0xB5, 0xF3, 0x9C,
    0x34, 0xA5, 0xF7, 0xBD, 0xD3, 0x9C, 0x00, 0x00, 0x00, 0x00, 0x00, 0x00, 0x00, 0x00, 0x00, 0x00,
    0x00, 0x00, 0x00, 0x00, 0x00, 0x00, 0x00, 0x00, 0x00, 0x00, 0x00, 0x00, 0x00, 0x00, 0x00, 0x00,
    0x00, 0x00, 0x00, 0x00, 0xFF, 0xFF, 0x00, 0x00, 0xFF, 0xFF, 0x2C, 0x63, 0x51, 0x8C, 0xDB, 0xDE,
    0xDF, 0xFF, 0xFF, 0xFF, 0xFF, 0xFF, 0xFF, 0xFF, 0xFF, 0xFF, 0xFF, 0xFF, 0xBD, 0xEF, 0xBD, 0xE7,
    0xDE, 0xEF, 0xFF, 0xFF, 0xFF, 0xFF, 0xFF, 0xFF, 0xFF, 0xFF, 0xFF, 0xFF, 0xFF, 0xFF, 0xFF, 0xFF,
    0xFF, 0xFF, 0xFF, 0xFF, 0xFF, 0xFF, 0xFF, 0xFF, 0xDE, 0xF7, 0xBC, 0xE7, 0x9B, 0xDF, 0x7A, 0xCF,
    0x37, 0xB7, 0xF5, 0xA6, 0xD2, 0x8E, 0x91, 0x7E, 0x6F, 0x6E, 0x4E, 0x66, 0x2D, 0x5E, 0x2D, 0x5E,
    0x2D, 0x5E, 0x4D, 0x5E, 0x4E, 0x66, 0x6F, 0x76, 0x91, 0x86, 0xD3, 0x96, 0x16, 0xAF, 0x58, 0xBF,
    0x9B, 0xD7, 0x9C, 0xDF, 0xBD, 0xEF, 0xFF, 0xF7, 0xFF, 0xFF, 0xFF, 0xFF, 0xFF, 0xFF, 0xFF, 0xFF,
    0xFF, 0xFF, 0xDF, 0xFF, 0x3C, 0xE7, 0xBA, 0xD6, 0x59, 0xCE, 0xF7, 0xBD, 0x55, 0xAD, 0xD3, 0x9C,
    0x71, 0x8C, 0xD3, 0x9C, 0x00, 0x00, 0x00, 0x00, 0x00, 0x00, 0x00, 0x00, 0x00, 0x00, 0x00, 0x00,
    0x00, 0x00, 0x00, 0x00, 0x00, 0x00, 0x00, 0x00, 0x00, 0x00, 0x00, 0x00, 0x00, 0x00, 0x00, 0x00,
    0x00, 0x00, 0x00, 0x00, 0xFF, 0xFF, 0x00, 0x00, 0xFF, 0xFF, 0x71, 0x8C, 0x34, 0xA5, 0xDB, 0xDE,
    0xDF, 0xFF, 0xFF, 0xFF, 0xFF, 0xFF, 0xFF, 0xFF, 0xFF, 0xFF, 0xFF, 0xFF, 0xFF, 0xFF, 0xFF, 0xFF,
    0xFF, 0xFF, 0xFF, 0xFF, 0xFF, 0xFF, 0xFF, 0xFF, 0xFF, 0xFF, 0xDE, 0xF7, 0xBE, 0xF7, 0xBE, 0xF7,
    0xDE, 0xF7, 0xFF, 0xFF, 0xFF, 0xFF, 0xFF, 0xFF, 0xFF, 0xFF, 0xFF, 0xFF, 0xFF, 0xFF, 0xFF, 0xFF,
    0xFF, 0xFF, 0xBC, 0xE7, 0x7A, 0xCF, 0x58, 0xBF, 0x17, 0xB7, 0x16, 0xA7, 0xF5, 0xA6, 0xF4, 0x9E,
    0xF5, 0x9E, 0xF5, 0xA6, 0x16, 0xAF, 0x37, 0xB7, 0x59, 0xC7, 0x9B, 0xDF, 0xDE, 0xEF, 0xFF, 0xFF,
    0xFF, 0xFF, 0xFF, 0xFF, 0xFF, 0xFF, 0xFF, 0xFF, 0xFF, 0xFF, 0xFF, 0xFF, 0xDF, 0xFF, 0xBE, 0xF7,
    0xBE, 0xF7, 0x7D, 0xEF, 0xBA, 0xD6, 0xD7, 0xBD, 0x34, 0xA5, 0x14, 0xA5, 0xB6, 0xB5, 0xDB, 0xDE,
    0xF7, 0xBD, 0x00, 0x00, 0x00, 0x00, 0x00, 0x00, 0x00, 0x00, 0x00, 0x00, 0x00, 0x00, 0x00, 0x00,
    0x00, 0x00, 0x00, 0x00, 0x00, 0x00, 0x00, 0x00, 0x00, 0x00, 0x00, 0x00, 0x00, 0x00, 0x00, 0x00,
    0x00, 0x00, 0x00, 0x00, 0xFF, 0xFF, 0x00, 0x00, 0xFF, 0xFF, 0x75, 0xAD, 0xD7, 0xBD, 0xFB, 0xDE,
    0xDF, 0xFF, 0xFF, 0xFF, 0xFF, 0xFF, 0xFF, 0xFF, 0xFF, 0xFF, 0xFF, 0xFF, 0xFF, 0xFF, 0xFF, 0xFF,
    0xFF, 0xFF, 0xFF, 0xFF, 0xFF, 0xFF, 0xFF, 0xFF, 0xBE, 0xF7, 0x7D, 0xEF, 0x3C, 0xE7, 0x3C, 0xE7,
    0x5D, 0xEF, 0xBE, 0xF7, 0xFF, 0xFF, 0xFF, 0xFF, 0xFF, 0xFF, 0xFF, 0xFF, 0xFF, 0xFF, 0xFF, 0xFF,
    0xFF, 0xFF, 0xFF, 0xFF, 0xDE, 0xF7, 0xDE, 0xF7, 0xBD, 0xEF, 0xBD, 0xEF, 0xBD, 0xE7, 0xBD, 0xE7,
    0xBD, 0xE7, 0xBD, 0xE7, 0xBD, 0xEF, 0xDD, 0xEF, 0xDE, 0xF7, 0xDF, 0xFF, 0xFF, 0xFF, 0xFF, 0xFF,
    0xFF, 0xFF, 0xFF, 0xFF, 0xFF, 0xFF, 0xFF, 0xFF, 0xFF, 0xFF, 0xFF, 0xFF, 0x7D, 0xEF, 0x1C, 0xE7,
    0xBA, 0xD6, 0x79, 0xCE, 0xF7, 0xBD, 0x96, 0xB5, 0x14, 0xA5, 0xB2, 0x94, 0x92, 0x94, 0xF7, 0xBD,
    0x00, 0x00, 0x00, 0x00, 0x00, 0x00, 0x00, 0x00, 0x00, 0x00, 0x00, 0x00, 0x00, 0x00, 0x00, 0x00,
    0x00, 0x00, 0x00, 0x00, 0x00, 0x00, 0x00, 0x00, 0x00, 0x00, 0x00, 0x00, 0x00, 0x00, 0x00, 0x00,
    0x00, 0x00, 0x00, 0x00, 0xFF, 0xFF, 0x00, 0x00, 0xEF, 0x7B, 0xF7, 0xBD, 0x9A, 0xD6, 0x3C, 0xE7,
    0xDF, 0xFF, 0xFF, 0xFF, 0xFF, 0xFF, 0xFF, 0xFF, 0xFF, 0xFF, 0xFF, 0xFF, 0xDE, 0xF7, 0xBE, 0xF7,
    0xBE, 0xF7, 0xBE, 0xF7, 0xBE, 0xF7, 0x9E, 0xF7, 0x5D, 0xEF, 0xFB, 0xDE, 0xBA, 0xD6, 0x9A, 0xD6,
    0xDB, 0xDE, 0x5D, 0xEF, 0x9E, 0xF7, 0xBE, 0xF7, 0xBE, 0xF7, 0xBE, 0xF7, 0xFF, 0xFF, 0xFF, 0xFF,
    0xFF, 0xFF, 0xFF, 0xFF, 0xFF, 0xFF, 0xFF, 0xFF, 0xFF, 0xFF, 0xFF, 0xFF, 0xFF, 0xFF, 0xFF, 0xFF,
    0xFF, 0xFF, 0xFF, 0xFF, 0xFF, 0xFF, 0xFF, 0xFF, 0xFF, 0xFF, 0xFF, 0xFF, 0xFF, 0xFF, 0xFF, 0xFF,
    0xFF, 0xFF, 0xFF, 0xFF, 0xBE, 0xF7, 0xBE, 0xF7, 0xBE, 0xF7, 0x9E, 0xF7, 0x1C, 0xE7, 0x79, 0xCE,
    0xB6, 0xB5, 0x14, 0xA5, 0xF3, 0x9C, 0xD7, 0xBD, 0xD7, 0xBD, 0x96, 0xB5, 0xF7, 0xBD, 0x00, 0x00,
    0x00, 0x00, 0x00, 0x00, 0x00, 0x00, 0x00, 0x00, 0x00, 0x00, 0x00, 0x00, 0x00, 0x00, 0x00, 0x00,
    0x00, 0x00, 0x00, 0x00, 0x00, 0x00, 0x00, 0x00, 0x00, 0x00, 0x00, 0x00, 0x00, 0x00, 0x00, 0x00,
    0xFF, 0xFF, 0x00, 0x00, 0xFF, 0xFF, 0x00, 0x00, 0x00, 0x00, 0x79, 0xCE, 0x1C, 0xE7, 0x7D, 0xEF,
    0xFF, 0xFF, 0xFF, 0xFF, 0xFF, 0xFF, 0xFF, 0xFF, 0xDF, 0xFF, 0x9E, 0xF7, 0x5D, 0xEF, 0x1C, 0xE7,
    0xFB, 0xDE, 0xBA, 0xD6, 0x9A, 0xD6, 0x79, 0xCE, 0x79, 0xCE, 0x38, 0xC6, 0xF7, 0xBD, 0xF7, 0xBD,
    0x38, 0xC6, 0x79, 0xCE, 0x9A, 0xD6, 0xDB, 0xDE, 0x1C, 0xE7, 0x7D, 0xEF, 0xBE, 0xF7, 0xFF, 0xFF,
    0xFF, 0xFF, 0xFF, 0xFF, 0xFF, 0xFF, 0xFF, 0xFF, 0xFF, 0xFF, 0xFF, 0xFF, 0xFF, 0xFF, 0xFF, 0xFF,
    0xFF, 0xFF, 0xFF, 0xFF, 0xFF, 0xFF, 0xFF, 0xFF, 0xFF, 0xFF, 0xFF, 0xFF, 0xFF, 0xFF, 0xFF, 0xFF,
    0xDF, 0xFF, 0x9D, 0xEF, 0x3C, 0xE7, 0xFB, 0xDE, 0xBA, 0xD6, 0x79, 0xCE, 0x38, 0xC6, 0xF7, 0xBD,
    0x55, 0xAD, 0xF3, 0x9C, 0xEF, 0x7B, 0xF3, 0x9C, 0xAA, 0x52, 0xEF, 0x7B, 0x00, 0x00, 0x00, 0x00,
    0x00, 0x00, 0x00, 0x00, 0x00, 0x00, 0x00, 0x00, 0x00, 0x00, 0x00, 0x00, 0x00, 0x00, 0x00, 0x00,
    0x00, 0x00, 0x00, 0x00, 0x00, 0x00, 0x00, 0x00, 0x00, 0x00, 0x00, 0x00, 0x00, 0x00, 0x00, 0x00,
    0xFF, 0xFF, 0x00, 0x00, 0xFF, 0xFF, 0x00, 0x00, 0x00, 0x00, 0x9A, 0xD6, 0x1C, 0xE7, 0x7D, 0xEF,
    0x9E, 0xF7, 0xBE, 0xF7, 0xBE, 0xF7, 0x9E, 0xF7, 0x7D, 0xEF, 0x3C, 0xE7, 0xDB, 0xDE, 0x79, 0xCE,
    0x18, 0xC6, 0x96, 0xB5, 0x14, 0xA5, 0xD3, 0x9C, 0x92, 0x94, 0xD3, 0x9C, 0xD3, 0x9C, 0xF3, 0x9C,
    0xB2, 0x94, 0xD3, 0x9C, 0x14, 0xA5, 0xD7, 0xBD, 0x59, 0xCE, 0xFB, 0xDE, 0x5D, 0xEF, 0x9E, 0xF7,
    0xBE, 0xF7, 0xBE, 0xF7, 0xBE, 0xF7, 0xBE, 0xF7, 0xBE, 0xF7, 0xBE, 0xF7, 0xBE, 0xF7, 0xBE, 0xF7,
    0xBE, 0xF7, 0xBE, 0xF7, 0xBE, 0xF7, 0xBE, 0xF7, 0xBE, 0xF7, 0xBE, 0xF7, 0xBE, 0xF7, 0x9E, 0xF7,
    0x7D, 0xEF, 0x1C, 0xE7, 0xBA, 0xD6, 0x38, 0xC6, 0x75, 0xAD, 0xF3, 0x9C, 0xD3, 0x9C, 0x34, 0xA5,
    0x59, 0xCE, 0xBA, 0xD6, 0xDB, 0xDE, 0xEF, 0x7B, 0x00, 0x00, 0x00, 0x00, 0x00, 0x00, 0x00, 0x00,
    0x00, 0x00, 0x00, 0x00, 0x00, 0x00, 0x00, 0x00, 0x00, 0x00, 0x00, 0x00, 0x00, 0x00, 0x00, 0x00,
    0x00, 0x00, 0x00, 0x00, 0x00, 0x00, 0x00, 0x00, 0x00, 0x00, 0x00, 0x00, 0x00, 0x00, 0x00, 0x00,
    0xFF, 0xFF, 0x00, 0x00, 0xFF, 0xFF, 0x00, 0x00, 0x00, 0x00, 0x79, 0xCE, 0x1C, 0xE7, 0x1C, 0xE7,
    0xFB, 0xDE, 0xDB, 0xDE, 0x9A, 0xD6, 0x79, 0xCE, 0x79, 0xCE, 0x59, 0xCE, 0xF7, 0xBD, 0xF7, 0xBD,
    0xB6, 0xB5, 0x34, 0xA5, 0x92, 0x94, 0xEF, 0x7B, 0xAE, 0x73, 0x4D, 0x6B, 0xAA, 0x52, 0x6D, 0x6B,
    0x8E, 0x73, 0x2C, 0x63, 0x71, 0x8C, 0x55, 0xAD, 0xB6, 0xB5, 0x38, 0xC6, 0x79, 0xCE, 0x9A, 0xD6,
    0x9A, 0xD6, 0xBA, 0xD6, 0xBA, 0xD6, 0xDB, 0xDE, 0xFB, 0xDE, 0xFB, 0xDE, 0xFB, 0xDE, 0xFB, 0xDE,
    0xFB, 0xDE, 0xFB, 0xDE, 0xFB, 0xDE, 0xDB, 0xDE, 0xBA, 0xD6, 0xBA, 0xD6, 0x9A, 0xD6, 0x9A, 0xD6,
    0x79, 0xCE, 0x59, 0xCE, 0x38, 0xC6, 0xD7, 0xBD, 0x34, 0xA5, 0xB2, 0x94, 0x71, 0x8C, 0x71, 0x8C,
    0xF7, 0xBD, 0xFF, 0xFF, 0x00, 0x00, 0x00, 0x00, 0x00, 0x00, 0x00, 0x00, 0x00, 0x00, 0x00, 0x00,
    0x00, 0x00, 0x00, 0x00, 0x00, 0x00, 0x00, 0x00, 0x00, 0x00, 0x00, 0x00, 0x00, 0x00, 0x00, 0x00,
    0x00, 0x00, 0x00, 0x00, 0x00, 0x00, 0x00, 0x00, 0x00, 0x00, 0x00, 0x00, 0x00, 0x00, 0x00, 0x00,
    0xFF, 0xFF, 0x00, 0x00, 0xFF, 0xFF, 0x00, 0x00, 0x45, 0x29, 0x59, 0xCE, 0xBA, 0xD6, 0xBA, 0xD6,
    0x59, 0xCE, 0xB6, 0xB5, 0x34, 0xA5, 0xF3, 0x9C, 0xB2, 0x94, 0xB2, 0x94, 0xB2, 0x94, 0x55, 0xAD,
    0xD7, 0xBD, 0x59, 0xCE, 0x3C, 0xE7, 0xFF, 0xFF, 0xFF, 0xFF, 0x79, 0xCE, 0xF7, 0xBD, 0xFF, 0xFF,
    0x79, 0xCE, 0xBA, 0xD6, 0xFB, 0xDE, 0x9A, 0xD6, 0x34, 0xA5, 0x51, 0x8C, 0x51, 0x8C, 0x92, 0x94,
    0xD3, 0x9C, 0x34, 0xA5, 0xB6, 0xB5, 0xF7, 0xBD, 0x18, 0xC6, 0x59, 0xCE, 0x59, 0xCE, 0x59, 0xCE,
    0x59, 0xCE, 0x59, 0xCE, 0x38, 0xC6, 0x18, 0xC6, 0xD7, 0xBD, 0x96, 0xB5, 0x14, 0xA5, 0xD3, 0x9C,
    0xB2, 0x94, 0x14, 0xA5, 0xD3, 0x9C, 0x55, 0xAD, 0xD7, 0xBD, 0x9A, 0xD6, 0xFF, 0xFF, 0xF7, 0xBD,
    0x55, 0xAD, 0xFF, 0xFF, 0x00, 0x00, 0x00, 0x00, 0x00, 0x00, 0x00, 0x00, 0x00, 0x00, 0x00, 0x00,
    0x00, 0x00, 0x00, 0x00, 0x00, 0x00, 0x00, 0x00, 0x00, 0x00, 0x00, 0x00, 0x00, 0x00, 0x00, 0x00,
    0x00, 0x00, 0x00, 0x00, 0x00, 0x00, 0x00, 0x00, 0x00, 0x00, 0x00, 0x00, 0x00, 0x00, 0x00, 0x00,
    0x00, 0x00, 0x00, 0x00, 0xFF, 0xFF, 0xEF, 0x7B, 0x55, 0xAD, 0xF7, 0xBD, 0x38, 0xC6, 0x38, 0xC6,
    0xB6, 0xB5, 0x55, 0xAD, 0xD3, 0x9C, 0x51, 0x8C, 0xEF, 0x7B, 0xEF, 0x7B, 0x49, 0x4A, 0xEF, 0x7B,
    0xEF, 0x7B, 0xEF, 0x7B, 0x00, 0x00, 0x00, 0x00, 0x00, 0x00, 0x00, 0x00, 0x00, 0x00, 0x00, 0x00,
    0x00, 0x00, 0x00, 0x00, 0x00, 0x00, 0x00, 0x00, 0x00, 0x00, 0x00, 0x00, 0xE7, 0x39, 0x2C, 0x63,
    0xCF, 0x7B, 0xF3, 0x9C, 0x34, 0xA5, 0x55, 0xAD, 0x96, 0xB5, 0xB6, 0xB5, 0xB6, 0xB5, 0xD7, 0xBD,
    0xD7, 0xBD, 0xF7, 0xBD, 0xD7, 0xBD, 0x96, 0xB5, 0x55, 0xAD, 0x75, 0xAD, 0xB2, 0x94, 0xEF, 0x7B,
    0xCF, 0x7B, 0x8E, 0x73, 0x49, 0x4A, 0xE7, 0x39, 0x00, 0x00, 0x00, 0x00, 0x00, 0x00, 0x00, 0x00,
    0x00, 0x00, 0x00, 0x00, 0x00, 0x00, 0x00, 0x00, 0x00, 0x00, 0x00, 0x00, 0x00, 0x00, 0x00, 0x00,
    0x00, 0x00, 0x00, 0x00, 0x00, 0x00, 0x00, 0x00, 0x00, 0x00, 0x00, 0x00, 0x00, 0x00, 0x00, 0x00,
    0x00, 0x00, 0x00, 0x00, 0x00, 0x00, 0x00, 0x00, 0x00, 0x00, 0x00, 0x00, 0x00, 0x00, 0x00, 0x00,
    0x00, 0x00, 0x00, 0x00, 0x00, 0x00, 0xEF, 0x7B, 0x79, 0xCE, 0xEF, 0x7B, 0xAA, 0x52, 0x8E, 0x73,
    0x55, 0xAD, 0xB6, 0xB5, 0xF7, 0xBD, 0x1C, 0xE7, 0xFF, 0xFF, 0xFF, 0xFF, 0xFF, 0xFF, 0xFF, 0xFF,
    0xFF, 0xFF, 0xFF, 0xFF, 0xFF, 0xFF, 0xFF, 0xFF, 0xFF, 0xFF, 0xFF, 0xFF, 0xFF, 0xFF, 0xFF, 0xFF,
    0xFF, 0xFF, 0xFF, 0xFF, 0xEF, 0x7B, 0xEF, 0x7B, 0xFF, 0xFF, 0xFF, 0xFF, 0xFF, 0xFF, 0xBA, 0xD6,
    0xFB, 0xDE, 0x1C, 0xE7, 0x79, 0xCE, 0x55, 0xAD, 0xF3, 0x9C, 0x14, 0xA5, 0x55, 0xAD, 0x75, 0xAD,
    0x75, 0xAD, 0x75, 0xAD, 0x55, 0xAD, 0xB6, 0xB5, 0x96, 0xB5, 0x3C, 0xE7, 0x3C, 0xE7, 0xFB, 0xDE,
    0xDB, 0xDE, 0x79, 0xCE, 0xF7, 0xBD, 0xAA, 0x52, 0xFF, 0xFF, 0x00, 0x00, 0x00, 0x00, 0xFF, 0xFF,
    0x00, 0x00, 0x00, 0x00, 0x00, 0x00, 0x00, 0x00, 0x00, 0x00, 0x00, 0x00, 0x00, 0x00, 0x00, 0x00,
    0x00, 0x00, 0x00, 0x00, 0x00, 0x00, 0x00, 0x00, 0x00, 0x00, 0x00, 0x00, 0x00, 0x00, 0x00, 0x00,
    0x00, 0x00, 0x00, 0x00, 0x00, 0x00, 0x00, 0x00, 0x00, 0x00, 0x00, 0x00, 0x00, 0x00, 0x00, 0x00,
    0x00, 0x00, 0x00, 0x00, 0x00, 0x00, 0x00, 0x00, 0xEF, 0x7B, 0x00, 0x00, 0x00, 0x00, 0x00, 0x00,
    0x00, 0x00, 0x00, 0x00, 0x00, 0x00, 0x00, 0x00, 0x00, 0x00, 0x00, 0x00, 0x00, 0x00, 0x00, 0x00,
    0x00, 0x00, 0x00, 0x00, 0x00, 0x00, 0x00, 0x00, 0x00, 0x00, 0x00, 0x00, 0x00, 0x00, 0x00, 0x00,
    0x00, 0x00, 0x00, 0x00, 0x00, 0x00, 0x00, 0x00, 0x00, 0x00, 0x00, 0x00, 0x00, 0x00, 0x00, 0x00,
    0x00, 0x00, 0x00, 0x00, 0x00, 0x00, 0x00, 0x00, 0x00, 0x00, 0x00, 0x00, 0x00, 0x00, 0x00, 0x00,
    0x00, 0x00, 0x00, 0x00, 0x00, 0x00, 0x00, 0x00, 0x00, 0x00, 0x00, 0x00, 0x00, 0x00, 0x00, 0x00,
    0x00, 0x00, 0x00, 0x00, 0x00, 0x00, 0x00, 0x00, 0x00, 0x00, 0x00, 0x00, 0x00, 0x00, 0x00, 0x00,
    0x00, 0x00, 0x00, 0x00, 0x00, 0x00, 0x00, 0x00, 0x00, 0x00, 0x00, 0x00, 0x00, 0x00, 0x00, 0x00,
    0x00, 0x00, 0x00, 0x00, 0x00, 0x00, 0x00, 0x00, 0x00, 0x00, 0x00, 0x00, 0x00, 0x00, 0x00, 0x00,
    0x00, 0x00, 0x00, 0x00, 0x00, 0x00, 0x00, 0x00, 0x00, 0x00, 0x00, 0x00, 0x00, 0x00, 0x00, 0x00,
    0x00, 0x00, 0x00, 0x00, 0x00, 0x00, 0x00, 0x00, 0x00, 0x00, 0x00, 0x00, 0x55, 0xAD, 0xFF, 0xFF,
    0xEF, 0x7B, 0xFF, 0xFF, 0xFF, 0xFF, 0xEF, 0x7B, 0xFF, 0xFF, 0xFF, 0xFF, 0xFF, 0xFF, 0xFF, 0xFF,
    0xFF, 0xFF, 0x00, 0x00, 0x00, 0x00, 0x00, 0x00, 0x00, 0x00, 0x00, 0x00, 0x00, 0x00, 0x00, 0x00,
    0x00, 0x00, 0x00, 0x00, 0x00, 0x00, 0x00, 0x00, 0xFF, 0xFF, 0xFF, 0xFF, 0xFF, 0xFF, 0xFF, 0xFF,
    0xFF, 0xFF, 0xFF, 0xFF, 0xEF, 0x7B, 0xEF, 0x7B, 0xEF, 0x7B, 0xEF, 0x7B, 0xFF, 0xFF, 0xFF, 0xFF,
    0xFF, 0xFF, 0xFF, 0xFF, 0xEF, 0x7B, 0xEF, 0x7B, 0xEF, 0x7B, 0xEF, 0x7B, 0xFF, 0xFF, 0xFF, 0xFF,
    0xFF, 0xFF, 0xFF, 0xFF, 0xFF, 0xFF, 0xFF, 0xFF, 0xFF, 0xFF, 0x00, 0x00, 0x00, 0x00, 0x00, 0x00,
    0x00, 0x00, 0x00, 0x00, 0x00, 0x00, 0x00, 0x00, 0x00, 0x00, 0x00, 0x00, 0x00, 0x00, 0x00, 0x00,
    0x00, 0x00, 0x00, 0x00, 0x00, 0x00, 0x00, 0x00, 0x00, 0x00, 0x00, 0x00, 0x00, 0x00, 0x00, 0x00,
    0x00, 0x00, 0x00, 0x00, 0x00, 0x00, 0x00, 0x00, 0x00, 0x00, 0x00, 0x00, 0x00, 0x00, 0x00, 0x00,
    0x00, 0x00, 0x00, 0x00, 0x00, 0x00, 0x00, 0x00, 0x00, 0x00, 0x00, 0x00, 0x00, 0x00, 0x00, 0x00,
    0x00, 0x00, 0x00, 0x00, 0x00, 0x00, 0x00, 0x00, 0x00, 0x00, 0x00, 0x00, 0x00, 0x00, 0x00, 0x00,
    0x00, 0x00, 0x00, 0x00, 0x00, 0x00, 0x00, 0x00, 0x00, 0x00, 0x00, 0x00, 0x00, 0x00, 0x00, 0x00,
    0x00, 0x00, 0x00, 0x00, 0x00, 0x00, 0x00, 0x00, 0x00, 0x00, 0x00, 0x00, 0x00, 0x00, 0x00, 0x00,
    0x00, 0x00, 0x00, 0x00, 0x00, 0x00, 0x00, 0x00, 0x00, 0x00, 0x00, 0x00, 0x00, 0x00, 0x00, 0x00,
    0x00, 0x00, 0x00, 0x00, 0x00, 0x00, 0x00, 0x00, 0x00, 0x00, 0x00, 0x00, 0x00, 0x00, 0x00, 0x00,
    0x00, 0x00, 0x00, 0x00, 0x00, 0x00, 0x00, 0x00, 0x00, 0x00, 0x00, 0x00, 0x00, 0x00, 0x00, 0x00,
    0x00, 0x00, 0x00, 0x00, 0x00, 0x00, 0x00, 0x00, 0x00, 0x00, 0x00, 0x00, 0x00, 0x00, 0x00, 0x00,
    0x00, 0x00, 0x00, 0x00, 0x00, 0x00, 0x00, 0x00, 0x00, 0x00, 0x00, 0x00, 0x00, 0x00, 0x00, 0x00,
    0x00, 0x00, 0x00, 0x00, 0x00, 0x00, 0x00, 0x00, 0x00, 0x00, 0x00, 0x00, 0x00, 0x00, 0x00, 0x00,
    0x00, 0x00, 0x00, 0x00, 0x00, 0x00, 0x00, 0x00, 0x00, 0x00, 0x00, 0x00, 0x00, 0x00, 0xFF, 0xFF,
    0xFF, 0xFF, 0xFF, 0xFF, 0xFF, 0xFF, 0x00, 0x00, 0x00, 0x00, 0x00, 0x00, 0x00, 0x00, 0x00, 0x00,
    0x00, 0x00, 0x00, 0x00, 0x00, 0x00, 0x00, 0x00, 0x00, 0x00, 0x00, 0x00, 0x00, 0x00, 0x00, 0x00,
    0x00, 0x00, 0x00, 0x00, 0x00, 0x00, 0x00, 0x00, 0x00, 0x00, 0x00, 0x00, 0x00, 0x00, 0x00, 0x00,
    0x00, 0x00, 0x00, 0x00, 0xFF, 0xFF, 0xFF, 0xFF, 0xFF, 0xFF, 0xFF, 0xFF, 0xFF, 0xFF, 0xFF, 0xFF,
    0xFF, 0xFF, 0xFF, 0xFF, 0xFF, 0xFF, 0xFF, 0xFF, 0xFF, 0xFF, 0xFF, 0xFF, 0xFF, 0xFF, 0x00, 0x00,
    0x00, 0x00, 0x00, 0x00, 0x00, 0x00, 0x00, 0x00, 0x00, 0x00, 0x00, 0x00, 0x00, 0x00, 0x00, 0x00,
    0x00, 0x00, 0x00, 0x00, 0x00, 0x00, 0x00, 0x00, 0x00, 0x00, 0x00, 0x00, 0x00, 0x00, 0x00, 0x00,
    0x00, 0x00, 0x00, 0x00, 0x00, 0x00, 0x00, 0x00, 0x00, 0x00, 0x00, 0x00, 0x00, 0x00, 0x00, 0x00,
    0x00, 0x00, 0x00, 0x00, 0x00, 0x00, 0x00, 0x00, 0x00, 0x00, 0x00, 0x00, 0x00, 0x00, 0x00, 0x00,
    0x00, 0x00, 0x00, 0x00, 0x00, 0x00, 0x00, 0x00, 0x00, 0x00, 0x00, 0x00, 0x00, 0x00, 0x00, 0x00,
    0x00, 0x00, 0x00, 0x00, 0x00, 0x00, 0x00, 0x00, 0x00, 0x00, 0x00, 0x00, 0x00, 0x00, 0x01, 0x01,
    0x01, 0x01, 0x01, 0x01, 0x01, 0x02, 0x02, 0x02, 0x02, 0x02, 0x01, 0x01, 0x01, 0x01, 0x01, 0x01,
    0x01, 0x00, 0x00, 0x00, 0x00, 0x00, 0x00, 0x00, 0x00, 0x00, 0x00, 0x00, 0x00, 0x00, 0x00, 0x00,
    0x00, 0x00, 0x00, 0x00, 0x00, 0x00, 0x00, 0x00, 0x00, 0x00, 0x00, 0x00, 0x00, 0x00, 0x00, 0x00,
    0x00, 0x00, 0x00, 0x00, 0x00, 0x00, 0x00, 0x00, 0x00, 0x00, 0x00, 0x00, 0x00, 0x00, 0x00, 0x00,
    0x00, 0x00, 0x00, 0x00, 0x00, 0x00, 0x00, 0x00, 0x00, 0x00, 0x00, 0x00, 0x00, 0x00, 0x00, 0x00,
    0x00, 0x00, 0x00, 0x00, 0x00, 0x00, 0x00, 0x00, 0x00, 0x00, 0x00, 0x00, 0x00, 0x00, 0x00, 0x00,
    0x00, 0x00, 0x00, 0x00, 0x00, 0x00, 0x00, 0x00, 0x00, 0x00, 0x00, 0x00, 0x00, 0x00, 0x00, 0x00,
    0x00, 0x00, 0x00, 0x00, 0x00, 0x00, 0x00, 0x00, 0x00, 0x00, 0x00, 0x00, 0x00, 0x00, 0x00, 0x00,
    0x00, 0x00, 0x00, 0x00, 0x00, 0x00, 0x00, 0x00, 0x00, 0x00, 0x00, 0x00, 0x00, 0x00, 0x00, 0x00,
    0x00, 0x00, 0x00, 0x00, 0x00, 0x00, 0x00, 0x00, 0x00, 0x01, 0x01, 0x01, 0x01, 0x02, 0x02, 0x02,
    0x03, 0x03, 0x04, 0x04, 0x04, 0x03, 0x03, 0x03, 0x03, 0x03, 0x04, 0x05, 0x03, 0x04, 0x03, 0x03,
    0x03, 0x03, 0x02, 0x01, 0x01, 0x01, 0x00, 0x00, 0x00, 0x00, 0x00, 0x00, 0x00, 0x00, 0x00, 0x00,
    0x00, 0x00, 0x00, 0x00, 0x00, 0x00, 0x00, 0x00, 0x00, 0x00, 0x00, 0x00, 0x00, 0x00, 0x00, 0x00,
    0x00, 0x00, 0x00, 0x00, 0x00, 0x00, 0x00, 0x00, 0x00, 0x00, 0x00, 0x00, 0x00, 0x00, 0x00, 0x00,
    0x00, 0x00, 0x00, 0x00, 0x00, 0x00, 0x00, 0x00, 0x00, 0x00, 0x00, 0x00, 0x00, 0x00, 0x00, 0x00,
    0x00, 0x00, 0x00, 0x00, 0x03, 0x05, 0x08, 0x09, 0x09, 0x07, 0x06, 0x04, 0x01, 0x00, 0x00, 0x00,
    0x00, 0x00, 0x00, 0x00, 0x00, 0x00, 0x00, 0x00, 0x00, 0x00, 0x00, 0x00, 0x00, 0x00, 0x00, 0x00,
    0x00, 0x00, 0x00, 0x00, 0x00, 0x00, 0x00, 0x00, 0x00, 0x00, 0x00, 0x00, 0x00, 0x00, 0x00, 0x00,
    0x00, 0x00, 0x00, 0x00, 0x00, 0x00, 0x00, 0x00, 0x00, 0x00, 0x00, 0x00, 0x00, 0x00, 0x00, 0x00,
    0x00, 0x00, 0x00, 0x00, 0x00, 0x00, 0x01, 0x01, 0x02, 0x02, 0x04, 0x04, 0x03, 0x03, 0x01, 0x03,
    0x06, 0x09, 0x0D, 0x11, 0x17, 0x1D, 0x24, 0x27, 0x27, 0x23, 0x1D, 0x18, 0x13, 0x0F, 0x0C, 0x09,
    0x06, 0x04, 0x04, 0x05, 0x04, 0x03, 0x02, 0x02, 0x01, 0x01, 0x00, 0x00, 0x00, 0x00, 0x00, 0x00,
    0x00, 0x00, 0x00, 0x00, 0x00, 0x00, 0x00, 0x00, 0x00, 0x00, 0x00, 0x00, 0x00, 0x00, 0x00, 0x00,
    0x00, 0x00, 0x00, 0x00, 0x00, 0x00, 0x00, 0x00, 0x00, 0x00, 0x00, 0x00, 0x00, 0x00, 0x00, 0x00,
    0x00, 0x00, 0x00, 0x00, 0x00, 0x00, 0x00, 0x00, 0x00, 0x00, 0x00, 0x02, 0x0C, 0x19, 0x26, 0x33,
    0x40, 0x4A, 0x54, 0x5C, 0x64, 0x6C, 0x72, 0x74, 0x74, 0x71, 0x6A, 0x64, 0x5C, 0x54, 0x4A, 0x40,
    0x33, 0x26, 0x18, 0x0D, 0x03, 0x00, 0x00, 0x00, 0x00, 0x00, 0x00, 0x00, 0x00, 0x00, 0x00, 0x00,
    0x00, 0x00, 0x00, 0x00, 0x00, 0x00, 0x00, 0x00, 0x00, 0x00, 0x00, 0x00, 0x00, 0x00, 0x00, 0x00,
    0x00, 0x00, 0x00, 0x00, 0x00, 0x00, 0x00, 0x00, 0x00, 0x00, 0x00, 0x00, 0x00, 0x00, 0x00, 0x00,
    0x00, 0x00, 0x00, 0x01, 0x02, 0x03, 0x05, 0x05, 0x04, 0x03, 0x07, 0x13, 0x2E, 0x4D, 0x6D, 0x89,
    0xA1, 0xB1, 0xC2, 0xCD, 0xD5, 0xDA, 0xDB, 0xDC, 0xDC, 0xDB, 0xD8, 0xD4, 0xCA, 0xBE, 0xAD, 0x9D,
    0x85, 0x69, 0x48, 0x2C, 0x17, 0x0C, 0x08, 0x08, 0x05, 0x05, 0x02, 0x01, 0x00, 0x00, 0x00, 0x00,
    0x00, 0x00, 0x00, 0x00, 0x00, 0x00, 0x00, 0x00, 0x00, 0x00, 0x00, 0x00, 0x00, 0x00, 0x00, 0x00,
    0x00, 0x00, 0x00, 0x00, 0x00, 0x00, 0x00, 0x00, 0x00, 0x00, 0x00, 0x00, 0x00, 0x00, 0x00, 0x00,
    0x00, 0x00, 0x00, 0x00, 0x01, 0x00, 0x00, 0x07, 0x18, 0x2C, 0x42, 0x5A, 0x7B, 0x98, 0xB7, 0xD0,
    0xE5, 0xF4, 0xFF, 0xFF, 0xFF, 0xFF, 0xFF, 0xFF, 0xFF, 0xFF, 0xFF, 0xFF, 0xFF, 0xFD, 0xEF, 0xE1,
    0xCB, 0xB2, 0x93, 0x77, 0x5B, 0x44, 0x2C, 0x1A, 0x09, 0x02, 0x00, 0x01, 0x00, 0x00, 0x00, 0x00,
    0x00, 0x00, 0x00, 0x00, 0x00, 0x00, 0x00, 0x00, 0x00, 0x00, 0x00, 0x00, 0x00, 0x00, 0x00, 0x00,
    0x00, 0x00, 0x00, 0x00, 0x00, 0x00, 0x00, 0x00, 0x00, 0x00, 0x00, 0x00, 0x00, 0x00, 0x00, 0x00,
    0x00, 0x01, 0x02, 0x04, 0x08, 0x04, 0x09, 0x1E, 0x48, 0x79, 0xA5, 0xC5, 0xDC, 0xE7, 0xF0, 0xF7,
    0xFE, 0xFF, 0xFF, 0xFF, 0xFF, 0xFF, 0xFF, 0xFF, 0xFF, 0xFF, 0xFF, 0xFF, 0xFF, 0xFF, 0xFF, 0xFC,
    0xF5, 0xEF, 0xE5, 0xD9, 0xC0, 0x9E, 0x71, 0x45, 0x20, 0x0F, 0x09, 0x09, 0x05, 0x02, 0x01, 0x00,
    0x00, 0x00, 0x00, 0x00, 0x00, 0x00, 0x00, 0x00, 0x00, 0x00, 0x00, 0x00, 0x00, 0x00, 0x00, 0x00,
    0x00, 0x00, 0x00, 0x00, 0x00, 0x00, 0x00, 0x00, 0x00, 0x00, 0x00, 0x00, 0x00, 0x00, 0x00, 0x00,
    0x01, 0x00, 0x00, 0x01, 0x0F, 0x21, 0x41, 0x66, 0x94, 0xC1, 0xEA, 0xFF, 0xFF, 0xFF, 0xFF, 0xFF,
    0xFF, 0xFD, 0xFB, 0xFA, 0xF9, 0xF9, 0xF9, 0xF9, 0xF9, 0xF9, 0xF9, 0xF9, 0xFB, 0xFC, 0xFE, 0xFF,
    0xFF, 0xFF, 0xFF, 0xFF, 0xFB, 0xE0, 0xB8, 0x8E, 0x64, 0x42, 0x22, 0x11, 0x05, 0x02, 0x00, 0x00,
    0x00, 0x00, 0x00, 0x00, 0x00, 0x00, 0x00, 0x00, 0x00, 0x00, 0x00, 0x00, 0x00, 0x00, 0x00, 0x00,
    0x00, 0x00, 0x00, 0x00, 0x00, 0x00, 0x00, 0x00, 0x00, 0x00, 0x00, 0x00, 0x00, 0x00, 0x00, 0x01,
    0x05, 0x04, 0x06, 0x0F, 0x2C, 0x5F, 0x9E, 0xCC, 0xE6, 0xF3, 0xFF, 0xFF, 0xFF, 0xFF, 0xFF, 0xFF,
    0xFF, 0xFF, 0xFF, 0xFE, 0xFE, 0xFE, 0xFE, 0xFE, 0xFE, 0xFE, 0xFE, 0xFE, 0xFE, 0xFF, 0xFF, 0xFF,
    0xFF, 0xFF, 0xFF, 0xFF, 0xFF, 0xFC, 0xF0, 0xE1, 0xC3, 0x95, 0x58, 0x2C, 0x14, 0x0C, 0x05, 0x04,
    0x01, 0x00, 0x00, 0x00, 0x00, 0x00, 0x00, 0x00, 0x00, 0x00, 0x00, 0x00, 0x00, 0x00, 0x00, 0x00,
    0x00, 0x00, 0x00, 0x00, 0x00, 0x00, 0x00, 0x00, 0x00, 0x00, 0x00, 0x00, 0x00, 0x00, 0x01, 0x00,
    0x00, 0x08, 0x20, 0x42, 0x71, 0xA9, 0xE3, 0xFF, 0xFF, 0xFF, 0xFF, 0xFA, 0xFA, 0xFB, 0xFC, 0xFD,
    0xFD, 0xFE, 0xFE, 0xFF, 0xFF, 0xFF, 0xFF, 0xFF, 0xFF, 0xFF, 0xFF, 0xFF, 0xFF, 0xFE, 0xFE, 0xFD,
    0xFD, 0xFC, 0xFB, 0xFA, 0xFB, 0xFF, 0xFF, 0xFF, 0xFB, 0xD7, 0xA0, 0x6C, 0x40, 0x22, 0x0C, 0x04,
    0x00, 0x01, 0x00, 0x00, 0x00, 0x00, 0x00, 0x00, 0x00, 0x00, 0x00, 0x00, 0x00, 0x00, 0x00, 0x00,
    0x00, 0x00, 0x00, 0x00, 0x00, 0x00, 0x00, 0x00, 0x00, 0x00, 0x00, 0x00, 0x00, 0x01, 0x06, 0x03,
    0x06, 0x1F, 0x57, 0x96, 0xCE, 0xEC, 0xFD, 0xFF, 0xFF, 0xFF, 0xFF, 0xFE, 0xFE, 0xFE, 0xFE, 0xFE,
    0xFF, 0xFF, 0xFF, 0xFF, 0xFF, 0xFF, 0xFF, 0xFF, 0xFF, 0xFF, 0xFF, 0xFF, 0xFF, 0xFF, 0xFF, 0xFF,
    0xFE, 0xFE, 0xFE, 0xFE, 0xFF, 0xFF, 0xFF, 0xFF, 0xFF, 0xFA, 0xEA, 0xC4, 0x88, 0x4F, 0x24, 0x10,
    0x07, 0x06, 0x02, 0x01, 0x00, 0x00, 0x00, 0x00, 0x00, 0x00, 0x00, 0x00, 0x00, 0x00, 0x00, 0x00,
    0x00, 0x00, 0x00, 0x00, 0x00, 0x00, 0x00, 0x00, 0x00, 0x00, 0x00, 0x00, 0x02, 0x00, 0x02, 0x0B,
    0x2A, 0x5B, 0x9E, 0xD8, 0xFF, 0xFF, 0xFF, 0xF8, 0xFA, 0xFC, 0xFE, 0xFF, 0xFF, 0xFF, 0xFF, 0xFF,
    0xFF, 0xFF, 0xFF, 0xFF, 0xFF, 0xFF, 0xFF, 0xFF, 0xFF, 0xFF, 0xFF, 0xFF, 0xFF, 0xFF, 0xFF, 0xFF,
    0xFF, 0xFF, 0xFF, 0xFF, 0xFE, 0xFD, 0xFC, 0xFB, 0xFB, 0xFF, 0xFF, 0xF9, 0xCA, 0x92, 0x58, 0x2E,
    0x11, 0x07, 0x02, 0x02, 0x00, 0x00, 0x00, 0x00, 0x00, 0x00, 0x00, 0x00, 0x00, 0x00, 0x00, 0x00,
    0x00, 0x00, 0x00, 0x00, 0x00, 0x00, 0x00, 0x00, 0x00, 0x00, 0x00, 0x01, 0x07, 0x02, 0x06, 0x2A,
    0x70, 0xB3, 0xE4, 0xFA, 0xFF, 0xFF, 0xFF, 0xFE, 0xFE, 0xFE, 0xFF, 0xFF, 0xFF, 0xFF, 0xFF, 0xFF,
    0xFF, 0xFF, 0xFF, 0xFF, 0xFF, 0xFF, 0xFF, 0xFF, 0xFF, 0xFF, 0xFF, 0xFF, 0xFF, 0xFF, 0xFF, 0xFF,
    0xFF, 0xFF, 0xFF, 0xFF, 0xFF, 0xFF, 0xFE, 0xFE, 0xFF, 0xFF, 0xFF, 0xFF, 0xF6, 0xDA, 0xA2, 0x65,
    0x2E, 0x11, 0x07, 0x06, 0x01, 0x00, 0x00, 0x00, 0x00, 0x00, 0x00, 0x00, 0x00, 0x00, 0x00, 0x00,
    0x00, 0x00, 0x00, 0x00, 0x00, 0x00, 0x00, 0x00, 0x00, 0x00, 0x01, 0x00, 0x03, 0x0B, 0x29, 0x66,
    0xB5, 0xED, 0xFF, 0xFF, 0xFB, 0xF9, 0xFC, 0xFF, 0xFF, 0xFF, 0xFF, 0xFF, 0xFF, 0xFF, 0xFF, 0xFF,
    0xFF, 0xFF, 0xFF, 0xFF, 0xFF, 0xFF, 0xFF, 0xFF, 0xFF, 0xFF, 0xFF, 0xFF, 0xFF, 0xFF, 0xFF, 0xFF,
    0xFF, 0xFF, 0xFF, 0xFF, 0xFF, 0xFF, 0xFF, 0xFF, 0xFF, 0xFC, 0xF8, 0xFD, 0xFF, 0xFF, 0xDC, 0xA4,
    0x60, 0x2D, 0x11, 0x08, 0x01, 0x01, 0x00, 0x00, 0x00, 0x00, 0x00, 0x00, 0x00, 0x00, 0x00, 0x00,
    0x00, 0x00, 0x00, 0x00, 0x00, 0x00, 0x00, 0x00, 0x00, 0x01, 0x05, 0x00, 0x06, 0x29, 0x6D, 0xB4,
    0xEA, 0xFF, 0xFF, 0xFF, 0xFE, 0xFE, 0xFE, 0xFF, 0xFF, 0xFF, 0xFF, 0xFF, 0xFF, 0xFF, 0xFF, 0xFF,
    0xFF, 0xFF, 0xFF, 0xFF, 0xFF, 0xFF, 0xFF, 0xFF, 0xFF, 0xFF, 0xFF, 0xFF, 0xFF, 0xFF, 0xFF, 0xFF,
    0xFF, 0xFF, 0xFF, 0xFF, 0xFF, 0xFF, 0xFF, 0xFF, 0xFF, 0xFE, 0xFD, 0xFF, 0xFF, 0xFF, 0xFA, 0xE0,
    0xA2, 0x61, 0x2E, 0x11, 0x04, 0x04, 0x00, 0x00, 0x00, 0x00, 0x00, 0x00, 0x00, 0x00, 0x00, 0x00,
    0x00, 0x00, 0x00, 0x00, 0x00, 0x00, 0x00, 0x00, 0x00, 0x00, 0x04, 0x07, 0x1D, 0x5A, 0xB0, 0xE9,
    0xFF, 0xFE, 0xFB, 0xFB, 0xFE, 0xFF, 0xFF, 0xFF, 0xFF, 0xFF, 0xFF, 0xFF, 0xFF, 0xFF, 0xFF, 0xFF,
    0xFF, 0xFF, 0xFF, 0xFF, 0xFF, 0xFF, 0xFF, 0xFF, 0xFF, 0xFF, 0xFF, 0xFF, 0xFF, 0xFF, 0xFF, 0xFF,
    0xFF, 0xFF, 0xFF, 0xFF, 0xFF, 0xFF, 0xFF, 0xFF, 0xFF, 0xFF, 0xFF, 0xFD, 0xFA, 0xFC, 0xFF, 0xFD,
    0xD8, 0x9E, 0x55, 0x24, 0x0C, 0x06, 0x00, 0x00, 0x00, 0x00, 0x00, 0x00, 0x00, 0x00, 0x00, 0x00,
    0x00, 0x00, 0x00, 0x00, 0x00, 0x00, 0x00, 0x00, 0x02, 0x00, 0x06, 0x1E, 0x52, 0x9A, 0xE2, 0xFE,
    0xFF, 0xFE, 0xFE, 0xFE, 0xFF, 0xFF, 0xFF, 0xFF, 0xFF, 0xFF, 0xFF, 0xFF, 0xFF, 0xFF, 0xFF, 0xFF,
    0xFF, 0xFF, 0xFF, 0xFF, 0xFF, 0xFF, 0xFF, 0xFF, 0xFF, 0xFF, 0xFF, 0xFF, 0xFF, 0xFF, 0xFF, 0xFF,
    0xFF, 0xFF, 0xFF, 0xFF, 0xFF, 0xFF, 0xFF, 0xFF, 0xFF, 0xFF, 0xFF, 0xFF, 0xFE, 0xFE, 0xFF, 0xFF,
    0xF9, 0xD6, 0x8B, 0x4A, 0x21, 0x0E, 0x02, 0x02, 0x00, 0x00, 0x00, 0x00, 0x00, 0x00, 0x00, 0x00,
    0x00, 0x00, 0x00, 0x00, 0x00, 0x00, 0x00, 0x00, 0x04, 0x01, 0x0C, 0x3C, 0x8F, 0xD1, 0xF9, 0xFE,
    0xFC, 0xFB, 0xFE, 0xFF, 0xFF, 0xFF, 0xFF, 0xFF, 0xFF, 0xFF, 0xFF, 0xFF, 0xFF, 0xFF, 0xFF, 0xFF,
    0xFF, 0xFF, 0xFF, 0xFF, 0xFF, 0xFF, 0xFF, 0xFF, 0xFF, 0xFF, 0xFF, 0xFF, 0xFF, 0xFF, 0xFF, 0xFF,
    0xFF, 0xFF, 0xFF, 0xFF, 0xFF, 0xFF, 0xFF, 0xFF, 0xFF, 0xFF, 0xFF, 0xFF, 0xFF, 0xFE, 0xFA, 0xFD,
    0xFF, 0xF6, 0xC2, 0x7F, 0x3D, 0x15, 0x05, 0x04, 0x00, 0x00, 0x00, 0x00, 0x00, 0x00, 0x00, 0x00,
    0x00, 0x00, 0x00, 0x00, 0x00, 0x00, 0x00, 0x01, 0x07, 0x0C, 0x25, 0x69, 0xC8, 0xF7, 0xFF, 0xFD,
    0xFE, 0xFE, 0xFF, 0xFF, 0xFF, 0xFF, 0xFF, 0xFF, 0xFF, 0xFF, 0xFF, 0xFF, 0xFF, 0xFF, 0xFF, 0xFF,
    0xFF, 0xFF, 0xFF, 0xFF, 0xFF, 0xFF, 0xFF, 0xFF, 0xFF, 0xFF, 0xFF, 0xFF, 0xFF, 0xFF, 0xFF, 0xFF,
    0xFF, 0xFF, 0xFF, 0xFF, 0xFF, 0xFF, 0xFF, 0xFF, 0xFF, 0xFF, 0xFF, 0xFF, 0xFF, 0xFF, 0xFE, 0xFF,
    0xFF, 0xFF, 0xF2, 0xBB, 0x65, 0x28, 0x0F, 0x09, 0x01, 0x01, 0x00, 0x00, 0x00, 0x00, 0x00, 0x00,
    0x00, 0x00, 0x00, 0x00, 0x00, 0x00, 0x02, 0x00, 0x04, 0x1C, 0x52, 0xA0, 0xEC, 0xFF, 0xFE, 0xFA,
    0xFE, 0xFF, 0xFF, 0xFF, 0xFF, 0xFF, 0xFF, 0xFF, 0xFF, 0xFF, 0xFF, 0xFF, 0xFF, 0xFF, 0xFF, 0xFF,
    0xFF, 0xFF, 0xFF, 0xFF, 0xFF, 0xFF, 0xFF, 0xFF, 0xFF, 0xFF, 0xFF, 0xFF, 0xFF, 0xFF, 0xFF, 0xFF,
    0xFF, 0xFF, 0xFF, 0xFF, 0xFF, 0xFF, 0xFF, 0xFF, 0xFF, 0xFF, 0xFF, 0xFF, 0xFF, 0xFF, 0xFF, 0xFF,
    0xFA, 0xFE, 0xFF, 0xE3, 0x94, 0x4C, 0x20, 0x0B, 0x01, 0x02, 0x00, 0x00, 0x00, 0x00, 0x00, 0x00,
    0x00, 0x00, 0x00, 0x00, 0x01, 0x00, 0x04, 0x00, 0x07, 0x39, 0x90, 0xDA, 0xFE, 0xFF, 0xFF, 0xFD,
    0xFF, 0xFF, 0xFF, 0xFF, 0xFF, 0xFF, 0xFF, 0xFF, 0xFF, 0xFF, 0xFF, 0xFF, 0xFF, 0xFF, 0xFF, 0xFF,
    0xFF, 0xFF, 0xFF, 0xFF, 0xFF, 0xFF, 0xFF, 0xFF, 0xFF, 0xFF, 0xFF, 0xFF, 0xFF, 0xFF, 0xFF, 0xFF,
    0xFF, 0xFF, 0xFF, 0xFF, 0xFF, 0xFF, 0xFF, 0xFF, 0xFF, 0xFF, 0xFF, 0xFF, 0xFF, 0xFF, 0xFF, 0xFF,
    0xFC, 0xFF, 0xFF, 0xF7, 0xC6, 0x82, 0x3D, 0x13, 0x04, 0x03, 0x00, 0x01, 0x00, 0x00, 0x00, 0x00,
    0x00, 0x00, 0x00, 0x00, 0x01, 0x00, 0x04, 0x03, 0x16, 0x5A, 0xC0, 0xF9, 0xFF, 0xFB, 0xFE, 0xFF,
    0xFF, 0xFF, 0xFF, 0xFF, 0xFF, 0xFF, 0xFF, 0xFF, 0xFF, 0xFF, 0xFF, 0xFF, 0xFF, 0xFF, 0xFF, 0xFF,
    0xFF, 0xFF, 0xFF, 0xFF, 0xFF, 0xFF, 0xFF, 0xFF, 0xFF, 0xFF, 0xFF, 0xFF, 0xFF, 0xFF, 0xFF, 0xFF,
    0xFF, 0xFF, 0xFF, 0xFF, 0xFF, 0xFF, 0xFF, 0xFF, 0xFF, 0xFF, 0xFF, 0xFF, 0xFF, 0xFF, 0xFF, 0xFF,
    0xFE, 0xFE, 0xFB, 0xFC, 0xE8, 0xB1, 0x5B, 0x1F, 0x09, 0x05, 0x00, 0x01, 0x00, 0x00, 0x00, 0x00,
    0x00, 0x00, 0x00, 0x00, 0x02, 0x00, 0x04, 0x12, 0x39, 0x84, 0xDE, 0xFF, 0xFF, 0xFB, 0xFE, 0xFF,
    0xFF, 0xFF, 0xFF, 0xFF, 0xFF, 0xFF, 0xFF, 0xFF, 0xFF, 0xFF, 0xFF, 0xFF, 0xFF, 0xFF, 0xFF, 0xFF,
    0xFF, 0xFF, 0xFF, 0xFF, 0xFF, 0xFF, 0xFF, 0xFF, 0xFF, 0xFF, 0xFF, 0xFF, 0xFF, 0xFF, 0xFF, 0xFF,
    0xFF, 0xFF, 0xFF, 0xFF, 0xFF, 0xFF, 0xFF, 0xFF, 0xFF, 0xFF, 0xFF, 0xFF, 0xFF, 0xFF, 0xFF, 0xFF,
    0xFF, 0xFE, 0xFB, 0xFF, 0xFC, 0xD6, 0x7D, 0x37, 0x14, 0x08, 0x00, 0x02, 0x00, 0x00, 0x00, 0x00,
    0x00, 0x00, 0x00, 0x00, 0x02, 0x00, 0x02, 0x23, 0x64, 0xAF, 0xEF, 0xFE, 0xFE, 0xFB, 0xFE, 0xFF,
    0xFF, 0xFF, 0xFF, 0xFF, 0xFF, 0xFF, 0xFF, 0xFF, 0xFF, 0xFF, 0xFF, 0xFF, 0xFF, 0xFF, 0xFF, 0xFF,
    0xFF, 0xFF, 0xFF, 0xFF, 0xFF, 0xFF, 0xFF, 0xFF, 0xFF, 0xFF, 0xFF, 0xFF, 0xFF, 0xFF, 0xFF, 0xFF,
    0xFF, 0xFF, 0xFF, 0xFF, 0xFF, 0xFF, 0xFF, 0xFF, 0xFF, 0xFF, 0xFF, 0xFF, 0xFF, 0xFF, 0xFF, 0xFF,
    0xFF, 0xFE, 0xFB, 0xFE, 0xFF, 0xEA, 0xA0, 0x58, 0x24, 0x0B, 0x00, 0x02, 0x00, 0x00, 0x00, 0x00,
    0x00, 0x00, 0x01, 0x00, 0x04, 0x00, 0x06, 0x38, 0x91, 0xD9, 0xFD, 0xFF, 0xFF, 0xFC, 0xFF, 0xFF,
    0xFF, 0xFF, 0xFF, 0xFF, 0xFF, 0xFF, 0xFF, 0xFF, 0xFF, 0xFF, 0xFF, 0xFF, 0xFF, 0xFF, 0xFF, 0xFF,
    0xFF, 0xFF, 0xFF, 0xFF, 0xFF, 0xFF, 0xFF, 0xFF, 0xFF, 0xFF, 0xFF, 0xFF, 0xFF, 0xFF, 0xFF, 0xFF,
    0xFF, 0xFF, 0xFF, 0xFF, 0xFF, 0xFF, 0xFF, 0xFF, 0xFF, 0xFF, 0xFF, 0xFF, 0xFF, 0xFF, 0xFF, 0xFF,
    0xFF, 0xFE, 0xFC, 0xFF, 0xFF, 0xF7, 0xC5, 0x82, 0x3B, 0x11, 0x02, 0x03, 0x00, 0x01, 0x00, 0x00,
    0x00, 0x00, 0x01, 0x00, 0x04, 0x01, 0x0C, 0x4D, 0xB5, 0xF3, 0xFF, 0xFD, 0xFF, 0xFE, 0xFF, 0xFF,
    0xFF, 0xFF, 0xFF, 0xFF, 0xFF, 0xFF, 0xFF, 0xFF, 0xFF, 0xFF, 0xFF, 0xFF, 0xFF, 0xFF, 0xFF, 0xFF,
    0xFF, 0xFF, 0xFF, 0xFF, 0xFF, 0xFF, 0xFF, 0xFF, 0xFF, 0xFF, 0xFF, 0xFF, 0xFF, 0xFF, 0xFF, 0xFF,
    0xFF, 0xFF, 0xFF, 0xFF, 0xFF, 0xFF, 0xFF, 0xFF, 0xFF, 0xFF, 0xFF, 0xFF, 0xFF, 0xFF, 0xFF, 0xFF,
    0xFF, 0xFE, 0xFE, 0xFF, 0xFD, 0xFB, 0xE3, 0xA6, 0x50, 0x17, 0x04, 0x04, 0x00, 0x01, 0x00, 0x00,
    0x00, 0x00, 0x01, 0x00, 0x05, 0x05, 0x1B, 0x66, 0xD2, 0xFE, 0xFF, 0xFB, 0xFE, 0xFF, 0xFF, 0xFF,
    0xFF, 0xFF, 0xFF, 0xFF, 0xFF, 0xFF, 0xFF, 0xFF, 0xFF, 0xFF, 0xFF, 0xFF, 0xFF, 0xFF, 0xFF, 0xFF,
    0xFF, 0xFF, 0xFF, 0xFF, 0xFF, 0xFF, 0xFF, 0xFF, 0xFF, 0xFF, 0xFF, 0xFF, 0xFF, 0xFF, 0xFF, 0xFF,
    0xFF, 0xFF, 0xFF, 0xFF, 0xFF, 0xFF, 0xFF, 0xFF, 0xFF, 0xFF, 0xFF, 0xFF, 0xFF, 0xFF, 0xFF, 0xFF,
    0xFF, 0xFF, 0xFF, 0xFF, 0xFC, 0xFF, 0xFA, 0xC4, 0x66, 0x23, 0x0A, 0x05, 0x00, 0x01, 0x00, 0x00,
    0x00, 0x00, 0x01, 0x00, 0x03, 0x0E, 0x33, 0x81, 0xE0, 0xFF, 0xFE, 0xFA, 0xFE, 0xFF, 0xFF, 0xFF,
    0xFF, 0xFF, 0xFF, 0xFF, 0xFF, 0xFF, 0xFF, 0xFF, 0xFF, 0xFF, 0xFF, 0xFF, 0xFF, 0xFF, 0xFF, 0xFF,
    0xFF, 0xFF, 0xFF, 0xFF, 0xFF, 0xFF, 0xFF, 0xFF, 0xFF, 0xFF, 0xFF, 0xFF, 0xFF, 0xFF, 0xFF, 0xFF,
    0xFF, 0xFF, 0xFF, 0xFF, 0xFF, 0xFF, 0xFF, 0xFF, 0xFF, 0xFF, 0xFF, 0xFF, 0xFF, 0xFF, 0xFF, 0xFF,
    0xFF, 0xFF, 0xFF, 0xFF, 0xFB, 0xFF, 0xFF, 0xD6, 0x7A, 0x33, 0x11, 0x07, 0x00, 0x01, 0x00, 0x00,
    0x00, 0x00, 0x02, 0x00, 0x01, 0x1A, 0x53, 0x9F, 0xEB, 0xFF, 0xFF, 0xFA, 0xFE, 0xFF, 0xFF, 0xFF,
    0xFF, 0xFF, 0xFF, 0xFF, 0xFF, 0xFF, 0xFF, 0xFF, 0xFF, 0xFF, 0xFF, 0xFF, 0xFF, 0xFF, 0xFF, 0xFF,
    0xFF, 0xFF, 0xFF, 0xFF, 0xFF, 0xFF, 0xFF, 0xFF, 0xFF, 0xFF, 0xFF, 0xFF, 0xFF, 0xFF, 0xFF, 0xFF,
    0xFF, 0xFF, 0xFF, 0xFF, 0xFF, 0xFF, 0xFF, 0xFF, 0xFF, 0xFF, 0xFF, 0xFF, 0xFF, 0xFF, 0xFF, 0xFF,
    0xFF, 0xFF, 0xFF, 0xFE, 0xFB, 0xFF, 0xFF, 0xE4, 0x92, 0x4A, 0x1C, 0x08, 0x00, 0x01, 0x00, 0x01,
    0x00, 0x00, 0x02, 0x00, 0x01, 0x26, 0x6E, 0xB8, 0xEF, 0xFE, 0xFF, 0xFC, 0xFE, 0xFF, 0xFF, 0xFF,
    0xFF, 0xFF, 0xFF, 0xFF, 0xFF, 0xFF, 0xFF, 0xFF, 0xFF, 0xFF, 0xFF, 0xFF, 0xFF, 0xFF, 0xFF, 0xFF,
    0xFF, 0xFF, 0xFF, 0xFF, 0xFF, 0xFF, 0xFF, 0xFF, 0xFF, 0xFF, 0xFF, 0xFF, 0xFF, 0xFF, 0xFF, 0xFF,
    0xFF, 0xFF, 0xFF, 0xFF, 0xFF, 0xFF, 0xFF, 0xFF, 0xFF, 0xFF, 0xFF, 0xFF, 0xFF, 0xFF, 0xFF, 0xFF,
    0xFF, 0xFF, 0xFF, 0xFE, 0xFB, 0xFF, 0xFE, 0xEB, 0xA7, 0x60, 0x28, 0x0A, 0x00, 0x01, 0x00, 0x01,
    0x01, 0x00, 0x03, 0x00, 0x03, 0x31, 0x85, 0xCD, 0xF7, 0xFF, 0xFF, 0xFD, 0xFE, 0xFF, 0xFF, 0xFF,
    0xFF, 0xFF, 0xFF, 0xFF, 0xFF, 0xFF, 0xFF, 0xFF, 0xFF, 0xFF, 0xFF, 0xFF, 0xFF, 0xFF, 0xFF, 0xFF,
    0xFF, 0xFF, 0xFF, 0xFF, 0xFF, 0xFF, 0xFF, 0xFF, 0xFF, 0xFF, 0xFF, 0xFF, 0xFF, 0xFF, 0xFF, 0xFF,
    0xFF, 0xFF, 0xFF, 0xFF, 0xFF, 0xFF, 0xFF, 0xFF, 0xFF, 0xFF, 0xFF, 0xFF, 0xFF, 0xFF, 0xFF, 0xFF,
    0xFF, 0xFF, 0xFF, 0xFE, 0xFC, 0xFF, 0xFF, 0xF2, 0xBC, 0x77, 0x34, 0x0D, 0x00, 0x02, 0x00, 0x01,
    0x01, 0x00, 0x03, 0x00, 0x05, 0x3A, 0x96, 0xDC, 0xFB, 0xFF, 0xFF, 0xFD, 0xFE, 0xFF, 0xFF, 0xFF,
    0xFF, 0xFF, 0xFF, 0xFF, 0xFF, 0xFF, 0xFF, 0xFF, 0xFF, 0xFF, 0xFF, 0xFF, 0xFF, 0xFF, 0xFF, 0xFF,
    0xFF, 0xFF, 0xFF, 0xFF, 0xFF, 0xFF, 0xFF, 0xFF, 0xFF, 0xFF, 0xFF, 0xFF, 0xFF, 0xFF, 0xFF, 0xFF,
    0xFF, 0xFF, 0xFF, 0xFF, 0xFF, 0xFF, 0xFF, 0xFF, 0xFF, 0xFF, 0xFF, 0xFF, 0xFF, 0xFF, 0xFF, 0xFF,
    0xFF, 0xFF, 0xFF, 0xFE, 0xFC, 0xFF, 0xFF, 0xF6, 0xCB, 0x88, 0x3E, 0x0F, 0x01, 0x02, 0x00, 0x01,
    0x01, 0x00, 0x03, 0x00, 0x07, 0x43, 0xA7, 0xEB, 0xFE, 0xFE, 0xFF, 0xFE, 0xFF, 0xFF, 0xFF, 0xFF,
    0xFF, 0xFF, 0xFF, 0xFF, 0xFF, 0xFF, 0xFF, 0xFF, 0xFF, 0xFF, 0xFF, 0xFF, 0xFF, 0xFF, 0xFF, 0xFF,
    0xFF, 0xFF, 0xFF, 0xFF, 0xFF, 0xFF, 0xFF, 0xFF, 0xFF, 0xFF, 0xFF, 0xFF, 0xFF, 0xFF, 0xFF, 0xFF,
    0xFF, 0xFF, 0xFF, 0xFF, 0xFF, 0xFF, 0xFF, 0xFF, 0xFF, 0xFF, 0xFF, 0xFF, 0xFF, 0xFF, 0xFF, 0xFF,
    0xFF, 0xFF, 0xFF, 0xFF, 0xFD, 0xFF, 0xFF, 0xFA, 0xD8, 0x98, 0x47, 0x12, 0x02, 0x03, 0x00, 0x01,
    0x01, 0x00, 0x03, 0x00, 0x09, 0x4A, 0xB2, 0xF5, 0xFF, 0xFE, 0xFF, 0xFE, 0xFF, 0xFF, 0xFF, 0xFF,
    0xFF, 0xFF, 0xFF, 0xFF, 0xFF, 0xFF, 0xFF, 0xFF, 0xFF, 0xFF, 0xFF, 0xFF, 0xFF, 0xFF, 0xFF, 0xFF,
    0xFF, 0xFF, 0xFF, 0xFF, 0xFF, 0xFF, 0xFF, 0xFF, 0xFF, 0xFF, 0xFF, 0xFF, 0xFF, 0xFF, 0xFF, 0xFF,
    0xFF, 0xFF, 0xFF, 0xFF, 0xFF, 0xFF, 0xFF, 0xFF, 0xFF, 0xFF, 0xFF, 0xFF, 0xFF, 0xFF, 0xFF, 0xFF,
    0xFF, 0xFF, 0xFF, 0xFF, 0xFD, 0xFF, 0xFF, 0xFC, 0xE0, 0xA2, 0x4D, 0x16, 0x04, 0x03, 0x00, 0x01,
    0x01, 0x00, 0x03, 0x00, 0x0C, 0x51, 0xBD, 0xFD, 0xFF, 0xFC, 0xFF, 0xFE, 0xFF, 0xFF, 0xFF, 0xFF,
    0xFF, 0xFF, 0xFF, 0xFF, 0xFF, 0xFF, 0xFF, 0xFF, 0xFF, 0xFF, 0xFF, 0xFF, 0xFF, 0xFF, 0xFF, 0xFF,
    0xFF, 0xFF, 0xFF, 0xFF, 0xFF, 0xFF, 0xFF, 0xFF, 0xFF, 0xFF, 0xFF, 0xFF, 0xFF, 0xFF, 0xFF, 0xFF,
    0xFF, 0xFF, 0xFF, 0xFF, 0xFF, 0xFF, 0xFF, 0xFF, 0xFF, 0xFF, 0xFF, 0xFF, 0xFF, 0xFF, 0xFF, 0xFF,
    0xFF, 0xFF, 0xFF, 0xFF, 0xFE, 0xFF, 0xFF, 0xFE, 0xE8, 0xAB, 0x54, 0x1A, 0x05, 0x03, 0x00, 0x01,
    0x01, 0x00, 0x03, 0x00, 0x0E, 0x55, 0xC2, 0xFF, 0xFF, 0xFC, 0xFF, 0xFE, 0xFF, 0xFF, 0xFF, 0xFF,
    0xFF, 0xFF, 0xFF, 0xFF, 0xFF, 0xFF, 0xFF, 0xFF, 0xFF, 0xFF, 0xFF, 0xFF, 0xFF, 0xFF, 0xFF, 0xFF,
    0xFF, 0xFF, 0xFF, 0xFF, 0xFF, 0xFF, 0xFF, 0xFF, 0xFF, 0xFF, 0xFF, 0xFF, 0xFF, 0xFF, 0xFF, 0xFF,
    0xFF, 0xFF, 0xFF, 0xFF, 0xFF, 0xFF, 0xFF, 0xFF, 0xFF, 0xFF, 0xFF, 0xFF, 0xFF, 0xFF, 0xFF, 0xFF,
    0xFF, 0xFF, 0xFF, 0xFF, 0xFE, 0xFF, 0xFF, 0xFF, 0xEC, 0xB0, 0x58, 0x1C, 0x06, 0x03, 0x00, 0x01,
    0x01, 0x00, 0x04, 0x00, 0x0F, 0x57, 0xC6, 0xFF, 0xFF, 0xFB, 0xFF, 0xFE, 0xFF, 0xFF, 0xFF, 0xFF,
    0xFF, 0xFF, 0xFF, 0xFF, 0xFF, 0xFF, 0xFF, 0xFF, 0xFF, 0xFF, 0xFF, 0xFF, 0xFF, 0xFF, 0xFF, 0xFF,
    0xFF, 0xFF, 0xFF, 0xFF, 0xFF, 0xFF, 0xFF, 0xFF, 0xFF, 0xFF, 0xFF, 0xFF, 0xFF, 0xFF, 0xFF, 0xFF,
    0xFF, 0xFF, 0xFF, 0xFF, 0xFF, 0xFF, 0xFF, 0xFF, 0xFF, 0xFF, 0xFF, 0xFF, 0xFF, 0xFF, 0xFF, 0xFF,
    0xFF, 0xFF, 0xFF, 0xFF, 0xFE, 0xFF, 0xFE, 0xFF, 0xEE, 0xB3, 0x5A, 0x1E, 0x07, 0x03, 0x00, 0x01,
    0x01, 0x00, 0x04, 0x00, 0x0F, 0x57, 0xC6, 0xFF, 0xFF, 0xFB, 0xFF, 0xFE, 0xFF, 0xFF, 0xFF, 0xFF,
    0xFF, 0xFF, 0xFF, 0xFF, 0xFF, 0xFF, 0xFF, 0xFF, 0xFF, 0xFF, 0xFF, 0xFF, 0xFF, 0xFF, 0xFF, 0xFF,
    0xFF, 0xFF, 0xFF, 0xFF, 0xFF, 0xFF, 0xFF, 0xFF, 0xFF, 0xFF, 0xFF, 0xFF, 0xFF, 0xFF, 0xFF, 0xFF,
    0xFF, 0xFF, 0xFF, 0xFF, 0xFF, 0xFF, 0xFF, 0xFF, 0xFF, 0xFF, 0xFF, 0xFF, 0xFF, 0xFF, 0xFF, 0xFF,
    0xFF, 0xFF, 0xFF, 0xFF, 0xFE, 0xFF, 0xFE, 0xFF, 0xEE, 0xB4, 0x5C, 0x1E, 0x07, 0x03, 0x00, 0x01,
    0x01, 0x00, 0x04, 0x00, 0x10, 0x57, 0xC4, 0xFF, 0xFF, 0xFB, 0xFF, 0xFE, 0xFF, 0xFF, 0xFF, 0xFF,
    0xFF, 0xFF, 0xFF, 0xFF, 0xFF, 0xFF, 0xFF, 0xFF, 0xFF, 0xFF, 0xFF, 0xFF, 0xFF, 0xFF, 0xFF, 0xFF,
    0xFF, 0xFF, 0xFF, 0xFF, 0xFF, 0xFF, 0xFF, 0xFF, 0xFF, 0xFF, 0xFF, 0xFF, 0xFF, 0xFF, 0xFF, 0xFF,
    0xFF, 0xFF, 0xFF, 0xFF, 0xFF, 0xFF, 0xFF, 0xFF, 0xFF, 0xFF, 0xFF, 0xFF, 0xFF, 0xFF, 0xFF, 0xFF,
    0xFF, 0xFF, 0xFF, 0xFF, 0xFE, 0xFF, 0xFF, 0xFF, 0xEE, 0xB3, 0x5C, 0x1E, 0x07, 0x03, 0x00, 0x01,
    0x01, 0x00, 0x04, 0x00, 0x10, 0x55, 0xC1, 0xFE, 0xFF, 0xFB, 0xFF, 0xFE, 0xFF, 0xFF, 0xFF, 0xFF,
    0xFF, 0xFF, 0xFF, 0xFF, 0xFF, 0xFF, 0xFF, 0xFF, 0xFF, 0xFF, 0xFF, 0xFF, 0xFF, 0xFF, 0xFF, 0xFF,
    0xFF, 0xFF, 0xFF, 0xFF, 0xFF, 0xFF, 0xFF, 0xFF, 0xFF, 0xFF, 0xFF, 0xFF, 0xFF, 0xFF, 0xFF, 0xFF,
    0xFF, 0xFF, 0xFF, 0xFF, 0xFF, 0xFF, 0xFF, 0xFF, 0xFF, 0xFF, 0xFF, 0xFF, 0xFF, 0xFF, 0xFF, 0xFF,
    0xFF, 0xFF, 0xFF, 0xFF, 0xFE, 0xFF, 0xFF, 0xFF, 0xEC, 0xB0, 0x5A, 0x1D, 0x07, 0x03, 0x00, 0x01,
    0x01, 0x00, 0x03, 0x00, 0x0E, 0x50, 0xBA, 0xFA, 0xFF, 0xFC, 0xFF, 0xFE, 0xFF, 0xFF, 0xFF, 0xFF,
    0xFF, 0xFF, 0xFF, 0xFF, 0xFF, 0xFF, 0xFF, 0xFF, 0xFF, 0xFF, 0xFF, 0xFF, 0xFF, 0xFF, 0xFF, 0xFF,
    0xFF, 0xFF, 0xFF, 0xFF, 0xFF, 0xFF, 0xFF, 0xFF, 0xFF, 0xFF, 0xFF, 0xFF, 0xFF, 0xFF, 0xFF, 0xFF,
    0xFF, 0xFF, 0xFF, 0xFF, 0xFF, 0xFF, 0xFF, 0xFF, 0xFF, 0xFF, 0xFF, 0xFF, 0xFF, 0xFF, 0xFF, 0xFF,
    0xFF, 0xFF, 0xFF, 0xFF, 0xFD, 0xFF, 0xFF, 0xFE, 0xE6, 0xAA, 0x55, 0x1B, 0x06, 0x03, 0x00, 0x01,
    0x01, 0x00, 0x03, 0x00, 0x0C, 0x4B, 0xB1, 0xF3, 0xFF, 0xFE, 0xFF, 0xFE, 0xFF, 0xFF, 0xFF, 0xFF,
    0xFF, 0xFF, 0xFF, 0xFF, 0xFF, 0xFF, 0xFF, 0xFF, 0xFF, 0xFF, 0xFF, 0xFF, 0xFF, 0xFF, 0xFF, 0xFF,
    0xFF, 0xFF, 0xFF, 0xFF, 0xFF, 0xFF, 0xFF, 0xFF, 0xFF, 0xFF, 0xFF, 0xFF, 0xFF, 0xFF, 0xFF, 0xFF,
    0xFF, 0xFF, 0xFF, 0xFF, 0xFF, 0xFF, 0xFF, 0xFF, 0xFF, 0xFF, 0xFF, 0xFF, 0xFF, 0xFF, 0xFF, 0xFF,
    0xFF, 0xFF, 0xFF, 0xFF, 0xFD, 0xFF, 0xFF, 0xFC, 0xE0, 0xA2, 0x4F, 0x18, 0x04, 0x03, 0x00, 0x01,
    0x01, 0x00, 0x03, 0x00, 0x09, 0x44, 0xA4, 0xE8, 0xFE, 0xFF, 0xFF, 0xFD, 0xFF, 0xFF, 0xFF, 0xFF,
    0xFF, 0xFF, 0xFF, 0xFF, 0xFF, 0xFF, 0xFF, 0xFF, 0xFF, 0xFF, 0xFF, 0xFF, 0xFF, 0xFF, 0xFF, 0xFF,
    0xFF, 0xFF, 0xFF, 0xFF, 0xFF, 0xFF, 0xFF, 0xFF, 0xFF, 0xFF, 0xFF, 0xFF, 0xFF, 0xFF, 0xFF, 0xFF,
    0xFF, 0xFF, 0xFF, 0xFF, 0xFF, 0xFF, 0xFF, 0xFF, 0xFF, 0xFF, 0xFF, 0xFF, 0xFF, 0xFF, 0xFF, 0xFF,
    0xFF, 0xFF, 0xFF, 0xFE, 0xFD, 0xFF, 0xFF, 0xF9, 0xD5, 0x96, 0x48, 0x15, 0x03, 0x02, 0x00, 0x01,
    0x01, 0x00, 0x03, 0x00, 0x07, 0x3C, 0x96, 0xDC, 0xFB, 0xFF, 0xFF, 0xFD, 0xFF, 0xFF, 0xFF, 0xFF,
    0xFF, 0xFF, 0xFF, 0xFF, 0xFF, 0xFF, 0xFF, 0xFF, 0xFF, 0xFF, 0xFF, 0xFF, 0xFF, 0xFF, 0xFF, 0xFF,
    0xFF, 0xFF, 0xFF, 0xFF, 0xFF, 0xFF, 0xFF, 0xFF, 0xFF, 0xFF, 0xFF, 0xFF, 0xFF, 0xFF, 0xFF, 0xFF,
    0xFF, 0xFF, 0xFF, 0xFF, 0xFF, 0xFF, 0xFF, 0xFF, 0xFF, 0xFF, 0xFF, 0xFF, 0xFF, 0xFF, 0xFF, 0xFF,
    0xFF, 0xFF, 0xFF, 0xFE, 0xFD, 0xFF, 0xFF, 0xF5, 0xCA, 0x89, 0x40, 0x11, 0x01, 0x02, 0x00, 0x01,
    0x01, 0x00, 0x02, 0x00, 0x05, 0x32, 0x82, 0xC9, 0xF6, 0xFF, 0xFF, 0xFC, 0xFE, 0xFF, 0xFF, 0xFF,
    0xFF, 0xFF, 0xFF, 0xFF, 0xFF, 0xFF, 0xFF, 0xFF, 0xFF, 0xFF, 0xFF, 0xFF, 0xFF, 0xFF, 0xFF, 0xFF,
    0xFF, 0xFF, 0xFF, 0xFF, 0xFF, 0xFF, 0xFF, 0xFF, 0xFF, 0xFF, 0xFF, 0xFF, 0xFF, 0xFF, 0xFF, 0xFF,
    0xFF, 0xFF, 0xFF, 0xFF, 0xFF, 0xFF, 0xFF, 0xFF, 0xFF, 0xFF, 0xFF, 0xFF, 0xFF, 0xFF, 0xFF, 0xFF,
    0xFF, 0xFF, 0xFF, 0xFE, 0xFC, 0xFF, 0xFE, 0xF0, 0xBA, 0x77, 0x34, 0x0E, 0x00, 0x02, 0x00, 0x01,
    0x01, 0x00, 0x02, 0x00, 0x05, 0x28, 0x6D, 0xB6, 0xF0, 0xFF, 0xFF, 0xFB, 0xFE, 0xFF, 0xFF, 0xFF,
    0xFF, 0xFF, 0xFF, 0xFF, 0xFF, 0xFF, 0xFF, 0xFF, 0xFF, 0xFF, 0xFF, 0xFF, 0xFF, 0xFF, 0xFF, 0xFF,
    0xFF, 0xFF, 0xFF, 0xFF, 0xFF, 0xFF, 0xFF, 0xFF, 0xFF, 0xFF, 0xFF, 0xFF, 0xFF, 0xFF, 0xFF, 0xFF,
    0xFF, 0xFF, 0xFF, 0xFF, 0xFF, 0xFF, 0xFF, 0xFF, 0xFF, 0xFF, 0xFF, 0xFF, 0xFF, 0xFF, 0xFF, 0xFF,
    0xFF, 0xFF, 0xFF, 0xFE, 0xFB, 0xFF, 0xFF, 0xEC, 0xA9, 0x62, 0x29, 0x0C, 0x00, 0x02, 0x00, 0x01,
    0x00, 0x00, 0x02, 0x00, 0x04, 0x1C, 0x51, 0x9C, 0xE8, 0xFD, 0xFF, 0xFA, 0xFE, 0xFF, 0xFF, 0xFF,
    0xFF, 0xFF, 0xFF, 0xFF, 0xFF, 0xFF, 0xFF, 0xFF, 0xFF, 0xFF, 0xFF, 0xFF, 0xFF, 0xFF, 0xFF, 0xFF,
    0xFF, 0xFF, 0xFF, 0xFF, 0xFF, 0xFF, 0xFF, 0xFF, 0xFF, 0xFF, 0xFF, 0xFF, 0xFF, 0xFF, 0xFF, 0xFF,
    0xFF, 0xFF, 0xFF, 0xFF, 0xFF, 0xFF, 0xFF, 0xFF, 0xFF, 0xFF, 0xFF, 0xFF, 0xFF, 0xFF, 0xFF, 0xFF,
    0xFF, 0xFF, 0xFF, 0xFE, 0xFB, 0xFE, 0xFF, 0xE3, 0x91, 0x4A, 0x1E, 0x0A, 0x00, 0x01, 0x00, 0x01,
    0x00, 0x00, 0x02, 0x00, 0x04, 0x10, 0x37, 0x82, 0xDF, 0xFF, 0xFF, 0xFA, 0xFE, 0xFF, 0xFF, 0xFF,
    0xFF, 0xFF, 0xFF, 0xFF, 0xFF, 0xFF, 0xFF, 0xFF, 0xFF, 0xFF, 0xFF, 0xFF, 0xFF, 0xFF, 0xFF, 0xFF,
    0xFF, 0xFF, 0xFF, 0xFF, 0xFF, 0xFF, 0xFF, 0xFF, 0xFF, 0xFF, 0xFF, 0xFF, 0xFF, 0xFF, 0xFF, 0xFF,
    0xFF, 0xFF, 0xFF, 0xFF, 0xFF, 0xFF, 0xFF, 0xFF, 0xFF, 0xFF, 0xFF, 0xFF, 0xFF, 0xFF, 0xFF, 0xFF,
    0xFF, 0xFF, 0xFF, 0xFE, 0xFC, 0xFF, 0xFE, 0xD7, 0x7D, 0x37, 0x15, 0x08, 0x00, 0x01, 0x00, 0x01,
    0x00, 0x00, 0x01, 0x00, 0x04, 0x06, 0x1E, 0x66, 0xCD, 0xFF, 0xFF, 0xFB, 0xFF, 0xFE, 0xFF, 0xFF,
    0xFF, 0xFF, 0xFF, 0xFF, 0xFF, 0xFF, 0xFF, 0xFF, 0xFF, 0xFF, 0xFF, 0xFF, 0xFF, 0xFF, 0xFF, 0xFF,
    0xFF, 0xFF, 0xFF, 0xFF, 0xFF, 0xFF, 0xFF, 0xFF, 0xFF, 0xFF, 0xFF, 0xFF, 0xFF, 0xFF, 0xFF, 0xFF,
    0xFF, 0xFF, 0xFF, 0xFF, 0xFF, 0xFF, 0xFF, 0xFF, 0xFF, 0xFF, 0xFF, 0xFF, 0xFF, 0xFF, 0xFF, 0xFF,
    0xFF, 0xFF, 0xFE, 0xFF, 0xFE, 0xFF, 0xF2, 0xC0, 0x68, 0x28, 0x0D, 0x06, 0x00, 0x01, 0x00, 0x00,
    0x00, 0x00, 0x01, 0x00, 0x04, 0x01, 0x10, 0x50, 0xB4, 0xF5, 0xFE, 0xFD, 0xFF, 0xFE, 0xFF, 0xFF,
    0xFF, 0xFF, 0xFF, 0xFF, 0xFF, 0xFF, 0xFF, 0xFF, 0xFF, 0xFF, 0xFF, 0xFF, 0xFF, 0xFF, 0xFF, 0xFF,
    0xFF, 0xFF, 0xFF, 0xFF, 0xFF, 0xFF, 0xFF, 0xFF, 0xFF, 0xFF, 0xFF, 0xFF, 0xFF, 0xFF, 0xFF, 0xFF,
    0xFF, 0xFF, 0xFF, 0xFF, 0xFF, 0xFF, 0xFF, 0xFF, 0xFF, 0xFF, 0xFF, 0xFF, 0xFF, 0xFF, 0xFF, 0xFF,
    0xFF, 0xFF, 0xFD, 0xFF, 0xFF, 0xFD, 0xDF, 0xA3, 0x54, 0x1E, 0x08, 0x04, 0x00, 0x01, 0x00, 0x00,
    0x00, 0x00, 0x01, 0x00, 0x03, 0x00, 0x09, 0x3A, 0x8F, 0xD4, 0xF8, 0xFE, 0xFF, 0xFD, 0xFE, 0xFF,
    0xFF, 0xFF, 0xFF, 0xFF, 0xFF, 0xFF, 0xFF, 0xFF, 0xFF, 0xFF, 0xFF, 0xFF, 0xFF, 0xFF, 0xFF, 0xFF,
    0xFF, 0xFF, 0xFF, 0xFF, 0xFF, 0xFF, 0xFF, 0xFF, 0xFF, 0xFF, 0xFF, 0xFF, 0xFF, 0xFF, 0xFF, 0xFF,
    0xFF, 0xFF, 0xFF, 0xFF, 0xFF, 0xFF, 0xFF, 0xFF, 0xFF, 0xFF, 0xFF, 0xFF, 0xFF, 0xFF, 0xFF, 0xFF,
    0xFF, 0xFE, 0xFC, 0xFE, 0xFE, 0xF3, 0xC1, 0x7F, 0x3E, 0x15, 0x04, 0x03, 0x00, 0x01, 0x00, 0x00,
    0x00, 0x00, 0x01, 0x00, 0x02, 0x00, 0x08, 0x27, 0x64, 0xAB, 0xED, 0xFF, 0xFF, 0xFB, 0xFE, 0xFF,
    0xFF, 0xFF, 0xFF, 0xFF, 0xFF, 0xFF, 0xFF, 0xFF, 0xFF, 0xFF, 0xFF, 0xFF, 0xFF, 0xFF, 0xFF, 0xFF,
    0xFF, 0xFF, 0xFF, 0xFF, 0xFF, 0xFF, 0xFF, 0xFF, 0xFF, 0xFF, 0xFF, 0xFF, 0xFF, 0xFF, 0xFF, 0xFF,
    0xFF, 0xFF, 0xFF, 0xFF, 0xFF, 0xFF, 0xFF, 0xFF, 0xFF, 0xFF, 0xFF, 0xFF, 0xFF, 0xFF, 0xFF, 0xFF,
    0xFF, 0xFE, 0xFC, 0xFF, 0xFF, 0xE8, 0xA1, 0x5D, 0x2B, 0x0F, 0x02, 0x02, 0x00, 0x01, 0x00, 0x00,
    0x00, 0x00, 0x00, 0x00, 0x01, 0x00, 0x06, 0x14, 0x39, 0x81, 0xDC, 0xFF, 0xFF, 0xFB, 0xFE, 0xFF,
    0xFF, 0xFF, 0xFF, 0xFF, 0xFF, 0xFF, 0xFF, 0xFF, 0xFF, 0xFF, 0xFF, 0xFF, 0xFF, 0xFF, 0xFF, 0xFF,
    0xFF, 0xFF, 0xFF, 0xFF, 0xFF, 0xFF, 0xFF, 0xFF, 0xFF, 0xFF, 0xFF, 0xFF, 0xFF, 0xFF, 0xFF, 0xFF,
    0xFF, 0xFF, 0xFF, 0xFF, 0xFF, 0xFF, 0xFF, 0xFF, 0xFF, 0xFF, 0xFF, 0xFF, 0xFF, 0xFF, 0xFF, 0xFF,
    0xFF, 0xFF, 0xFC, 0xFF, 0xFC, 0xD2, 0x7F, 0x3C, 0x18, 0x09, 0x00, 0x01, 0x00, 0x00, 0x00, 0x00,
    0x00, 0x00, 0x00, 0x00, 0x01, 0x00, 0x06, 0x08, 0x1F, 0x64, 0xC8, 0xFD, 0xFF, 0xFC, 0xFE, 0xFF,
    0xFF, 0xFF, 0xFF, 0xFF, 0xFF, 0xFF, 0xFF, 0xFF, 0xFF, 0xFF, 0xFF, 0xFF, 0xFF, 0xFF, 0xFF, 0xFF,
    0xFF, 0xFF, 0xFF, 0xFF, 0xFF, 0xFF, 0xFF, 0xFF, 0xFF, 0xFF, 0xFF, 0xFF, 0xFF, 0xFF, 0xFF, 0xFF,
    0xFF, 0xFF, 0xFF, 0xFF, 0xFF, 0xFF, 0xFF, 0xFF, 0xFF, 0xFF, 0xFF, 0xFF, 0xFF, 0xFF, 0xFF, 0xFF,
    0xFD, 0xFF, 0xFF, 0xFE, 0xE9, 0xAF, 0x5F, 0x27, 0x0D, 0x05, 0x00, 0x01, 0x00, 0x00, 0x00, 0x00,
    0x00, 0x00, 0x00, 0x00, 0x01, 0x00, 0x04, 0x03, 0x15, 0x56, 0xBA, 0xF8, 0xFF, 0xFD, 0xFF, 0xFE,
    0xFF, 0xFF, 0xFF, 0xFF, 0xFF, 0xFF, 0xFF, 0xFF, 0xFF, 0xFF, 0xFF, 0xFF, 0xFF, 0xFF, 0xFF, 0xFF,
    0xFF, 0xFF, 0xFF, 0xFF, 0xFF, 0xFF, 0xFF, 0xFF, 0xFF, 0xFF, 0xFF, 0xFF, 0xFF, 0xFF, 0xFF, 0xFF,
    0xFF, 0xFF, 0xFF, 0xFF, 0xFF, 0xFF, 0xFF, 0xFF, 0xFF, 0xFF, 0xFF, 0xFF, 0xFF, 0xFF, 0xFF, 0xFE,
    0xFC, 0xFE, 0xFF, 0xF3, 0xC0, 0x7E, 0x3F, 0x18, 0x06, 0x03, 0x00, 0x01, 0x00, 0x00, 0x00, 0x00,
    0x00, 0x00, 0x00, 0x00, 0x01, 0x00, 0x04, 0x03, 0x15, 0x58, 0xBD, 0xF8, 0xFF, 0xFD, 0xFF, 0xFE,
    0xFF, 0xFF, 0xFF, 0xFF, 0xFF, 0xFF, 0xFF, 0xFF, 0xFF, 0xFF, 0xFF, 0xFF, 0xFF, 0xFF, 0xFF, 0xFF,
    0xFF, 0xFF, 0xFF, 0xFF, 0xFF, 0xFF, 0xFF, 0xFF, 0xFF, 0xFF, 0xFF, 0xFF, 0xFF, 0xFF, 0xFF, 0xFF,
    0xFF, 0xFF, 0xFF, 0xFF, 0xFF, 0xFF, 0xFF, 0xFF, 0xFF, 0xFF, 0xFF, 0xFF, 0xFF, 0xFF, 0xFE, 0xFE,
    0xFD, 0xFF, 0xFC, 0xDE, 0x95, 0x54, 0x28, 0x11, 0x03, 0x01, 0x00, 0x01, 0x00, 0x00, 0x00, 0x00,
    0x00, 0x00, 0x00, 0x00, 0x01, 0x00, 0x04, 0x05, 0x1B, 0x66, 0xD0, 0xFD, 0xFF, 0xFB, 0xFE, 0xFF,
    0xFF, 0xFF, 0xFF, 0xFF, 0xFF, 0xFF, 0xFF, 0xFF, 0xFF, 0xFF, 0xFF, 0xFF, 0xFF, 0xFF, 0xFF, 0xFF,
    0xFF, 0xFF, 0xFF, 0xFF, 0xFF, 0xFF, 0xFF, 0xFF, 0xFF, 0xFF, 0xFF, 0xFF, 0xFF, 0xFF, 0xFF, 0xFF,
    0xFF, 0xFF, 0xFF, 0xFF, 0xFF, 0xFF, 0xFF, 0xFF, 0xFF, 0xFF, 0xFF, 0xFF, 0xFF, 0xFF, 0xFD, 0xFD,
    0xFD, 0xFD, 0xE8, 0xB7, 0x6B, 0x32, 0x14, 0x09, 0x00, 0x00, 0x00, 0x00, 0x00, 0x00, 0x00, 0x00,
    0x00, 0x00, 0x00, 0x00, 0x01, 0x00, 0x04, 0x0C, 0x2E, 0x7C, 0xE0, 0xFF, 0xFF, 0xFA, 0xFE, 0xFF,
    0xFF, 0xFF, 0xFF, 0xFF, 0xFF, 0xFF, 0xFF, 0xFF, 0xFF, 0xFF, 0xFF, 0xFF, 0xFF, 0xFF, 0xFF, 0xFF,
    0xFF, 0xFF, 0xFF, 0xFF, 0xFF, 0xFF, 0xFF, 0xFF, 0xFF, 0xFF, 0xFF, 0xFF, 0xFF, 0xFF, 0xFF, 0xFF,
    0xFF, 0xFF, 0xFF, 0xFF, 0xFF, 0xFF, 0xFF, 0xFF, 0xFF, 0xFF, 0xFF, 0xFF, 0xFF, 0xFF, 0xFD, 0xFF,
    0xFF, 0xF3, 0xC3, 0x85, 0x46, 0x1E, 0x0A, 0x05, 0x00, 0x00, 0x00, 0x00, 0x00, 0x00, 0x00, 0x00,
    0x00, 0x00, 0x00, 0x00, 0x02, 0x00, 0x02, 0x19, 0x4C, 0x98, 0xE8, 0xFF, 0xFF, 0xFA, 0xFE, 0xFF,
    0xFF, 0xFF, 0xFF, 0xFF, 0xFF, 0xFF, 0xFF, 0xFF, 0xFF, 0xFF, 0xFF, 0xFF, 0xFF, 0xFF, 0xFF, 0xFF,
    0xFF, 0xFF, 0xFF, 0xFF, 0xFF, 0xFF, 0xFF, 0xFF, 0xFF, 0xFF, 0xFF, 0xFF, 0xFF, 0xFF, 0xFF, 0xFF,
    0xFF, 0xFF, 0xFF, 0xFF, 0xFF, 0xFF, 0xFF, 0xFF, 0xFF, 0xFF, 0xFF, 0xFF, 0xFE, 0xFD, 0xFC, 0xFF,
    0xFA, 0xD5, 0x8D, 0x4E, 0x25, 0x10, 0x03, 0x02, 0x00, 0x00, 0x00, 0x00, 0x00, 0x00, 0x00, 0x00,
    0x00, 0x00, 0x00, 0x00, 0x02, 0x00, 0x02, 0x25, 0x69, 0xB2, 0xEF, 0xFF, 0xFF, 0xFC, 0xFE, 0xFF,
    0xFF, 0xFF, 0xFF, 0xFF, 0xFF, 0xFF, 0xFF, 0xFF, 0xFF, 0xFF, 0xFF, 0xFF, 0xFF, 0xFF, 0xFF, 0xFF,
    0xFF, 0xFF, 0xFF, 0xFF, 0xFF, 0xFF, 0xFF, 0xFF, 0xFF, 0xFF, 0xFF, 0xFF, 0xFF, 0xFF, 0xFF, 0xFF,
    0xFF, 0xFF, 0xFF, 0xFF, 0xFF, 0xFF, 0xFF, 0xFF, 0xFF, 0xFF, 0xFE, 0xFE, 0xFE, 0xFF, 0xFF, 0xFA,
    0xDA, 0xA2, 0x5B, 0x2B, 0x12, 0x0A, 0x01, 0x01, 0x00, 0x00, 0x00, 0x00, 0x00, 0x00, 0x00, 0x00,
    0x00, 0x00, 0x01, 0x00, 0x03, 0x00, 0x04, 0x32, 0x85, 0xCC, 0xF7, 0xFF, 0xFF, 0xFD, 0xFE, 0xFF,
    0xFF, 0xFF, 0xFF, 0xFF, 0xFF, 0xFF, 0xFF, 0xFF, 0xFF, 0xFF, 0xFF, 0xFF, 0xFF, 0xFF, 0xFF, 0xFF,
    0xFF, 0xFF, 0xFF, 0xFF, 0xFF, 0xFF, 0xFF, 0xFF, 0xFF, 0xFF, 0xFF, 0xFF, 0xFF, 0xFF, 0xFF, 0xFF,
    0xFF, 0xFF, 0xFF, 0xFF, 0xFF, 0xFF, 0xFF, 0xFF, 0xFF, 0xFF, 0xFD, 0xFC, 0xFC, 0xFF, 0xFE, 0xDE,
    0x9F, 0x61, 0x32, 0x17, 0x07, 0x03, 0x00, 0x00, 0x00, 0x00, 0x00, 0x00, 0x00, 0x00, 0x00, 0x00,
    0x00, 0x00, 0x01, 0x00, 0x03, 0x00, 0x06, 0x3E, 0x9E, 0xE4, 0xFC, 0xFE, 0xFF, 0xFD, 0xFE, 0xFF,
    0xFF, 0xFF, 0xFF, 0xFF, 0xFF, 0xFF, 0xFF, 0xFF, 0xFF, 0xFF, 0xFF, 0xFF, 0xFF, 0xFF, 0xFF, 0xFF,
    0xFF, 0xFF, 0xFF, 0xFF, 0xFF, 0xFF, 0xFF, 0xFF, 0xFF, 0xFF, 0xFF, 0xFF, 0xFF, 0xFF, 0xFF, 0xFF,
    0xFF, 0xFF, 0xFF, 0xFF, 0xFF, 0xFF, 0xFF, 0xFF, 0xFE, 0xFF, 0xFF, 0xFF, 0xFF, 0xF8, 0xDD, 0xAA,
    0x65, 0x33, 0x1A, 0x0F, 0x04, 0x01, 0x00, 0x00, 0x00, 0x00, 0x00, 0x00, 0x00, 0x00, 0x00, 0x00,
    0x00, 0x00, 0x01, 0x00, 0x04, 0x00, 0x0B, 0x4D, 0xB9, 0xF9, 0xFF, 0xFC, 0xFF, 0xFE, 0xFF, 0xFF,
    0xFF, 0xFF, 0xFF, 0xFF, 0xFE, 0xFE, 0xFD, 0xFD, 0xFE, 0xFE, 0xFF, 0xFF, 0xFF, 0xFF, 0xFF, 0xFF,
    0xFF, 0xFF, 0xFF, 0xFF, 0xFF, 0xFF, 0xFF, 0xFF, 0xFF, 0xFF, 0xFF, 0xFF, 0xFF, 0xFF, 0xFF, 0xFF,
    0xFF, 0xFF, 0xFF, 0xFF, 0xFF, 0xFF, 0xFE, 0xFD, 0xFB, 0xFC, 0xFF, 0xFF, 0xF8, 0xD6, 0x9C, 0x64,
    0x37, 0x1B, 0x0A, 0x05, 0x00, 0x00, 0x00, 0x00, 0x00, 0x00, 0x00, 0x00, 0x00, 0x00, 0x00, 0x00,
    0x00, 0x00, 0x01, 0x00, 0x04, 0x02, 0x15, 0x5E, 0xCC, 0xFF, 0xFF, 0xFA, 0xFF, 0xFE, 0xFF, 0xFE,
    0xFE, 0xFE, 0xFE, 0xFE, 0xFF, 0xFF, 0xFF, 0xFF, 0xFF, 0xFF, 0xFE, 0xFE, 0xFE, 0xFF, 0xFF, 0xFF,
    0xFF, 0xFF, 0xFF, 0xFF, 0xFF, 0xFF, 0xFF, 0xFF, 0xFF, 0xFF, 0xFF, 0xFF, 0xFF, 0xFF, 0xFF, 0xFF,
    0xFF, 0xFF, 0xFF, 0xFE, 0xFE, 0xFE, 0xFF, 0xFF, 0xFF, 0xFF, 0xFC, 0xEE, 0xCE, 0x9D, 0x5E, 0x32,
    0x1A, 0x10, 0x05, 0x02, 0x00, 0x00, 0x00, 0x00, 0x00, 0x00, 0x00, 0x00, 0x00, 0x00, 0x00, 0x00,
    0x00, 0x00, 0x01, 0x00, 0x03, 0x0A, 0x2A, 0x76, 0xDB, 0xFF, 0xFF, 0xFA, 0xFE, 0xFE, 0xFE, 0xFD,
    0xFC, 0xFC, 0xFB, 0xFB, 0xFC, 0xFE, 0xFF, 0xFF, 0xFF, 0xFD, 0xFB, 0xFB, 0xFD, 0xFE, 0xFE, 0xFF,
    0xFF, 0xFF, 0xFF, 0xFF, 0xFF, 0xFF, 0xFF, 0xFF, 0xFF, 0xFF, 0xFF, 0xFF, 0xFF, 0xFF, 0xFF, 0xFF,
    0xFE, 0xFE, 0xFD, 0xFC, 0xFB, 0xFB, 0xFC, 0xFF, 0xFF, 0xFF, 0xE2, 0xB7, 0x85, 0x56, 0x2F, 0x19,
    0x09, 0x05, 0x00, 0x00, 0x00, 0x00, 0x00, 0x00, 0x00, 0x00, 0x00, 0x00, 0x00, 0x00, 0x00, 0x00,
    0x00, 0x00, 0x01, 0x00, 0x03, 0x14, 0x42, 0x8E, 0xE3, 0xFD, 0xFE, 0xF9, 0xFE, 0xFF, 0xFF, 0xFF,
    0xFF, 0xFF, 0xFF, 0xFF, 0xFF, 0xFF, 0xFC, 0xFB, 0xFF, 0xFF, 0xFF, 0xFF, 0xFF, 0xFF, 0xFF, 0xFE,
    0xFE, 0xFE, 0xFE, 0xFE, 0xFE, 0xFE, 0xFE, 0xFE, 0xFE, 0xFE, 0xFE, 0xFE, 0xFE, 0xFE, 0xFE, 0xFE,
    0xFF, 0xFF, 0xFF, 0xFF, 0xFF, 0xFF, 0xFF, 0xF9, 0xED, 0xD5, 0xAB, 0x79, 0x47, 0x27, 0x15, 0x0E,
    0x04, 0x02, 0x00, 0x00, 0x00, 0x00, 0x00, 0x00, 0x00, 0x00, 0x00, 0x00, 0x00, 0x00, 0x00, 0x00,
    0x01, 0x00, 0x02, 0x00, 0x02, 0x20, 0x5F, 0xA9, 0xEA, 0xFB, 0xFB, 0xF7, 0xFB, 0xFD, 0xFF, 0xFF,
    0xFF, 0xFF, 0xFF, 0xFF, 0xFF, 0xEF, 0xE0, 0xDF, 0xEB, 0xFB, 0xFF, 0xFF, 0xFF, 0xFF, 0xFD, 0xFB,
    0xFA, 0xFB, 0xFB, 0xFC, 0xFC, 0xFC, 0xFD, 0xFD, 0xFD, 0xFD, 0xFC, 0xFC, 0xFC, 0xFB, 0xFB, 0xFB,
    0xFC, 0xFE, 0xFF, 0xFF, 0xFF, 0xFF, 0xF5, 0xD7, 0xAF, 0x87, 0x60, 0x3F, 0x21, 0x11, 0x07, 0x04,
    0x00, 0x00, 0x00, 0x00, 0x00, 0x00, 0x00, 0x00, 0x00, 0x00, 0x00, 0x00, 0x00, 0x00, 0x00, 0x00,
    0x01, 0x00, 0x02, 0x00, 0x02, 0x2E, 0x7D, 0xC8, 0xF8, 0xFF, 0xFF, 0xFF, 0xFF, 0xFF, 0xFD, 0xF9,
    0xF2, 0xED, 0xE7, 0xDC, 0xCC, 0xB8, 0xA6, 0xA3, 0xB1, 0xC8, 0xDF, 0xED, 0xF6, 0xFD, 0xFF, 0xFF,
    0xFF, 0xFF, 0xFF, 0xFF, 0xFF, 0xFF, 0xFF, 0xFF, 0xFF, 0xFF, 0xFF, 0xFF, 0xFF, 0xFF, 0xFF, 0xFF,
    0xFF, 0xFF, 0xFB, 0xF5, 0xEB, 0xDD, 0xC2, 0x9B, 0x6C, 0x46, 0x2A, 0x1A, 0x0F, 0x0A, 0x04, 0x01,
    0x00, 0x00, 0x00, 0x00, 0x00, 0x00, 0x00, 0x00, 0x00, 0x00, 0x00, 0x00, 0x00, 0x00, 0x00, 0x00,
    0x01, 0x00, 0x03, 0x00, 0x03, 0x39, 0x97, 0xDF, 0xFF, 0xFF, 0xFF, 0xFF, 0xFF, 0xF6, 0xE6, 0xD6,
    0xC1, 0xAE, 0x98, 0x85, 0x73, 0x63, 0x58, 0x54, 0x5C, 0x6F, 0x8D, 0xAD, 0xCC, 0xE5, 0xFA, 0xFF,
    0xFF, 0xFF, 0xFF, 0xFF, 0xFF, 0xFF, 0xFF, 0xFF, 0xFF, 0xFF, 0xFF, 0xFF, 0xFF, 0xFF, 0xFF, 0xFF,
    0xFF, 0xF4, 0xE0, 0xC8, 0xA9, 0x8C, 0x6D, 0x51, 0x34, 0x1F, 0x10, 0x08, 0x03, 0x02, 0x00, 0x00,
    0x00, 0x00, 0x00, 0x00, 0x00, 0x00, 0x00, 0x00, 0x00, 0x00, 0x00, 0x00, 0x00, 0x00, 0x00, 0x00,
    0x01, 0x00, 0x03, 0x00, 0x04, 0x42, 0xA7, 0xE8, 0xF5, 0xED, 0xE8, 0xDF, 0xD0, 0xC0, 0xAC, 0x98,
    0x80, 0x69, 0x50, 0x3E, 0x2F, 0x26, 0x21, 0x1D, 0x20, 0x2D, 0x46, 0x66, 0x8B, 0xA8, 0xC2, 0xD3,
    0xE1, 0xE7, 0xEC, 0xEF, 0xF2, 0xF4, 0xF6, 0xF6, 0xF6, 0xF6, 0xF4, 0xF2, 0xEE, 0xEB, 0xE6, 0xDF,
    0xCF, 0xBE, 0xA5, 0x88, 0x64, 0x47, 0x2E, 0x1F, 0x13, 0x0D, 0x07, 0x04, 0x02, 0x01, 0x00, 0x00,
    0x00, 0x00, 0x00, 0x00, 0x00, 0x00, 0x00, 0x00, 0x00, 0x00, 0x00, 0x00, 0x00, 0x00, 0x00, 0x00,
    0x01, 0x00, 0x03, 0x00, 0x05, 0x41, 0x9F, 0xD2, 0xC8, 0xAE, 0x9D, 0x8B, 0x78, 0x69, 0x59, 0x4B,
    0x3B, 0x2E, 0x21, 0x18, 0x0F, 0x0C, 0x09, 0x07, 0x09, 0x0F, 0x1B, 0x2B, 0x40, 0x51, 0x64, 0x75,
    0x88, 0x98, 0xA9, 0xB5, 0xC0, 0xC6, 0xCB, 0xCC, 0xCC, 0xCB, 0xC6, 0xBF, 0xB4, 0xA8, 0x97, 0x87,
    0x76, 0x66, 0x53, 0x41, 0x2D, 0x1D, 0x10, 0x09, 0x04, 0x02, 0x00, 0x00, 0x00, 0x00, 0x00, 0x00,
    0x00, 0x00, 0x00, 0x00, 0x00, 0x00, 0x00, 0x00, 0x00, 0x00, 0x00, 0x00, 0x00, 0x00, 0x00, 0x00,
    0x01, 0x00, 0x02, 0x01, 0x06, 0x31, 0x72, 0x92, 0x83, 0x69, 0x56, 0x43, 0x33, 0x29, 0x1F, 0x18,
    0x12, 0x0E, 0x0A, 0x08, 0x06, 0x05, 0x04, 0x03, 0x05, 0x06, 0x08, 0x0B, 0x11, 0x18, 0x21, 0x2E,
    0x3E, 0x4F, 0x61, 0x70, 0x7B, 0x82, 0x88, 0x8A, 0x8A, 0x88, 0x82, 0x7B, 0x6F, 0x61, 0x4F, 0x3F,
    0x31, 0x26, 0x1C, 0x15, 0x0F, 0x0B, 0x07, 0x04, 0x03, 0x01, 0x00, 0x00, 0x00, 0x00, 0x00, 0x00,
    0x00, 0x00, 0x00, 0x00, 0x00, 0x00, 0x00, 0x00, 0x00, 0x00, 0x00, 0x00, 0x00, 0x00, 0x00, 0x00,
    0x00, 0x00, 0x01, 0x02, 0x06, 0x18, 0x30, 0x3D, 0x39, 0x2E, 0x24, 0x1A, 0x12, 0x0C, 0x07, 0x04,
    0x02, 0x02, 0x00, 0x00, 0x00, 0x00, 0x00, 0x00, 0x00, 0x00, 0x00, 0x00, 0x02, 0x04, 0x08, 0x0F,
    0x17, 0x1F, 0x28, 0x30, 0x35, 0x39, 0x3C, 0x3F, 0x3F, 0x3D, 0x3A, 0x36, 0x30, 0x28, 0x20, 0x18,
    0x11, 0x0B, 0x07, 0x04, 0x01, 0x01, 0x00, 0x00, 0x00, 0x00, 0x00, 0x00, 0x00, 0x00, 0x00, 0x00,
    0x00, 0x00, 0x00, 0x00, 0x00, 0x00, 0x00, 0x00, 0x00, 0x00, 0x00, 0x00, 0x00, 0x00, 0x00, 0x00,
    0x00, 0x00, 0x00, 0x02, 0x05, 0x06, 0x06, 0x09, 0x0C, 0x0E, 0x0C, 0x09, 0x07, 0x05, 0x03, 0x02,
    0x02, 0x02, 0x01, 0x01, 0x01, 0x01, 0x01, 0x01, 0x01, 0x01, 0x02, 0x02, 0x02, 0x03, 0x04, 0x06,
    0x08, 0x09, 0x0A, 0x0C, 0x0D, 0x0E, 0x0F, 0x10, 0x10, 0x10, 0x0F, 0x0E, 0x0D, 0x0B, 0x0A, 0x08,
    0x07, 0x05, 0x04, 0x03, 0x01, 0x01, 0x01, 0x01, 0x01, 0x01, 0x00, 0x00, 0x00, 0x00, 0x00, 0x00,
    0x00, 0x00, 0x00, 0x00, 0x00, 0x00, 0x00, 0x00, 0x00, 0x00, 0x00, 0x00, 0x00, 0x00, 0x00, 0x00,
    0x00, 0x00, 0x00, 0x01, 0x02, 0x01, 0x00, 0x00, 0x00, 0x01, 0x01, 0x00, 0x00, 0x00, 0x00, 0x00,
    0x00, 0x00, 0x00, 0x00, 0x00, 0x00, 0x00, 0x00, 0x00, 0x00, 0x00, 0x00, 0x00, 0x00, 0x00, 0x00,
    0x00, 0x00, 0x00, 0x00, 0x00, 0x00, 0x01, 0x01, 0x01, 0x01, 0x00, 0x00, 0x00, 0x00, 0x00, 0x00,
    0x00, 0x00, 0x00, 0x00, 0x00, 0x00, 0x00, 0x00, 0x00, 0x00, 0x00, 0x00, 0x00, 0x00, 0x00, 0x00,
    0x00, 0x00, 0x00, 0x00, 0x00, 0x00, 0x00, 0x00, 0x00, 0x00, 0x00, 0x00, 0x00, 0x00, 0x00, 0x00,
    0x00, 0x00, 0x00, 0x00, 0x00, 0x01, 0x03, 0x03, 0x02, 0x01, 0x01, 0x02, 0x01, 0x01, 0x01, 0x01,
    0x01, 0x01, 0x01, 0x00, 0x00, 0x00, 0x00, 0x00, 0x00, 0x00, 0x00, 0x01, 0x01, 0x01, 0x01, 0x01,
    0x01, 0x01, 0x02, 0x02, 0x02, 0x02, 0x02, 0x02, 0x02, 0x02, 0x02, 0x02, 0x02, 0x02, 0x01, 0x01,
    0x01, 0x01, 0x01, 0x01, 0x01, 0x00, 0x00, 0x00, 0x00, 0x00, 0x00, 0x00, 0x00, 0x00, 0x00, 0x00,
    0x00, 0x00, 0x00, 0x00, 0x00, 0x00, 0x00, 0x00, 0x00, 0x00, 0x00, 0x00, 0x00, 0x00, 0x00, 0x00,
    0x00, 0x00, 0x00, 0x00, 0x00, 0x00, 0x00, 0x00, 0x00, 0x00, 0x00, 0x00, 0x00, 0x00, 0x00, 0x00,
    0x00, 0x00, 0x00, 0x00, 0x00, 0x00, 0x00, 0x00, 0x00, 0x00, 0x00, 0x00, 0x00, 0x00, 0x00, 0x00,
    0x00, 0x00, 0x00, 0x00, 0x00, 0x00, 0x00, 0x00, 0x00, 0x00, 0x00, 0x00, 0x00, 0x00, 0x00, 0x00,
    0x00, 0x00, 0x00, 0x00, 0x00, 0x00, 0x00, 0x00, 0x00, 0x00, 0x00, 0x00, 0x00, 0x00, 0x00, 0x00,
    0x00, 0x00, 0x00, 0x00, 0x00, 0x00, 0x00, 0x00, 0x00, 0x00, 0x00, 0x00, 0x00, 0x00, 0x00, 0x00,
    0x00, 0x00, 0x00, 0x00, 0x00, 0x00, 0x01, 0x01, 0x01, 0x01, 0x01, 0x00, 0x00, 0x00, 0x00, 0x00,
    0x00, 0x00, 0x00, 0x00, 0x00, 0x00, 0x00, 0x00, 0x00, 0x00, 0x00, 0x00, 0x00, 0x00, 0x00, 0x00,
    0x01, 0x01, 0x01, 0x01, 0x01, 0x01, 0x01, 0x01, 0x01, 0x01, 0x01, 0x01, 0x01, 0x01, 0x01, 0x01,
    0x00, 0x00, 0x00, 0x00, 0x00, 0x00, 0x00, 0x00, 0x00, 0x00, 0x00, 0x00, 0x00, 0x00, 0x00, 0x00,
    0x00, 0x00, 0x00, 0x00, 0x00, 0x00, 0x00, 0x00, 0x00, 0x00, 0x00, 0x00, 0x00, 0x00, 0x00, 0x00
};
#define APP_ICON_APPLE_MUSIC_W 80
#define APP_ICON_APPLE_MUSIC_H 80
// RGB565A8: 6400 RGB565 pixels (little-endian) followed by 6400 alpha bytes
static const uint8_t app_icon_apple_music_data[19200] = {
    0x00, 0x00, 0x00, 0x00, 0x00, 0x00, 0x00, 0x00, 0x00, 0x00, 0xE7, 0xB9, 0x6D, 0xFB, 0x00, 0x00,
    0x00, 0x00, 0x00, 0x00, 0x00, 0x00, 0x00, 0x00, 0x05, 0x59, 0xA8, 0x91, 0x0A, 0xB2, 0x4B, 0xCA,
    0x8C, 0xDA, 0x8D, 0xE2, 0xAD, 0xEA, 0xCE, 0xF2, 0xCE, 0xF2, 0xCE, 0xFA, 0xEE, 0xFA, 0xEE, 0xFA,
    0xEE, 0xFA, 0xEE, 0xFA, 0xEE, 0xFA, 0xEE, 0xFA, 0xEE, 0xFA, 0xEE, 0xFA, 0xEE, 0xFA, 0xEE, 0xFA,
    0xEE, 0xFA, 0xEE, 0xFA, 0xEE, 0xFA, 0xEE, 0xFA, 0xEE, 0xFA, 0xEE, 0xFA, 0xEE, 0xFA, 0xEE, 0xFA,
    0xEE, 0xFA, 0xEE, 0xFA, 0xEE, 0xFA, 0xEE, 0xFA, 0xEE, 0xFA, 0xEE, 0xFA, 0xEE, 0xFA, 0xEE, 0xFA,
    0xEE, 0xFA, 0xEE, 0xFA, 0xEE, 0xFA, 0xEE, 0xFA, 0xEE, 0xFA, 0xEE, 0xFA, 0xEE, 0xFA, 0xEE, 0xFA,
    0xEE, 0xFA, 0xEE, 0xFA, 0xCE, 0xFA, 0xCE, 0xF2, 0xCE, 0xF2, 0xAD, 0xEA, 0x8D, 0xE2, 0x6C, 0xDA,
    0x4B, 0xC2, 0x0A, 0xAA, 0x87, 0x89, 0xE4, 0x50, 0x00, 0x00, 0x00, 0x00, 0x00, 0x00, 0x00, 0x00,
    0x00, 0x00, 0xEB, 0xD9, 0xE7, 0x79, 0x00, 0x00, 0x00, 0x00, 0x00, 0x00, 0x00, 0x00, 0x00, 0x00,
    0x00, 0x00, 0x00, 0x00, 0x00, 0x00, 0x00, 0x00, 0x00, 0x00, 0x00, 0x00, 0x00, 0x00, 0x00, 0x00,
    0x68, 0x89, 0x0A, 0xAA, 0xE9, 0x99, 0xC9, 0x99, 0xE9, 0xA9, 0x2A, 0xBA, 0x4B, 0xCA, 0x6C, 0xDA,
    0x8D, 0xE2, 0xAD, 0xEA, 0xAE, 0xF2, 0xCE, 0xF2, 0xCE, 0xFA, 0xCE, 0xFA, 0xEE, 0xFA, 0xEE, 0xFA,
    0xEE, 0xFA, 0xEE, 0xFA, 0xEE, 0xFA, 0xEE, 0xFA, 0xEE, 0xFA, 0xEE, 0xFA, 0xEE, 0xFA, 0xEE, 0xFA,
    0xEE, 0xFA, 0xEE, 0xFA, 0xEE, 0xFA, 0xEE, 0xFA, 0xEE, 0xFA, 0xEE, 0xFA, 0xEE, 0xFA, 0xEE, 0xFA,
    0xEE, 0xFA, 0xEE, 0xFA, 0xEE, 0xFA, 0xEE, 0xFA, 0xEE, 0xFA, 0xEE, 0xFA, 0xEE, 0xFA, 0xEE, 0xFA,
    0xEE, 0xFA, 0xEE, 0xFA, 0xEE, 0xFA, 0xEE, 0xFA, 0xEE, 0xFA, 0xEE, 0xFA, 0xEE, 0xFA, 0xEE, 0xFA,
    0xEE, 0xFA, 0xEE, 0xFA, 0xCE, 0xFA, 0xCE, 0xFA, 0xCE, 0xF2, 0xCE, 0xF2, 0xAD, 0xEA, 0x8D, 0xE2,
    0x6C, 0xD2, 0x4B, 0xCA, 0x0A, 0xB2, 0xE9, 0xA1, 0xC9, 0x99, 0xC9, 0xA1, 0xE9, 0xA1, 0x65, 0x79,
    0x00, 0x00, 0x00, 0x00, 0x00, 0x00, 0x00, 0x00, 0x00, 0x00, 0x00, 0x00, 0x00, 0x00, 0x00, 0x00,
    0x00, 0x00, 0x00, 0x00, 0x00, 0x00, 0xEF, 0xFB, 0xFF, 0xFF, 0x00, 0x00, 0x00, 0x00, 0x41, 0x18,
    0xC9, 0xA1, 0x6C, 0xD2, 0x8D, 0xE2, 0xAD, 0xEA, 0xAD, 0xEA, 0xAD, 0xEA, 0xAD, 0xEA, 0xAD, 0xF2,
    0xCE, 0xF2, 0xCE, 0xF2, 0xCE, 0xFA, 0xCE, 0xFA, 0xCE, 0xFA, 0xCE, 0xFA, 0xCE, 0xFA, 0xCE, 0xFA,
    0xCE, 0xFA, 0xCE, 0xFA, 0xCE, 0xFA, 0xCE, 0xFA, 0xCE, 0xFA, 0xCE, 0xFA, 0xCE, 0xFA, 0xCE, 0xFA,
    0xCE, 0xFA, 0xCE, 0xFA, 0xCE, 0xFA, 0xCE, 0xFA, 0xCE, 0xFA, 0xCE, 0xFA, 0xCE, 0xFA, 0xCE, 0xFA,
    0xCE, 0xFA, 0xCE, 0xFA, 0xCE, 0xFA, 0xCE, 0xFA, 0xCE, 0xFA, 0xCE, 0xFA, 0xCE, 0xFA, 0xCE, 0xFA,
    0xCE, 0xFA, 0xCE, 0xFA, 0xCE, 0xFA, 0xCE, 0xFA, 0xCE, 0xFA, 0xCE, 0xFA, 0xCE, 0xFA, 0xCE, 0xFA,
    0xCE, 0xFA, 0xCE, 0xFA, 0xCE, 0xFA, 0xCE, 0xFA, 0xCE, 0xFA, 0xCE, 0xF2, 0xCE, 0xF2, 0xCE, 0xF2,
    0xAD, 0xF2, 0xAD, 0xEA, 0xAD, 0xEA, 0xAD, 0xEA, 0xCD, 0xEA, 0x8D, 0xE2, 0x2B, 0xC2, 0x88, 0x89,
    0x00, 0x00, 0x00, 0x00, 0x00, 0x00, 0xFF, 0xFF, 0x0F, 0xF8, 0x00, 0x00, 0x00, 0x00, 0x00, 0x00,
    0x00, 0x00, 0x00, 0x00, 0xFF, 0xFF, 0x00, 0x00, 0x00, 0x00, 0x61, 0x28, 0x88, 0x89, 0xEA, 0xA9,
    0x4B, 0xCA, 0xAD, 0xEA, 0x0F, 0xFB, 0x50, 0xFB, 0x30, 0xFB, 0x0F, 0xFB, 0x0F, 0xFB, 0xEF, 0xFA,
    0xEE, 0xFA, 0xEE, 0xFA, 0xEE, 0xFA, 0xCE, 0xFA, 0xCE, 0xFA, 0xCE, 0xFA, 0xCE, 0xFA, 0xCE, 0xFA,
    0xCE, 0xFA, 0xCE, 0xFA, 0xCE, 0xFA, 0xCE, 0xFA, 0xCE, 0xFA, 0xCE, 0xFA, 0xCE, 0xFA, 0xCE, 0xFA,
    0xCE, 0xFA, 0xCE, 0xFA, 0xCE, 0xFA, 0xCE, 0xFA, 0xCE, 0xFA, 0xCE, 0xFA, 0xCE, 0xFA, 0xCE, 0xFA,
    0xCE, 0xFA, 0xCE, 0xFA, 0xCE, 0xFA, 0xCE, 0xFA, 0xCE, 0xFA, 0xCE, 0xFA, 0xCE, 0xFA, 0xCE, 0xFA,
    0xCE, 0xFA, 0xCE, 0xFA, 0xCE, 0xFA, 0xCE, 0xFA, 0xCE, 0xFA, 0xCE, 0xFA, 0xCE, 0xFA, 0xCE, 0xFA,
    0xCE, 0xFA, 0xCE, 0xFA, 0xCE, 0xFA, 0xCE, 0xFA, 0xCE, 0xFA, 0xEE, 0xFA, 0xEE, 0xFA, 0xEE, 0xFA,
    0xEF, 0xFA, 0x0F, 0xFB, 0x0F, 0xFB, 0x30, 0xFB, 0x50, 0xFB, 0x0F, 0xFB, 0x6C, 0xDA, 0x2A, 0xBA,
    0xE9, 0xA9, 0xA9, 0x99, 0x00, 0x00, 0x00, 0x00, 0x00, 0x00, 0xEF, 0xFB, 0x00, 0x00, 0x00, 0x00,
    0x00, 0x00, 0x00, 0xF8, 0x5F, 0xFD, 0x00, 0x00, 0x00, 0x00, 0x26, 0x69, 0x4C, 0xD2, 0xAD, 0xF2,
    0xCD, 0xF2, 0xCE, 0xFA, 0xEF, 0xFA, 0x0F, 0xFB, 0xEF, 0xFA, 0xEE, 0xFA, 0xEE, 0xFA, 0xEE, 0xFA,
    0xEE, 0xFA, 0xCE, 0xFA, 0xCE, 0xFA, 0xCE, 0xFA, 0xCE, 0xFA, 0xCE, 0xFA, 0xCE, 0xFA, 0xCE, 0xFA,
    0xCE, 0xFA, 0xCE, 0xFA, 0xCE, 0xFA, 0xCE, 0xFA, 0xCE, 0xFA, 0xCE, 0xFA, 0xCE, 0xFA, 0xCE, 0xFA,
    0xCE, 0xFA, 0xCE, 0xFA, 0xCE, 0xFA, 0xCE, 0xFA, 0xCE, 0xFA, 0xCE, 0xFA, 0xCE, 0xFA, 0xCE, 0xFA,
    0xCE, 0xFA, 0xCE, 0xFA, 0xCE, 0xFA, 0xCE, 0xFA, 0xCE, 0xFA, 0xCE, 0xFA, 0xCE, 0xFA, 0xCE, 0xFA,
    0xCE, 0xFA, 0xCE, 0xFA, 0xCE, 0xFA, 0xCE, 0xFA, 0xCE, 0xFA, 0xCE, 0xFA, 0xCE, 0xFA, 0xCE, 0xFA,
    0xCE, 0xFA, 0xCE, 0xFA, 0xCE, 0xFA, 0xCE, 0xFA, 0xCE, 0xFA, 0xCE, 0xFA, 0xCE, 0xFA, 0xEE, 0xFA,
    0xEE, 0xFA, 0xEE, 0xFA, 0xEE, 0xFA, 0x0F, 0xFB, 0x0F, 0xFB, 0xEF, 0xFA, 0xCE, 0xF2, 0xAD, 0xF2,
    0xAD, 0xEA, 0x4B, 0xCA, 0x05, 0x61, 0x00, 0x00, 0x00, 0x00, 0xF7, 0xFD, 0x00, 0xF8, 0x00, 0x00,
    0xAA, 0xFA, 0x00, 0x00, 0x00, 0x00, 0x63, 0x38, 0x26, 0x71, 0x0A, 0xB2, 0x8D, 0xEA, 0x0F, 0xFB,
    0x0F, 0xFB, 0xCE, 0xFA, 0xCE, 0xFA, 0xCE, 0xF2, 0xCE, 0xFA, 0xCE, 0xFA, 0xCE, 0xFA, 0xCE, 0xFA,
    0xCE, 0xFA, 0xCE, 0xFA, 0xCE, 0xFA, 0xCE, 0xFA, 0xCE, 0xFA, 0xCE, 0xFA, 0xCE, 0xFA, 0xCE, 0xFA,
    0xCE, 0xFA, 0xCE, 0xFA, 0xCE, 0xFA, 0xCE, 0xFA, 0xCE, 0xFA, 0xCE, 0xFA, 0xCE, 0xFA, 0xCE, 0xFA,
    0xCE, 0xFA, 0xCE, 0xFA, 0xCE, 0xFA, 0xCE, 0xFA, 0xCE, 0xFA, 0xCE, 0xFA, 0xCE, 0xFA, 0xCE, 0xFA,
    0xCE, 0xFA, 0xCE, 0xFA, 0xCE, 0xFA, 0xCE, 0xFA, 0xCE, 0xFA, 0xCE, 0xFA, 0xCE, 0xFA, 0xCE, 0xFA,
    0xCE, 0xFA, 0xCE, 0xFA, 0xCE, 0xFA, 0xCE, 0xFA, 0xCE, 0xFA, 0xCE, 0xFA, 0xCE, 0xFA, 0xCE, 0xFA,
    0xCE, 0xFA, 0xCE, 0xFA, 0xCE, 0xFA, 0xCE, 0xFA, 0xCE, 0xFA, 0xCE, 0xFA, 0xCE, 0xFA, 0xCE, 0xFA,
    0xCE, 0xFA, 0xCE, 0xFA, 0xCE, 0xFA, 0xCD, 0xFA, 0xCE, 0xFA, 0xCE, 0xFA, 0xEE, 0xFA, 0x0F, 0xFB,
    0x0F, 0xFB, 0x8C, 0xE2, 0xE9, 0xB1, 0x67, 0x81, 0xE7, 0x50, 0x00, 0x00, 0x00, 0x00, 0xAA, 0xAA,
    0xFF, 0xFF, 0x00, 0x00, 0x00, 0x00, 0x87, 0x81, 0x4B, 0xD2, 0xAD, 0xEA, 0xCE, 0xFA, 0xEE, 0xFA,
    0xEE, 0xFA, 0xCE, 0xFA, 0xCE, 0xFA, 0xCE, 0xFA, 0xCE, 0xFA, 0xCE, 0xFA, 0xCE, 0xFA, 0xCE, 0xFA,
    0xCE, 0xFA, 0xCE, 0xFA, 0xCE, 0xFA, 0xCE, 0xFA, 0xCE, 0xFA, 0xCE, 0xFA, 0xCE, 0xFA, 0xCE, 0xFA,
    0xCE, 0xFA, 0xCE, 0xFA, 0xCE, 0xFA, 0xCE, 0xFA, 0xCE, 0xFA, 0xCE, 0xFA, 0xCE, 0xFA, 0xCE, 0xFA,
    0xCE, 0xFA, 0xCE, 0xFA, 0xCE, 0xFA, 0xCE, 0xFA, 0xCE, 0xFA, 0xCE, 0xFA, 0xCE, 0xFA, 0xCE, 0xFA,
    0xCE, 0xFA, 0xCE, 0xFA, 0xCE, 0xFA, 0xCE, 0xFA, 0xCE, 0xFA, 0xCE, 0xFA, 0xCE, 0xFA, 0xCE, 0xFA,
    0xCE, 0xFA, 0xCE, 0xFA, 0xCE, 0xFA, 0xCE, 0xFA, 0xCE, 0xFA, 0xCE, 0xFA, 0xCE, 0xFA, 0xCE, 0xFA,
    0xCE, 0xFA, 0xCE, 0xFA, 0xCE, 0xFA, 0xCE, 0xFA, 0xCE, 0xFA, 0xCE, 0xFA, 0xCE, 0xFA, 0xCE, 0xFA,
    0xCE, 0xFA, 0xCE, 0xFA, 0xCE, 0xFA, 0xCE, 0xFA, 0xCD, 0xFA, 0xCE, 0xFA, 0xCE, 0xFA, 0xEE, 0xFA,
    0xEE, 0xFA, 0xCD, 0xFA, 0x8C, 0xE2, 0x4B, 0xD2, 0xA8, 0x91, 0x00, 0x00, 0x00, 0x00, 0xF7, 0xFD,
    0x00, 0x00, 0xEF, 0xB9, 0x26, 0x69, 0xC9, 0xA9, 0x8D, 0xEA, 0x0F, 0xFB, 0xEE, 0xFA, 0xAD, 0xFA,
    0xAD, 0xFA, 0xAD, 0xFA, 0xCE, 0xFA, 0xCE, 0xFA, 0xCE, 0xFA, 0xCE, 0xFA, 0xCE, 0xFA, 0xCE, 0xFA,
    0xCE, 0xFA, 0xCE, 0xFA, 0xCE, 0xFA, 0xCE, 0xFA, 0xCE, 0xFA, 0xCE, 0xFA, 0xCE, 0xFA, 0xCE, 0xFA,
    0xCE, 0xFA, 0xCE, 0xFA, 0xCE, 0xFA, 0xCE, 0xFA, 0xCE, 0xFA, 0xCE, 0xFA, 0xCE, 0xFA, 0xCE, 0xFA,
    0xCE, 0xFA, 0xCE, 0xFA, 0xCE, 0xFA, 0xCE, 0xFA, 0xCE, 0xFA, 0xCE, 0xFA, 0xCE, 0xFA, 0xCE, 0xFA,
    0xCE, 0xFA, 0xCE, 0xFA, 0xCE, 0xFA, 0xCE, 0xFA, 0xCE, 0xFA, 0xCE, 0xFA, 0xCE, 0xFA, 0xCE, 0xFA,
    0xCE, 0xFA, 0xCE, 0xFA, 0xCE, 0xFA, 0xCE, 0xFA, 0xCE, 0xFA, 0xCE, 0xFA, 0xCE, 0xFA, 0xCE, 0xFA,
    0xCE, 0xFA, 0xCE, 0xFA, 0xCE, 0xFA, 0xCE, 0xFA, 0xCE, 0xFA, 0xCE, 0xFA, 0xCE, 0xFA, 0xCE, 0xFA,
    0xCE, 0xFA, 0xCE, 0xFA, 0xCE, 0xFA, 0xCE, 0xFA, 0xCE, 0xFA, 0xCD, 0xFA, 0xAD, 0xFA, 0xAD, 0xFA,
    0xAD, 0xFA, 0xCE, 0xFA, 0xEE, 0xFA, 0x6C, 0xE2, 0xC8, 0xA1, 0x05, 0x61, 0x0A, 0x50, 0xFF, 0xFF,
    0x00, 0x00, 0x0B, 0xC2, 0xE9, 0xB1, 0x0B, 0xCA, 0x8D, 0xF2, 0xEE, 0xFA, 0xCE, 0xFA, 0xAD, 0xFA,
    0xAD, 0xFA, 0xAD, 0xFA, 0xAD, 0xFA, 0xAD, 0xFA, 0xAD, 0xFA, 0xAD, 0xFA, 0xAD, 0xFA, 0xAD, 0xFA,
    0xAD, 0xFA, 0xAD, 0xFA, 0xAD, 0xFA, 0xAD, 0xFA, 0xAD, 0xFA, 0xAD, 0xFA, 0xAD, 0xFA, 0xAD, 0xFA,
    0xAD, 0xFA, 0xAD, 0xFA, 0xAD, 0xFA, 0xAD, 0xFA, 0xAD, 0xFA, 0xAD, 0xFA, 0xAD, 0xFA, 0xAD, 0xFA,
    0xAD, 0xFA, 0xAD, 0xFA, 0xAD, 0xFA, 0xAD, 0xFA, 0xAD, 0xFA, 0xAD, 0xFA, 0xAD, 0xFA, 0xAD, 0xFA,
    0xAD, 0xFA, 0xAD, 0xFA, 0xAD, 0xFA, 0xAD, 0xFA, 0xAD, 0xFA, 0xAD, 0xFA, 0xAD, 0xFA, 0xCD, 0xFA,
    0xCE, 0xFA, 0xCE, 0xFA, 0xCE, 0xFA, 0xCE, 0xFA, 0xCE, 0xFA, 0xCE, 0xFA, 0xCE, 0xFA, 0xEE, 0xFA,
    0xEE, 0xFA, 0xCE, 0xFA, 0xCE, 0xFA, 0xAD, 0xFA, 0xAD, 0xFA, 0xAD, 0xFA, 0xAD, 0xFA, 0xAD, 0xFA,
    0xAD, 0xFA, 0xAD, 0xFA, 0xAD, 0xFA, 0xAD, 0xFA, 0xAD, 0xFA, 0xAD, 0xFA, 0xAD, 0xFA, 0xAD, 0xFA,
    0xAD, 0xFA, 0xCE, 0xFA, 0xEF, 0xFA, 0x8C, 0xEA, 0xE9, 0xB1, 0x87, 0x89, 0x26, 0x71, 0xEF, 0xFB,
    0x00, 0x00, 0xE8, 0xA1, 0x2B, 0xCA, 0x6C, 0xE2, 0xAD, 0xF2, 0xCD, 0xFA, 0xAD, 0xFA, 0xAD, 0xFA,
    0xAD, 0xFA, 0xAD, 0xFA, 0xAD, 0xFA, 0xAD, 0xFA, 0xAD, 0xFA, 0xAD, 0xFA, 0xAD, 0xFA, 0xAD, 0xFA,
    0xAD, 0xFA, 0xAD, 0xFA, 0xAD, 0xFA, 0xAD, 0xFA, 0xAD, 0xFA, 0xAD, 0xFA, 0xAD, 0xFA, 0xAD, 0xFA,
    0xAD, 0xFA, 0xAD, 0xFA, 0xAD, 0xFA, 0xAD, 0xFA, 0xAD, 0xFA, 0xAD, 0xFA, 0xAD, 0xFA, 0xAD, 0xFA,
    0xAD, 0xFA, 0xAD, 0xFA, 0xAD, 0xFA, 0xAD, 0xFA, 0xAD, 0xFA, 0xAD, 0xFA, 0xAD, 0xFA, 0xAD, 0xFA,
    0xAD, 0xFA, 0xAD, 0xFA, 0xAD, 0xFA, 0xAD, 0xFA, 0xAD, 0xFA, 0xCE, 0xFA, 0xCE, 0xFA, 0xAD, 0xFA,
    0xAD, 0xFA, 0xAD, 0xFA, 0xAD, 0xFA, 0x8D, 0xFA, 0x8D, 0xFA, 0x8D, 0xFA, 0x6D, 0xFA, 0x6C, 0xFA,
    0x6C, 0xFA, 0x8D, 0xFA, 0xAD, 0xFA, 0xAD, 0xFA, 0xAD, 0xFA, 0xAD, 0xFA, 0xAD, 0xFA, 0xAD, 0xFA,
    0xAD, 0xFA, 0xAD, 0xFA, 0xAD, 0xFA, 0xAD, 0xFA, 0xAD, 0xFA, 0xAD, 0xFA, 0xAD, 0xFA, 0xAD, 0xFA,
    0xAD, 0xFA, 0xAE, 0xFA, 0xCE, 0xFA, 0x8D, 0xEA, 0x4C, 0xD2, 0xE9, 0xB1, 0xA8, 0x89, 0x00, 0x00,
    0x00, 0x00, 0xA8, 0x99, 0x6C, 0xE2, 0xEF, 0xFA, 0xCE, 0xFA, 0xAD, 0xFA, 0xAD, 0xFA, 0xAD, 0xFA,
    0xAD, 0xFA, 0xAD, 0xFA, 0xAD, 0xFA, 0xAD, 0xFA, 0xAD, 0xFA, 0xAD, 0xFA, 0xAD, 0xFA, 0xAD, 0xFA,
    0xAD, 0xFA, 0xAD, 0xFA, 0xAD, 0xFA, 0xAD, 0xFA, 0xAD, 0xFA, 0xAD, 0xFA, 0xAD, 0xFA, 0xAD, 0xFA,
    0xAD, 0xFA, 0xAD, 0xFA, 0xAD, 0xFA, 0xAD, 0xFA, 0xAD, 0xFA, 0xAD, 0xFA, 0xAD, 0xFA, 0xAD, 0xFA,
    0xAD, 0xFA, 0xAD, 0xFA, 0xAD, 0xFA, 0xAD, 0xFA, 0xAD, 0xFA, 0xAD, 0xFA, 0xAD, 0xFA, 0xAD, 0xFA,
    0xAD, 0xFA, 0xCD, 0xFA, 0xCE, 0xFA, 0xCE, 0xFA, 0xCE, 0xFA, 0xCE, 0xFA, 0xCE, 0xFA, 0xCE, 0xFA,
    0xAD, 0xFA, 0xAD, 0xFA, 0x8D, 0xFA, 0x8D, 0xFA, 0x6C, 0xFA, 0x6C, 0xFA, 0x4C, 0xFA, 0x2C, 0xFA,
    0x2C, 0xFA, 0x4C, 0xFA, 0x8D, 0xFA, 0xAD, 0xFA, 0xAD, 0xFA, 0xAD, 0xFA, 0xAD, 0xFA, 0xAD, 0xFA,
    0xAD, 0xFA, 0xAD, 0xFA, 0xAD, 0xFA, 0xAD, 0xFA, 0xAD, 0xFA, 0xAD, 0xFA, 0xAD, 0xFA, 0xAD, 0xFA,
    0xAD, 0xFA, 0xAD, 0xFA, 0xAD, 0xFA, 0xCE, 0xFA, 0xCE, 0xF2, 0x6C, 0xE2, 0xC9, 0xA1, 0x00, 0x00,
    0x41, 0x20, 0xA8, 0x99, 0x8C, 0xEA, 0x0F, 0xFB, 0xCE, 0xFA, 0x8D, 0xFA, 0xAD, 0xFA, 0xAD, 0xFA,
    0xAD, 0xFA, 0xAD, 0xFA, 0xAD, 0xFA, 0xAD, 0xFA, 0xAD, 0xFA, 0xAD, 0xFA, 0xAD, 0xFA, 0xAD, 0xFA,
    0xAD, 0xFA, 0xAD, 0xFA, 0xAD, 0xFA, 0xAD, 0xFA, 0xAD, 0xFA, 0xAD, 0xFA, 0xAD, 0xFA, 0xAD, 0xFA,
    0xAD, 0xFA, 0xAD, 0xFA, 0xAD, 0xFA, 0xAD, 0xFA, 0xAD, 0xFA, 0xAD, 0xFA, 0xAD, 0xFA, 0xAD, 0xFA,
    0xAD, 0xFA, 0xAD, 0xFA, 0xAD, 0xFA, 0xAD, 0xFA, 0xAD, 0xFA, 0xAD, 0xFA, 0xAD, 0xFA, 0x8D, 0xFA,
    0x8D, 0xFA, 0x8D, 0xFA, 0x8D, 0xFA, 0x6C, 0xFA, 0x6C, 0xFA, 0x6C, 0xFA, 0x4C, 0xFA, 0x6C, 0xFA,
    0x8D, 0xFA, 0xAD, 0xFA, 0xCE, 0xFA, 0xEE, 0xFA, 0x0F, 0xFB, 0x4F, 0xFB, 0x70, 0xFB, 0x90, 0xFB,
    0xB1, 0xFB, 0x70, 0xFB, 0xEE, 0xFA, 0x8D, 0xFA, 0x8D, 0xFA, 0xAD, 0xFA, 0xAD, 0xFA, 0xAD, 0xFA,
    0xAD, 0xFA, 0xAD, 0xFA, 0xAD, 0xFA, 0xAD, 0xFA, 0xAD, 0xFA, 0xAD, 0xFA, 0xAD, 0xFA, 0xAD, 0xFA,
    0xAD, 0xFA, 0xAD, 0xFA, 0x8D, 0xFA, 0xCE, 0xFA, 0x0F, 0xFB, 0x8D, 0xF2, 0xA8, 0xA1, 0x41, 0x18,
    0x05, 0x69, 0xA9, 0xA9, 0x6C, 0xEA, 0xEF, 0xFA, 0xCE, 0xFA, 0x8D, 0xFA, 0xAD, 0xFA, 0xAD, 0xFA,
    0xAD, 0xFA, 0xAD, 0xFA, 0xAD, 0xFA, 0xAD, 0xFA, 0xAD, 0xFA, 0xAD, 0xFA, 0xAD, 0xFA, 0xAD, 0xFA,
    0xAD, 0xFA, 0xAD, 0xFA, 0xAD, 0xFA, 0xAD, 0xFA, 0xAD, 0xFA, 0xAD, 0xFA, 0xAD, 0xFA, 0xAD, 0xFA,
    0xAD, 0xFA, 0xAD, 0xFA, 0xAD, 0xFA, 0xAD, 0xFA, 0xAD, 0xFA, 0xAD, 0xFA, 0xAD, 0xFA, 0xAD, 0xFA,
    0xAD, 0xFA, 0xAD, 0xFA, 0xCE, 0xFA, 0xCE, 0xFA, 0xCE, 0xFA, 0xCE, 0xFA, 0xAD, 0xFA, 0xAD, 0xFA,
    0x8D, 0xFA, 0x8D, 0xFA, 0x6C, 0xFA, 0x4C, 0xFA, 0x4C, 0xFA, 0x2B, 0xFA, 0x2B, 0xFA, 0x4C, 0xFA,
    0xCE, 0xFA, 0x2F, 0xFB, 0xB1, 0xFB, 0x32, 0xFC, 0xB4, 0xFC, 0x36, 0xFD, 0x97, 0xFD, 0x39, 0xFE,
    0x7A, 0xFE, 0x77, 0xFD, 0x90, 0xFB, 0x6D, 0xFA, 0x6D, 0xFA, 0xAD, 0xFA, 0xAD, 0xFA, 0xAD, 0xFA,
    0xAD, 0xFA, 0xAD, 0xFA, 0xAD, 0xFA, 0xAD, 0xFA, 0xAD, 0xFA, 0xAD, 0xFA, 0xAD, 0xFA, 0xAD, 0xFA,
    0xAD, 0xFA, 0xAD, 0xFA, 0x8D, 0xFA, 0xCE, 0xFA, 0x0F, 0xFB, 0x6C, 0xEA, 0xA8, 0xA1, 0xA3, 0x40,
    0x67, 0x89, 0xE9, 0xB9, 0x6C, 0xEA, 0xCE, 0xFA, 0xAE, 0xFA, 0x8D, 0xFA, 0xAD, 0xFA, 0xAD, 0xFA,
    0xAD, 0xFA, 0xAD, 0xFA, 0xAD, 0xFA, 0xAD, 0xFA, 0xAD, 0xFA, 0xAD, 0xFA, 0xAD, 0xFA, 0xAD, 0xFA,
    0xAD, 0xFA, 0xAD, 0xFA, 0xAD, 0xFA, 0xAD, 0xFA, 0xAD, 0xFA, 0xAD, 0xFA, 0xAD, 0xFA, 0xAD, 0xFA,
    0xAD, 0xFA, 0xAD, 0xFA, 0x8D, 0xFA, 0xAD, 0xFA, 0xAD, 0xFA, 0x8D, 0xFA, 0x8D, 0xFA, 0x8D, 0xFA,
    0x6C, 0xFA, 0x6C, 0xFA, 0x6C, 0xFA, 0x4C, 0xFA, 0x4C, 0xFA, 0x4C, 0xFA, 0x8D, 0xFA, 0xAD, 0xFA,
    0xCE, 0xFA, 0xEE, 0xFA, 0x0F, 0xFB, 0x2F, 0xFB, 0x70, 0xFB, 0x70, 0xFB, 0xB1, 0xFB, 0xF2, 0xFB,
    0x73, 0xFC, 0xF5, 0xFC, 0x77, 0xFD, 0xD8, 0xFD, 0x5A, 0xFE, 0xDB, 0xFE, 0x3D, 0xFF, 0xDF, 0xFF,
    0xFF, 0xFF, 0xDC, 0xFE, 0x33, 0xFC, 0x8D, 0xFA, 0x6C, 0xFA, 0xAD, 0xFA, 0x8D, 0xFA, 0xAD, 0xFA,
    0xAD, 0xFA, 0xAD, 0xFA, 0xAD, 0xFA, 0xAD, 0xFA, 0xAD, 0xFA, 0xAD, 0xFA, 0xAD, 0xFA, 0xAD, 0xFA,
    0xAD, 0xFA, 0xAD, 0xFA, 0x8D, 0xFA, 0xAE, 0xFA, 0xCE, 0xFA, 0x6C, 0xE2, 0xA9, 0xA1, 0x05, 0x59,
    0xC9, 0xB1, 0x0A, 0xCA, 0x6C, 0xEA, 0xAE, 0xFA, 0xAD, 0xFA, 0x8D, 0xFA, 0x8D, 0xFA, 0x8D, 0xFA,
    0x8D, 0xFA, 0x8D, 0xFA, 0x8D, 0xFA, 0x8D, 0xFA, 0x8D, 0xFA, 0x8D, 0xFA, 0x8D, 0xFA, 0x8D, 0xFA,
    0x8D, 0xFA, 0x8D, 0xFA, 0x8D, 0xFA, 0x8D, 0xFA, 0x8D, 0xFA, 0x8D, 0xFA, 0x8D, 0xFA, 0x8D, 0xFA,
    0x8D, 0xFA, 0x8D, 0xFA, 0x8D, 0xFA, 0x8D, 0xFA, 0xAD, 0xFA, 0xAD, 0xFA, 0x8D, 0xFA, 0x6C, 0xFA,
    0x4C, 0xFA, 0x4C, 0xFA, 0x4C, 0xFA, 0x2B, 0xFA, 0x0B, 0xFA, 0x4C, 0xFA, 0xAD, 0xFA, 0x2F, 0xFB,
    0xB1, 0xFB, 0x12, 0xFC, 0xB4, 0xFC, 0x16, 0xFD, 0x97, 0xFD, 0x19, 0xFE, 0x9A, 0xFE, 0xDC, 0xFE,
    0x1C, 0xFF, 0x3D, 0xFF, 0x5D, 0xFF, 0x7E, 0xFF, 0xBE, 0xFF, 0xDF, 0xFF, 0xDF, 0xFF, 0xFF, 0xFF,
    0xFF, 0xFF, 0x3D, 0xFF, 0x94, 0xFC, 0xEE, 0xFA, 0x8D, 0xFA, 0xAD, 0xFA, 0x8D, 0xFA, 0x8D, 0xFA,
    0x8D, 0xFA, 0x8D, 0xFA, 0x8D, 0xFA, 0x8D, 0xFA, 0x8D, 0xFA, 0x8D, 0xFA, 0x8D, 0xFA, 0x8D, 0xFA,
    0x8D, 0xFA, 0x8D, 0xFA, 0x8D, 0xFA, 0xAD, 0xFA, 0xCE, 0xFA, 0x6C, 0xEA, 0xC9, 0xB9, 0x67, 0x89,
    0x0A, 0xCA, 0x4B, 0xDA, 0x6C, 0xF2, 0xAD, 0xFA, 0x8D, 0xFA, 0x8D, 0xFA, 0x8D, 0xFA, 0x8D, 0xFA,
    0x8D, 0xFA, 0x8D, 0xFA, 0x8D, 0xFA, 0x8D, 0xFA, 0x8D, 0xFA, 0x8D, 0xFA, 0x8D, 0xFA, 0x8D, 0xFA,
    0x8D, 0xFA, 0x8D, 0xFA, 0x8D, 0xFA, 0x8D, 0xFA, 0x8D, 0xFA, 0x8D, 0xFA, 0x8D, 0xFA, 0x8D, 0xFA,
    0x8D, 0xFA, 0x8D, 0xFA, 0x8D, 0xFA, 0x8D, 0xFA, 0x6C, 0xFA, 0x6C, 0xFA, 0xAD, 0xFA, 0xEE, 0xFA,
    0x0E, 0xFB, 0x2F, 0xFB, 0x4F, 0xFB, 0x70, 0xFB, 0x90, 0xFB, 0xF1, 0xFB, 0x73, 0xFC, 0xD5, 0xFC,
    0x56, 0xFD, 0xD8, 0xFD, 0x5A, 0xFE, 0xDB, 0xFE, 0x5D, 0xFF, 0xDF, 0xFF, 0xFF, 0xFF, 0xFF, 0xFF,
    0xFF, 0xFF, 0xFF, 0xFF, 0xFF, 0xFF, 0xFF, 0xFF, 0xFF, 0xFF, 0xFF, 0xFF, 0xFF, 0xFF, 0xFF, 0xFF,
    0xFF, 0xFF, 0x1C, 0xFF, 0xB4, 0xFC, 0x0E, 0xFB, 0x8D, 0xFA, 0x8D, 0xFA, 0x8D, 0xFA, 0x8D, 0xFA,
    0x8D, 0xFA, 0x8D, 0xFA, 0x8D, 0xFA, 0x8D, 0xFA, 0x8D, 0xFA, 0x8D, 0xFA, 0x8D, 0xFA, 0x8D, 0xFA,
    0x8D, 0xFA, 0x8D, 0xFA, 0x8D, 0xFA, 0xAD, 0xFA, 0xAE, 0xFA, 0x6C, 0xEA, 0xEA, 0xC1, 0xA9, 0xA9,
    0x2B, 0xDA, 0x4B, 0xE2, 0x6C, 0xF2, 0xAD, 0xFA, 0x8D, 0xFA, 0x8D, 0xFA, 0x8D, 0xFA, 0x8D, 0xFA,
    0x8D, 0xFA, 0x8D, 0xFA, 0x8D, 0xFA, 0x8D, 0xFA, 0x8D, 0xFA, 0x8D, 0xFA, 0x8D, 0xFA, 0x8D, 0xFA,
    0x8D, 0xFA, 0x8D, 0xFA, 0x8D, 0xFA, 0x8D, 0xFA, 0x8D, 0xFA, 0x8D, 0xFA, 0x8D, 0xFA, 0x8D, 0xFA,
    0x8D, 0xFA, 0x8D, 0xFA, 0x8D, 0xFA, 0x6C, 0xFA, 0x4C, 0xFA, 0xAD, 0xFA, 0x70, 0xFB, 0x12, 0xFC,
    0x94, 0xFC, 0xF5, 0xFC, 0x97, 0xFD, 0xF9, 0xFD, 0x9A, 0xFE, 0xDC, 0xFE, 0x1C, 0xFF, 0x3D, 0xFF,
    0x5D, 0xFF, 0x7E, 0xFF, 0xBE, 0xFF, 0xDF, 0xFF, 0xFF, 0xFF, 0xFF, 0xFF, 0xFF, 0xFF, 0xFF, 0xFF,
    0xFF, 0xFF, 0xFF, 0xFF, 0xFF, 0xFF, 0xFF, 0xFF, 0xFF, 0xFF, 0xFF, 0xFF, 0xFF, 0xFF, 0xFF, 0xFF,
    0xFF, 0xFF, 0x3D, 0xFF, 0xB4, 0xFC, 0xEE, 0xFA, 0x8D, 0xFA, 0x8D, 0xFA, 0x8D, 0xFA, 0x8D, 0xFA,
    0x8D, 0xFA, 0x8D, 0xFA, 0x8D, 0xFA, 0x8D, 0xFA, 0x8D, 0xFA, 0x8D, 0xFA, 0x8D, 0xFA, 0x8D, 0xFA,
    0x8D, 0xFA, 0x8D, 0xFA, 0x8D, 0xFA, 0xAD, 0xFA, 0xAD, 0xFA, 0x6C, 0xEA, 0x2A, 0xD2, 0xE9, 0xB9,
    0x4C, 0xEA, 0x6C, 0xEA, 0x6C, 0xF2, 0x8D, 0xFA, 0x8D, 0xFA, 0x8D, 0xFA, 0x8D, 0xFA, 0x8D, 0xFA,
    0x8D, 0xFA, 0x8D, 0xFA, 0x8D, 0xFA, 0x8D, 0xFA, 0x8D, 0xFA, 0x8D, 0xFA, 0x8D, 0xFA, 0x8D, 0xFA,
    0x8D, 0xFA, 0x8D, 0xFA, 0x8D, 0xFA, 0x8D, 0xFA, 0x8D, 0xFA, 0x8D, 0xFA, 0x8D, 0xFA, 0x8D, 0xFA,
    0x8D, 0xFA, 0x6C, 0xFA, 0x6C, 0xFA, 0xAD, 0xFA, 0x4F, 0xFB, 0x32, 0xFC, 0x36, 0xFD, 0xD8, 0xFD,
    0x5A, 0xFE, 0xBB, 0xFE, 0x3D, 0xFF, 0xBF, 0xFF, 0xFF, 0xFF, 0xFF, 0xFF, 0xFF, 0xFF, 0xFF, 0xFF,
    0xFF, 0xFF, 0xFF, 0xFF, 0xFF, 0xFF, 0xFF, 0xFF, 0xFF, 0xFF, 0xFF, 0xFF, 0xDF, 0xFF, 0xDF, 0xFF,
    0xDF, 0xFF, 0xDF, 0xFF, 0xFF, 0xFF, 0xFF, 0xFF, 0xFF, 0xFF, 0xFF, 0xFF, 0xDF, 0xFF, 0xFF, 0xFF,
    0xFF, 0xFF, 0x1C, 0xFF, 0x94, 0xFC, 0xEE, 0xFA, 0x6C, 0xFA, 0x8D, 0xFA, 0x8D, 0xFA, 0x8D, 0xFA,
    0x8D, 0xFA, 0x8D, 0xFA, 0x8D, 0xFA, 0x8D, 0xFA, 0x8D, 0xFA, 0x8D, 0xFA, 0x8D, 0xFA, 0x8D, 0xFA,
    0x8D, 0xFA, 0x8D, 0xFA, 0x8D, 0xFA, 0x8D, 0xFA, 0xAD, 0xFA, 0x6C, 0xF2, 0x2B, 0xDA, 0xEA, 0xC1,
    0x6C, 0xF2, 0x6C, 0xF2, 0x6C, 0xFA, 0x8D, 0xFA, 0x8D, 0xFA, 0x6C, 0xFA, 0x6C, 0xFA, 0x6C, 0xFA,
    0x6C, 0xFA, 0x6C, 0xFA, 0x6C, 0xFA, 0x6C, 0xFA, 0x6C, 0xFA, 0x6C, 0xFA, 0x6C, 0xFA, 0x6C, 0xFA,
    0x6C, 0xFA, 0x6C, 0xFA, 0x6C, 0xFA, 0x6C, 0xFA, 0x6C, 0xFA, 0x6C, 0xFA, 0x6C, 0xFA, 0x8D, 0xFA,
    0x8D, 0xFA, 0x4C, 0xFA, 0x2B, 0xFA, 0x0F, 0xFB, 0xF5, 0xFC, 0x7A, 0xFE, 0x5D, 0xFF, 0x7E, 0xFF,
    0xBE, 0xFF, 0xBF, 0xFF, 0xFF, 0xFF, 0xFF, 0xFF, 0xFF, 0xFF, 0xFF, 0xFF, 0xFF, 0xFF, 0xFF, 0xFF,
    0xFF, 0xFF, 0xFF, 0xFF, 0xFF, 0xFF, 0xFF, 0xFF, 0xFF, 0xFF, 0xFF, 0xFF, 0xFF, 0xFF, 0xFF, 0xFF,
    0xFF, 0xFF, 0xFF, 0xFF, 0xFF, 0xFF, 0xFF, 0xFF, 0xFF, 0xFF, 0xFF, 0xFF, 0xDF, 0xFF, 0xFF, 0xFF,
    0xFF, 0xFF, 0x1C, 0xFF, 0x94, 0xFC, 0xEE, 0xFA, 0x6C, 0xFA, 0x8D, 0xFA, 0x6C, 0xFA, 0x8D, 0xFA,
    0x6C, 0xFA, 0x6C, 0xFA, 0x6C, 0xFA, 0x6C, 0xFA, 0x6C, 0xFA, 0x6C, 0xFA, 0x6C, 0xFA, 0x6C, 0xFA,
    0x6C, 0xFA, 0x6C, 0xFA, 0x6C, 0xFA, 0x8D, 0xFA, 0x8D, 0xFA, 0x6C, 0xF2, 0x2B, 0xDA, 0x0A, 0xD2,
    0x6C, 0xF2, 0x6C, 0xF2, 0x6C, 0xFA, 0x6D, 0xFA, 0x6C, 0xFA, 0x6C, 0xFA, 0x6C, 0xFA, 0x6C, 0xFA,
    0x6C, 0xFA, 0x6C, 0xFA, 0x6C, 0xFA, 0x6C, 0xFA, 0x6C, 0xFA, 0x6C, 0xFA, 0x6C, 0xFA, 0x6C, 0xFA,
    0x6C, 0xFA, 0x6C, 0xFA, 0x6C, 0xFA, 0x6C, 0xFA, 0x6C, 0xFA, 0x6C, 0xFA, 0x6C, 0xFA, 0x8D, 0xFA,
    0x8D, 0xFA, 0x2B, 0xFA, 0x0B, 0xFA, 0x70, 0xFB, 0x19, 0xFE, 0xDF, 0xFF, 0xFF, 0xFF, 0xFF, 0xFF,
    0xFF, 0xFF, 0xFF, 0xFF, 0xFF, 0xFF, 0xFF, 0xFF, 0xDF, 0xFF, 0xDF, 0xFF, 0xDF, 0xFF, 0xDF, 0xFF,
    0xFF, 0xFF, 0xFF, 0xFF, 0xFF, 0xFF, 0xFF, 0xFF, 0xFF, 0xFF, 0xFF, 0xFF, 0xFF, 0xFF, 0xFF, 0xFF,
    0xFF, 0xFF, 0xFF, 0xFF, 0xFF, 0xFF, 0xFF, 0xFF, 0xFF, 0xFF, 0xFF, 0xFF, 0xDF, 0xFF, 0xFF, 0xFF,
    0xFF, 0xFF, 0x1C, 0xFF, 0x94, 0xFC, 0xEE, 0xFA, 0x6C, 0xFA, 0x8C, 0xFA, 0x6C, 0xFA, 0x8D, 0xFA,
    0x6C, 0xFA, 0x6C, 0xFA, 0x6C, 0xFA, 0x6C, 0xFA, 0x6C, 0xFA, 0x6C, 0xFA, 0x6C, 0xFA, 0x6C, 0xFA,
    0x6C, 0xFA, 0x6C, 0xFA, 0x6C, 0xFA, 0x8D, 0xFA, 0x8D, 0xFA, 0x6C, 0xF2, 0x2B, 0xE2, 0x0A, 0xD2,
    0x6C, 0xFA, 0x6C, 0xFA, 0x6C, 0xFA, 0x6C, 0xFA, 0x6C, 0xFA, 0x6C, 0xFA, 0x6C, 0xFA, 0x6C, 0xFA,
    0x6C, 0xFA, 0x6C, 0xFA, 0x6C, 0xFA, 0x6C, 0xFA, 0x6C, 0xFA, 0x6C, 0xFA, 0x6C, 0xFA, 0x6C, 0xFA,
    0x6C, 0xFA, 0x6C, 0xFA, 0x6C, 0xFA, 0x6C, 0xFA, 0x6C, 0xFA, 0x6C, 0xFA, 0x6C, 0xFA, 0x6C, 0xFA,
    0x8D, 0xFA, 0x2B, 0xFA, 0xEB, 0xF9, 0x70, 0xFB, 0x5A, 0xFE, 0xFF, 0xFF, 0xFF, 0xFF, 0xFF, 0xFF,
    0xFF, 0xFF, 0xFF, 0xFF, 0xFF, 0xFF, 0xFF, 0xFF, 0xFF, 0xFF, 0xFF, 0xFF, 0xFF, 0xFF, 0xFF, 0xFF,
    0xFF, 0xFF, 0xFF, 0xFF, 0xFF, 0xFF, 0xFF, 0xFF, 0xFF, 0xFF, 0xFF, 0xFF, 0xFF, 0xFF, 0xFF, 0xFF,
    0xFF, 0xFF, 0xFF, 0xFF, 0xFF, 0xFF, 0xFF, 0xFF, 0xFF, 0xFF, 0xFF, 0xFF, 0xDF, 0xFF, 0xFF, 0xFF,
    0xFF, 0xFF, 0x1C, 0xFF, 0x94, 0xFC, 0xCE, 0xFA, 0x6C, 0xFA, 0x6C, 0xFA, 0x6C, 0xFA, 0x6C, 0xFA,
    0x6C, 0xFA, 0x6C, 0xFA, 0x6C, 0xFA, 0x6C, 0xFA, 0x6C, 0xFA, 0x6C, 0xFA, 0x6C, 0xFA, 0x6C, 0xFA,
    0x6C, 0xFA, 0x6C, 0xFA, 0x6C, 0xFA, 0x6D, 0xFA, 0x8D, 0xFA, 0x6C, 0xF2, 0x2B, 0xE2, 0x2A, 0xDA,
    0x6C, 0xFA, 0x6C, 0xFA, 0x6C, 0xFA, 0x6C, 0xFA, 0x6C, 0xFA, 0x6C, 0xFA, 0x6C, 0xFA, 0x6C, 0xFA,
    0x6C, 0xFA, 0x6C, 0xFA, 0x6C, 0xFA, 0x6C, 0xFA, 0x6C, 0xFA, 0x6C, 0xFA, 0x6C, 0xFA, 0x6C, 0xFA,
    0x6C, 0xFA, 0x6C, 0xFA, 0x6C, 0xFA, 0x6C, 0xFA, 0x6C, 0xFA, 0x6C, 0xFA, 0x6C, 0xFA, 0x6C, 0xFA,
    0x8D, 0xFA, 0x2B, 0xFA, 0xEB, 0xF9, 0x70, 0xFB, 0x39, 0xFE, 0xFF, 0xFF, 0xDF, 0xFF, 0xDF, 0xFF,
    0xFF, 0xFF, 0xFF, 0xFF, 0xFF, 0xFF, 0xFF, 0xFF, 0xFF, 0xFF, 0xFF, 0xFF, 0xFF, 0xFF, 0xFF, 0xFF,
    0xFF, 0xFF, 0xFF, 0xFF, 0xFF, 0xFF, 0xFF, 0xFF, 0xFF, 0xFF, 0xFF, 0xFF, 0xFF, 0xFF, 0xFF, 0xFF,
    0xFF, 0xFF, 0xFF, 0xFF, 0xFF, 0xFF, 0xFF, 0xFF, 0xFF, 0xFF, 0xFF, 0xFF, 0xFF, 0xFF, 0xFF, 0xFF,
    0xFF, 0xFF, 0x1C, 0xFF, 0x94, 0xFC, 0xCE, 0xFA, 0x6C, 0xFA, 0x6C, 0xFA, 0x6C, 0xFA, 0x6C, 0xFA,
    0x6C, 0xFA, 0x6C, 0xFA, 0x6C, 0xFA, 0x6C, 0xFA, 0x6C, 0xFA, 0x6C, 0xFA, 0x6C, 0xFA, 0x6C, 0xFA,
    0x6C, 0xFA, 0x6C, 0xFA, 0x6C, 0xFA, 0x6C, 0xFA, 0x8D, 0xFA, 0x6C, 0xF2, 0x2B, 0xE2, 0x2A, 0xDA,
    0x6C, 0xFA, 0x6C, 0xFA, 0x6C, 0xFA, 0x6C, 0xFA, 0x6C, 0xFA, 0x6C, 0xFA, 0x6C, 0xFA, 0x6C, 0xFA,
    0x6C, 0xFA, 0x6C, 0xFA, 0x6C, 0xFA, 0x6C, 0xFA, 0x6C, 0xFA, 0x6C, 0xFA, 0x6C, 0xFA, 0x6C, 0xFA,
    0x6C, 0xFA, 0x6C, 0xFA, 0x6C, 0xFA, 0x6C, 0xFA, 0x6C, 0xFA, 0x6C, 0xFA, 0x6C, 0xFA, 0x6C, 0xFA,
    0x8D, 0xFA, 0x0B, 0xFA, 0xEA, 0xF9, 0x70, 0xFB, 0x59, 0xFE, 0xFF, 0xFF, 0xFF, 0xFF, 0xDF, 0xFF,
    0xFF, 0xFF, 0xFF, 0xFF, 0xFF, 0xFF, 0xFF, 0xFF, 0xFF, 0xFF, 0xFF, 0xFF, 0xFF, 0xFF, 0xFF, 0xFF,
    0xFF, 0xFF, 0xFF, 0xFF, 0xFF, 0xFF, 0xFF, 0xFF, 0xFF, 0xFF, 0xFF, 0xFF, 0xFF, 0xFF, 0xDF, 0xFF,
    0xDF, 0xFF, 0xDF, 0xFF, 0xDF, 0xFF, 0xDF, 0xFF, 0xFF, 0xFF, 0xFF, 0xFF, 0xDF, 0xFF, 0xFF, 0xFF,
    0xFF, 0xFF, 0x1C, 0xFF, 0x94, 0xFC, 0xCE, 0xFA, 0x4C, 0xFA, 0x6C, 0xFA, 0x4C, 0xFA, 0x6C, 0xFA,
    0x6C, 0xFA, 0x6C, 0xFA, 0x6C, 0xFA, 0x6C, 0xFA, 0x6C, 0xFA, 0x6C, 0xFA, 0x6C, 0xFA, 0x6C, 0xFA,
    0x6C, 0xFA, 0x6C, 0xFA, 0x6C, 0xFA, 0x6C, 0xFA, 0x6C, 0xFA, 0x4C, 0xF2, 0x2B, 0xE2, 0x0B, 0xDA,
    0x6C, 0xFA, 0x6C, 0xFA, 0x6C, 0xFA, 0x6C, 0xFA, 0x6C, 0xFA, 0x6C, 0xFA, 0x6C, 0xFA, 0x6C, 0xFA,
    0x6C, 0xFA, 0x6C, 0xFA, 0x6C, 0xFA, 0x6C, 0xFA, 0x6C, 0xFA, 0x6C, 0xFA, 0x6C, 0xFA, 0x6C, 0xFA,
    0x6C, 0xFA, 0x6C, 0xFA, 0x6C, 0xFA, 0x6C, 0xFA, 0x6C, 0xFA, 0x6C, 0xFA, 0x6C, 0xFA, 0x6C, 0xFA,
    0x8D, 0xFA, 0x0B, 0xFA, 0xEA, 0xF9, 0x70, 0xFB, 0x39, 0xFE, 0xFF, 0xFF, 0xFF, 0xFF, 0xFF, 0xFF,
    0xFF, 0xFF, 0xFF, 0xFF, 0xFF, 0xFF, 0xFF, 0xFF, 0xFF, 0xFF, 0xFF, 0xFF, 0xFF, 0xFF, 0xFF, 0xFF,
    0xFF, 0xFF, 0xFF, 0xFF, 0xFF, 0xFF, 0xFF, 0xFF, 0xFF, 0xFF, 0xFF, 0xFF, 0xFF, 0xFF, 0xFF, 0xFF,
    0xFF, 0xFF, 0xFF, 0xFF, 0xFF, 0xFF, 0xFF, 0xFF, 0xFF, 0xFF, 0xFF, 0xFF, 0xDF, 0xFF, 0xFF, 0xFF,
    0xFF, 0xFF, 0x1C, 0xFF, 0x94, 0xFC, 0xCE, 0xFA, 0x4C, 0xFA, 0x6C, 0xFA, 0x4C, 0xFA, 0x6C, 0xFA,
    0x6C, 0xFA, 0x6C, 0xFA, 0x6C, 0xFA, 0x6C, 0xFA, 0x6C, 0xFA, 0x6C, 0xFA, 0x6C, 0xFA, 0x6C, 0xFA,
    0x6C, 0xFA, 0x6C, 0xFA, 0x6C, 0xFA, 0x6C, 0xFA, 0x6C, 0xFA, 0x4C, 0xF2, 0x2B, 0xE2, 0x0B, 0xDA,
    0x4C, 0xFA, 0x4C, 0xFA, 0x4C, 0xFA, 0x4C, 0xFA, 0x4C, 0xFA, 0x4C, 0xFA, 0x4C, 0xFA, 0x4C, 0xFA,
    0x4C, 0xFA, 0x4C, 0xFA, 0x4C, 0xFA, 0x4C, 0xFA, 0x4C, 0xFA, 0x4C, 0xFA, 0x4C, 0xFA, 0x4C, 0xFA,
    0x4C, 0xFA, 0x4C, 0xFA, 0x4C, 0xFA, 0x4C, 0xFA, 0x4C, 0xFA, 0x4C, 0xFA, 0x4C, 0xFA, 0x6C, 0xFA,
    0x8C, 0xFA, 0x0B, 0xFA, 0xCA, 0xF9, 0x4F, 0xFB, 0x39, 0xFE, 0xFF, 0xFF, 0xFF, 0xFF, 0xFF, 0xFF,
    0xFF, 0xFF, 0xFF, 0xFF, 0xFF, 0xFF, 0xFF, 0xFF, 0xFF, 0xFF, 0xDF, 0xFF, 0xDF, 0xFF, 0xDF, 0xFF,
    0xDF, 0xFF, 0xDF, 0xFF, 0xFF, 0xFF, 0xFF, 0xFF, 0xFF, 0xFF, 0xFF, 0xFF, 0xFF, 0xFF, 0xFF, 0xFF,
    0xFF, 0xFF, 0xFF, 0xFF, 0xFF, 0xFF, 0xFF, 0xFF, 0xBE, 0xFF, 0x5D, 0xFF, 0x7E, 0xFF, 0xFF, 0xFF,
    0xFF, 0xFF, 0x3C, 0xFF, 0x94, 0xFC, 0xCD, 0xFA, 0x4C, 0xFA, 0x6C, 0xFA, 0x4C, 0xFA, 0x6C, 0xFA,
    0x4C, 0xFA, 0x4C, 0xFA, 0x4C, 0xFA, 0x4C, 0xFA, 0x4C, 0xFA, 0x4C, 0xFA, 0x4C, 0xFA, 0x4C, 0xFA,
    0x4C, 0xFA, 0x4C, 0xFA, 0x4C, 0xFA, 0x6C, 0xFA, 0x6C, 0xFA, 0x4C, 0xF2, 0x2B, 0xE2, 0x0A, 0xDA,
    0x4C, 0xFA, 0x4C, 0xFA, 0x4C, 0xFA, 0x4C, 0xFA, 0x4C, 0xFA, 0x4C, 0xFA, 0x4C, 0xFA, 0x4C, 0xFA,
    0x4C, 0xFA, 0x4C, 0xFA, 0x4C, 0xFA, 0x4C, 0xFA, 0x4C, 0xFA, 0x4C, 0xFA, 0x4C, 0xFA, 0x4C, 0xFA,
    0x4C, 0xFA, 0x4C, 0xFA, 0x4C, 0xFA, 0x4C, 0xFA, 0x4C, 0xFA, 0x4C, 0xFA, 0x4C, 0xFA, 0x6C, 0xFA,
    0x8C, 0xFA, 0x0B, 0xFA, 0xCA, 0xF9, 0x4F, 0xFB, 0x39, 0xFE, 0xFF, 0xFF, 0xFF, 0xFF, 0xFF, 0xFF,
    0xFF, 0xFF, 0xFF, 0xFF, 0xFF, 0xFF, 0xFF, 0xFF, 0xFF, 0xFF, 0xFF, 0xFF, 0xFF, 0xFF, 0xFF, 0xFF,
    0xFF, 0xFF, 0xFF, 0xFF, 0xFF, 0xFF, 0xFF, 0xFF, 0xDF, 0xFF, 0xBE, 0xFF, 0x7E, 0xFF, 0x5D, 0xFF,
    0x3D, 0xFF, 0x1C, 0xFF, 0xDB, 0xFE, 0x7A, 0xFE, 0xD8, 0xFD, 0xB7, 0xFD, 0x19, 0xFE, 0x5D, 0xFF,
    0xFF, 0xFF, 0x3D, 0xFF, 0x94, 0xFC, 0xAD, 0xFA, 0x4C, 0xFA, 0x6C, 0xFA, 0x4C, 0xFA, 0x6C, 0xFA,
    0x4C, 0xFA, 0x4C, 0xFA, 0x4C, 0xFA, 0x4C, 0xFA, 0x4C, 0xFA, 0x4C, 0xFA, 0x4C, 0xFA, 0x4C, 0xFA,
    0x4C, 0xFA, 0x4C, 0xFA, 0x4C, 0xFA, 0x6C, 0xFA, 0x6C, 0xFA, 0x4C, 0xF2, 0x2B, 0xE2, 0x0A, 0xDA,
    0x4C, 0xFA, 0x4C, 0xFA, 0x4C, 0xFA, 0x4C, 0xFA, 0x4C, 0xFA, 0x4C, 0xFA, 0x4C, 0xFA, 0x4C, 0xFA,
    0x4C, 0xFA, 0x4C, 0xFA, 0x4C, 0xFA, 0x4C, 0xFA, 0x4C, 0xFA, 0x4C, 0xFA, 0x4C, 0xFA, 0x4C, 0xFA,
    0x4C, 0xFA, 0x4C, 0xFA, 0x4C, 0xFA, 0x4C, 0xFA, 0x4C, 0xFA, 0x4C, 0xFA, 0x4C, 0xFA, 0x4C, 0xFA,
    0x6C, 0xFA, 0x0B, 0xFA, 0xCA, 0xF9, 0x4F, 0xFB, 0x39, 0xFE, 0xFF, 0xFF, 0xFF, 0xFF, 0xDF, 0xFF,
    0xFF, 0xFF, 0xFF, 0xFF, 0xFF, 0xFF, 0xFF, 0xFF, 0xFF, 0xFF, 0xFF, 0xFF, 0xFF, 0xFF, 0xFF, 0xFF,
    0xFF, 0xFF, 0xFF, 0xFF, 0xDF, 0xFF, 0x5D, 0xFF, 0xBB, 0xFE, 0x59, 0xFE, 0xB7, 0xFD, 0x36, 0xFD,
    0xB4, 0xFC, 0x32, 0xFC, 0xD1, 0xFB, 0x4F, 0xFB, 0x0F, 0xFB, 0x4F, 0xFB, 0x12, 0xFC, 0x19, 0xFE,
    0xDF, 0xFF, 0x5D, 0xFF, 0xB4, 0xFC, 0xAD, 0xFA, 0x4C, 0xFA, 0x4C, 0xFA, 0x4C, 0xFA, 0x4C, 0xFA,
    0x4C, 0xFA, 0x4C, 0xFA, 0x4C, 0xFA, 0x4C, 0xFA, 0x4C, 0xFA, 0x4C, 0xFA, 0x4C, 0xFA, 0x4C, 0xFA,
    0x4C, 0xFA, 0x4C, 0xFA, 0x4C, 0xFA, 0x4C, 0xFA, 0x4C, 0xFA, 0x2B, 0xF2, 0x0B, 0xE2, 0x0A, 0xDA,
    0x4C, 0xFA, 0x4C, 0xFA, 0x4C, 0xFA, 0x4C, 0xFA, 0x4C, 0xFA, 0x4C, 0xFA, 0x4C, 0xFA, 0x4C, 0xFA,
    0x4C, 0xFA, 0x4C, 0xFA, 0x4C, 0xFA, 0x4C, 0xFA, 0x4C, 0xFA, 0x4C, 0xFA, 0x4C, 0xFA, 0x4C, 0xFA,
    0x4C, 0xFA, 0x4C, 0xFA, 0x4C, 0xFA, 0x4C, 0xFA, 0x4C, 0xFA, 0x4C, 0xFA, 0x4C, 0xFA, 0x4C, 0xFA,
    0x6C, 0xFA, 0xEB, 0xF9, 0xCA, 0xF9, 0x4F, 0xFB, 0x39, 0xFE, 0xFF, 0xFF, 0xFF, 0xFF, 0xFF, 0xFF,
    0xFF, 0xFF, 0xFF, 0xFF, 0xDF, 0xFF, 0x9E, 0xFF, 0x7E, 0xFF, 0x5D, 0xFF, 0x3D, 0xFF, 0x1C, 0xFF,
    0xDB, 0xFE, 0x9A, 0xFE, 0xF8, 0xFD, 0x77, 0xFD, 0xF5, 0xFC, 0x73, 0xFC, 0xF1, 0xFB, 0x70, 0xFB,
    0xEE, 0xFA, 0x6C, 0xFA, 0x0B, 0xFA, 0xAA, 0xF9, 0xAA, 0xF9, 0x0B, 0xFA, 0x0E, 0xFB, 0x56, 0xFD,
    0xBF, 0xFF, 0x7E, 0xFF, 0xB4, 0xFC, 0x8D, 0xFA, 0x2B, 0xFA, 0x4C, 0xFA, 0x4C, 0xFA, 0x4C, 0xFA,
    0x4C, 0xFA, 0x4C, 0xFA, 0x4C, 0xFA, 0x4C, 0xFA, 0x4C, 0xFA, 0x4C, 0xFA, 0x4C, 0xFA, 0x4C, 0xFA,
    0x4C, 0xFA, 0x4C, 0xFA, 0x4C, 0xFA, 0x4C, 0xFA, 0x4C, 0xFA, 0x2B, 0xF2, 0x0B, 0xE2, 0x0A, 0xDA,
    0x4C, 0xFA, 0x4C, 0xFA, 0x4C, 0xFA, 0x4C, 0xFA, 0x4C, 0xFA, 0x4C, 0xFA, 0x4C, 0xFA, 0x4C, 0xFA,
    0x4C, 0xFA, 0x4C, 0xFA, 0x4C, 0xFA, 0x4C, 0xFA, 0x4C, 0xFA, 0x4C, 0xFA, 0x4C, 0xFA, 0x4C, 0xFA,
    0x4C, 0xFA, 0x4C, 0xFA, 0x4C, 0xFA, 0x4C, 0xFA, 0x4C, 0xFA, 0x4C, 0xFA, 0x4C, 0xFA, 0x4C, 0xFA,
    0x6C, 0xFA, 0xEB, 0xF9, 0xCA, 0xF9, 0x4F, 0xFB, 0x39, 0xFE, 0xFF, 0xFF, 0xFF, 0xFF, 0xFF, 0xFF,
    0xDF, 0xFF, 0x5D, 0xFF, 0xDB, 0xFE, 0x3A, 0xFE, 0xB8, 0xFD, 0x36, 0xFD, 0xB4, 0xFC, 0x32, 0xFC,
    0xB0, 0xFB, 0x6F, 0xFB, 0x2F, 0xFB, 0x0E, 0xFB, 0xEE, 0xFA, 0xCD, 0xFA, 0x8D, 0xFA, 0x6C, 0xFA,
    0x4C, 0xFA, 0x2B, 0xFA, 0x0B, 0xFA, 0xCA, 0xF9, 0xEA, 0xF9, 0x2B, 0xFA, 0x0E, 0xFB, 0x56, 0xFD,
    0xBF, 0xFF, 0x7D, 0xFF, 0xB4, 0xFC, 0x8D, 0xFA, 0x2B, 0xFA, 0x4C, 0xFA, 0x2B, 0xFA, 0x4C, 0xFA,
    0x4C, 0xFA, 0x4C, 0xFA, 0x4C, 0xFA, 0x4C, 0xFA, 0x4C, 0xFA, 0x4C, 0xFA, 0x4C, 0xFA, 0x4C, 0xFA,
    0x4C, 0xFA, 0x4C, 0xFA, 0x4B, 0xFA, 0x4C, 0xFA, 0x4C, 0xFA, 0x2B, 0xF2, 0x0A, 0xE2, 0x0A, 0xDA,
    0x4C, 0xFA, 0x4C, 0xFA, 0x4C, 0xFA, 0x4C, 0xFA, 0x4C, 0xFA, 0x4C, 0xFA, 0x4C, 0xFA, 0x4C, 0xFA,
    0x4C, 0xFA, 0x4C, 0xFA, 0x4C, 0xFA, 0x4C, 0xFA, 0x4C, 0xFA, 0x4C, 0xFA, 0x4C, 0xFA, 0x4C, 0xFA,
    0x4C, 0xFA, 0x4C, 0xFA, 0x4C, 0xFA, 0x4C, 0xFA, 0x4C, 0xFA, 0x4C, 0xFA, 0x4C, 0xFA, 0x4C, 0xFA,
    0x6C, 0xFA, 0xEB, 0xF9, 0xAA, 0xF9, 0x4F, 0xFB, 0x39, 0xFE, 0xFF, 0xFF, 0xDF, 0xFF, 0x3D, 0xFF,
    0x39, 0xFE, 0x76, 0xFD, 0xF5, 0xFC, 0x73, 0xFC, 0xF1, 0xFB, 0x70, 0xFB, 0xEE, 0xFA, 0x6C, 0xFA,
    0xEA, 0xF9, 0xAA, 0xF9, 0xCA, 0xF9, 0xEA, 0xF9, 0xEA, 0xF9, 0x0B, 0xFA, 0x0B, 0xFA, 0x2B, 0xFA,
    0x4B, 0xFA, 0x4C, 0xFA, 0x6C, 0xFA, 0x4C, 0xFA, 0x4C, 0xFA, 0x8C, 0xFA, 0x4F, 0xFB, 0x97, 0xFD,
    0xBF, 0xFF, 0x7D, 0xFF, 0xB4, 0xFC, 0x8D, 0xFA, 0x2B, 0xFA, 0x4C, 0xFA, 0x2B, 0xFA, 0x4C, 0xFA,
    0x4C, 0xFA, 0x4C, 0xFA, 0x4C, 0xFA, 0x4C, 0xFA, 0x4C, 0xFA, 0x4C, 0xFA, 0x4C, 0xFA, 0x4C, 0xFA,
    0x4C, 0xFA, 0x4C, 0xFA, 0x4B, 0xFA, 0x4C, 0xFA, 0x4C, 0xFA, 0x2B, 0xF2, 0x0A, 0xE2, 0x0A, 0xDA,
    0x2B, 0xFA, 0x2B, 0xFA, 0x2B, 0xFA, 0x2B, 0xFA, 0x2B, 0xFA, 0x2B, 0xFA, 0x2B, 0xFA, 0x2B, 0xFA,
    0x2B, 0xFA, 0x2B, 0xFA, 0x2B, 0xFA, 0x2B, 0xFA, 0x2B, 0xFA, 0x2B, 0xFA, 0x2B, 0xFA, 0x2B, 0xFA,
    0x2B, 0xFA, 0x2B, 0xFA, 0x2B, 0xFA, 0x2B, 0xFA, 0x2B, 0xFA, 0x2B, 0xFA, 0x2B, 0xFA, 0x4C, 0xFA,
    0x6C, 0xFA, 0xEA, 0xF9, 0xAA, 0xF9, 0x4F, 0xFB, 0x39, 0xFE, 0xFF, 0xFF, 0x7D, 0xFF, 0xB8, 0xFD,
    0xD1, 0xFB, 0xCD, 0xFA, 0xAD, 0xFA, 0xCE, 0xFA, 0x8D, 0xFA, 0x6C, 0xFA, 0x4C, 0xFA, 0x0B, 0xFA,
    0xEB, 0xF9, 0xEA, 0xF9, 0xEA, 0xF9, 0x0B, 0xFA, 0x0B, 0xFA, 0x0B, 0xFA, 0x0B, 0xFA, 0x2B, 0xFA,
    0x2B, 0xFA, 0x2B, 0xFA, 0x4C, 0xFA, 0x2B, 0xFA, 0x2B, 0xFA, 0x6C, 0xFA, 0x4F, 0xFB, 0x77, 0xFD,
    0xBF, 0xFF, 0x7D, 0xFF, 0xB4, 0xFC, 0x8C, 0xFA, 0x2B, 0xFA, 0x4C, 0xFA, 0x2B, 0xFA, 0x4C, 0xFA,
    0x2B, 0xFA, 0x2B, 0xFA, 0x2B, 0xFA, 0x2B, 0xFA, 0x2B, 0xFA, 0x2B, 0xFA, 0x2B, 0xFA, 0x2B, 0xFA,
    0x2B, 0xFA, 0x2B, 0xFA, 0x2B, 0xFA, 0x4C, 0xFA, 0x4C, 0xFA, 0x2B, 0xF2, 0x0A, 0xE2, 0xEA, 0xD9,
    0x2B, 0xFA, 0x2B, 0xFA, 0x2B, 0xFA, 0x2B, 0xFA, 0x2B, 0xFA, 0x2B, 0xFA, 0x2B, 0xFA, 0x2B, 0xFA,
    0x2B, 0xFA, 0x2B, 0xFA, 0x2B, 0xFA, 0x2B, 0xFA, 0x2B, 0xFA, 0x2B, 0xFA, 0x2B, 0xFA, 0x2B, 0xFA,
    0x2B, 0xFA, 0x2B, 0xFA, 0x2B, 0xFA, 0x2B, 0xFA, 0x2B, 0xFA, 0x2B, 0xFA, 0x2B, 0xFA, 0x4C, 0xFA,
    0x6C, 0xFA, 0xEA, 0xF9, 0xA9, 0xF9, 0x4F, 0xFB, 0x39, 0xFE, 0xDF, 0xFF, 0x1C, 0xFF, 0xD5, 0xFC,
    0x8D, 0xFA, 0x68, 0xF9, 0xA9, 0xF9, 0x0B, 0xFA, 0x0B, 0xFA, 0x2B, 0xFA, 0x2B, 0xFA, 0x4C, 0xFA,
    0x4C, 0xFA, 0x6C, 0xFA, 0x4C, 0xFA, 0x4C, 0xFA, 0x4C, 0xFA, 0x4C, 0xFA, 0x4C, 0xFA, 0x4C, 0xFA,
    0x4C, 0xFA, 0x2B, 0xFA, 0x4C, 0xFA, 0x2B, 0xFA, 0x2B, 0xFA, 0x6C, 0xFA, 0x2F, 0xFB, 0x77, 0xFD,
    0xBF, 0xFF, 0x7D, 0xFF, 0xB4, 0xFC, 0x8C, 0xFA, 0x2B, 0xFA, 0x4C, 0xFA, 0x2B, 0xFA, 0x4C, 0xFA,
    0x2B, 0xFA, 0x2B, 0xFA, 0x2B, 0xFA, 0x2B, 0xFA, 0x2B, 0xFA, 0x2B, 0xFA, 0x2B, 0xFA, 0x2B, 0xFA,
    0x2B, 0xFA, 0x2B, 0xFA, 0x2B, 0xFA, 0x4C, 0xFA, 0x4C, 0xFA, 0x2B, 0xF2, 0x0A, 0xE2, 0xEA, 0xD9,
    0x2B, 0xFA, 0x2B, 0xFA, 0x2B, 0xFA, 0x2B, 0xFA, 0x2B, 0xFA, 0x2B, 0xFA, 0x2B, 0xFA, 0x2B, 0xFA,
    0x2B, 0xFA, 0x2B, 0xFA, 0x2B, 0xFA, 0x2B, 0xFA, 0x2B, 0xFA, 0x2B, 0xFA, 0x2B, 0xFA, 0x2B, 0xFA,
    0x2B, 0xFA, 0x2B, 0xFA, 0x2B, 0xFA, 0x2B, 0xFA, 0x2B, 0xFA, 0x2B, 0xFA, 0x2B, 0xFA, 0x2B, 0xFA,
    0x4C, 0xFA, 0xCA, 0xF9, 0x89, 0xF9, 0x4F, 0xFB, 0x39, 0xFE, 0xDF, 0xFF, 0xFC, 0xFE, 0xD4, 0xFC,
    0xAD, 0xFA, 0x89, 0xF9, 0xAA, 0xF9, 0x2B, 0xFA, 0x0B, 0xFA, 0x0B, 0xFA, 0x2B, 0xFA, 0x2B, 0xFA,
    0x2B, 0xFA, 0x2B, 0xFA, 0x2B, 0xFA, 0x2B, 0xFA, 0x2B, 0xFA, 0x2B, 0xFA, 0x2B, 0xFA, 0x2B, 0xFA,
    0x2B, 0xFA, 0x2B, 0xFA, 0x2B, 0xFA, 0x0B, 0xFA, 0x0B, 0xFA, 0x4C, 0xFA, 0x2F, 0xFB, 0x77, 0xFD,
    0xBF, 0xFF, 0x7D, 0xFF, 0xB4, 0xFC, 0x6C, 0xFA, 0x0B, 0xFA, 0x2B, 0xFA, 0x2B, 0xFA, 0x2B, 0xFA,
    0x2B, 0xFA, 0x2B, 0xFA, 0x2B, 0xFA, 0x2B, 0xFA, 0x2B, 0xFA, 0x2B, 0xFA, 0x2B, 0xFA, 0x2B, 0xFA,
    0x2B, 0xFA, 0x2B, 0xFA, 0x2B, 0xFA, 0x2B, 0xFA, 0x2C, 0xFA, 0x0B, 0xF2, 0xEA, 0xE1, 0xEA, 0xD9,
    0x2B, 0xFA, 0x2B, 0xFA, 0x2B, 0xFA, 0x2B, 0xFA, 0x2B, 0xFA, 0x2B, 0xFA, 0x2B, 0xFA, 0x2B, 0xFA,
    0x2B, 0xFA, 0x2B, 0xFA, 0x2B, 0xFA, 0x2B, 0xFA, 0x2B, 0xFA, 0x2B, 0xFA, 0x2B, 0xFA, 0x2B, 0xFA,
    0x2B, 0xFA, 0x2B, 0xFA, 0x2B, 0xFA, 0x2B, 0xFA, 0x2B, 0xFA, 0x2B, 0xFA, 0x2B, 0xFA, 0x2B, 0xFA,
    0x4C, 0xFA, 0xCA, 0xF9, 0x89, 0xF9, 0x4F, 0xFB, 0x39, 0xFE, 0xDF, 0xFF, 0xFC, 0xFE, 0xF5, 0xFC,
    0xEE, 0xFA, 0xEA, 0xF9, 0x0B, 0xFA, 0x6C, 0xFA, 0x4C, 0xFA, 0x2B, 0xFA, 0x2B, 0xFA, 0x2B, 0xFA,
    0x2B, 0xFA, 0x2B, 0xFA, 0x2B, 0xFA, 0x2B, 0xFA, 0x2B, 0xFA, 0x2B, 0xFA, 0x2B, 0xFA, 0x2B, 0xFA,
    0x2B, 0xFA, 0x2B, 0xFA, 0x2B, 0xFA, 0x0B, 0xFA, 0x0B, 0xFA, 0x4C, 0xFA, 0x2F, 0xFB, 0x77, 0xFD,
    0xBF, 0xFF, 0x7D, 0xFF, 0xB4, 0xFC, 0x6C, 0xFA, 0x0B, 0xFA, 0x2B, 0xFA, 0x2B, 0xFA, 0x2B, 0xFA,
    0x2B, 0xFA, 0x2B, 0xFA, 0x2B, 0xFA, 0x2B, 0xFA, 0x2B, 0xFA, 0x2B, 0xFA, 0x2B, 0xFA, 0x2B, 0xFA,
    0x2B, 0xFA, 0x2B, 0xFA, 0x2B, 0xFA, 0x2B, 0xFA, 0x2C, 0xFA, 0x0B, 0xF2, 0xEA, 0xE1, 0xEA, 0xD9,
    0x2B, 0xFA, 0x2B, 0xFA, 0x2B, 0xFA, 0x2B, 0xFA, 0x2B, 0xFA, 0x2B, 0xFA, 0x2B, 0xFA, 0x2B, 0xFA,
    0x2B, 0xFA, 0x2B, 0xFA, 0x2B, 0xFA, 0x2B, 0xFA, 0x2B, 0xFA, 0x2B, 0xFA, 0x2B, 0xFA, 0x2B, 0xFA,
    0x2B, 0xFA, 0x2B, 0xFA, 0x2B, 0xFA, 0x2B, 0xFA, 0x2B, 0xFA, 0x2B, 0xFA, 0x2B, 0xFA, 0x2B, 0xFA,
    0x4C, 0xFA, 0xCA, 0xF9, 0x89, 0xF9, 0x4F, 0xFB, 0x39, 0xFE, 0xDF, 0xFF, 0xFC, 0xFE, 0xD4, 0xFC,
    0xCE, 0xFA, 0xCA, 0xF9, 0xEA, 0xF9, 0x4C, 0xFA, 0x2B, 0xFA, 0x2B, 0xFA, 0x2B, 0xFA, 0x2B, 0xFA,
    0x2B, 0xFA, 0x2B, 0xFA, 0x2B, 0xFA, 0x2B, 0xFA, 0x2B, 0xFA, 0x2B, 0xFA, 0x2B, 0xFA, 0x2B, 0xFA,
    0x2B, 0xFA, 0x2B, 0xFA, 0x2B, 0xFA, 0x0B, 0xFA, 0x0B, 0xFA, 0x4C, 0xFA, 0x2F, 0xFB, 0x76, 0xFD,
    0xBF, 0xFF, 0x7D, 0xFF, 0x94, 0xFC, 0x6C, 0xFA, 0x0B, 0xFA, 0x2B, 0xFA, 0x0B, 0xFA, 0x2B, 0xFA,
    0x2B, 0xFA, 0x2B, 0xFA, 0x2B, 0xFA, 0x2B, 0xFA, 0x2B, 0xFA, 0x2B, 0xFA, 0x2B, 0xFA, 0x2B, 0xFA,
    0x2B, 0xFA, 0x2B, 0xFA, 0x2B, 0xFA, 0x2B, 0xFA, 0x2B, 0xFA, 0x0B, 0xF2, 0xEA, 0xE1, 0xCA, 0xD9,
    0x2B, 0xFA, 0x2B, 0xFA, 0x2B, 0xFA, 0x2B, 0xFA, 0x2B, 0xFA, 0x2B, 0xFA, 0x2B, 0xFA, 0x2B, 0xFA,
    0x2B, 0xFA, 0x2B, 0xFA, 0x2B, 0xFA, 0x2B, 0xFA, 0x2B, 0xFA, 0x2B, 0xFA, 0x2B, 0xFA, 0x2B, 0xFA,
    0x2B, 0xFA, 0x2B, 0xFA, 0x2B, 0xFA, 0x2B, 0xFA, 0x2B, 0xFA, 0x2B, 0xFA, 0x2B, 0xFA, 0x2B, 0xFA,
    0x4C, 0xFA, 0xCA, 0xF9, 0x89, 0xF9, 0x4F, 0xFB, 0x39, 0xFE, 0xDF, 0xFF, 0xFC, 0xFE, 0xD4, 0xFC,
    0xCD, 0xFA, 0xCA, 0xF9, 0xEA, 0xF9, 0x4B, 0xFA, 0x2B, 0xFA, 0x2B, 0xFA, 0x2B, 0xFA, 0x2B, 0xFA,
    0x2B, 0xFA, 0x2B, 0xFA, 0x2B, 0xFA, 0x2B, 0xFA, 0x2B, 0xFA, 0x2B, 0xFA, 0x2B, 0xFA, 0x2B, 0xFA,
    0x2B, 0xFA, 0x2B, 0xFA, 0x2B, 0xFA, 0x0B, 0xFA, 0x0B, 0xFA, 0x4C, 0xFA, 0x2F, 0xFB, 0x76, 0xFD,
    0xBF, 0xFF, 0x7D, 0xFF, 0x94, 0xFC, 0x6C, 0xFA, 0x0B, 0xFA, 0x2B, 0xFA, 0x0B, 0xFA, 0x2B, 0xFA,
    0x2B, 0xFA, 0x2B, 0xFA, 0x2B, 0xFA, 0x2B, 0xFA, 0x2B, 0xFA, 0x2B, 0xFA, 0x2B, 0xFA, 0x2B, 0xFA,
    0x2B, 0xFA, 0x2B, 0xFA, 0x2B, 0xFA, 0x2B, 0xFA, 0x2B, 0xFA, 0x0B, 0xF2, 0xEA, 0xE1, 0xCA, 0xD9,
    0x0B, 0xFA, 0x0B, 0xFA, 0x0B, 0xFA, 0x0B, 0xFA, 0x0B, 0xFA, 0x0B, 0xFA, 0x0B, 0xFA, 0x0B, 0xFA,
    0x0B, 0xFA, 0x0B, 0xFA, 0x0B, 0xFA, 0x0B, 0xFA, 0x0B, 0xFA, 0x0B, 0xFA, 0x0B, 0xFA, 0x0B, 0xFA,
    0x0B, 0xFA, 0x0B, 0xFA, 0x0B, 0xFA, 0x0B, 0xFA, 0x0B, 0xFA, 0x0B, 0xFA, 0x0B, 0xFA, 0x0B, 0xFA,
    0x2B, 0xFA, 0xCA, 0xF9, 0x89, 0xF9, 0x2F, 0xFB, 0x39, 0xFE, 0xDF, 0xFF, 0xFC, 0xFE, 0xD4, 0xFC,
    0xCD, 0xFA, 0xAA, 0xF9, 0xCA, 0xF9, 0x2B, 0xFA, 0x0B, 0xFA, 0x0B, 0xFA, 0x0B, 0xFA, 0x0B, 0xFA,
    0x0B, 0xFA, 0x0B, 0xFA, 0x0B, 0xFA, 0x0B, 0xFA, 0x0B, 0xFA, 0x0B, 0xFA, 0x0B, 0xFA, 0x0B, 0xFA,
    0x0B, 0xFA, 0x0B, 0xFA, 0x2B, 0xFA, 0xEA, 0xF9, 0xEB, 0xF9, 0x2B, 0xFA, 0x0E, 0xFB, 0x76, 0xFD,
    0xBF, 0xFF, 0x7D, 0xFF, 0x94, 0xFC, 0x6C, 0xFA, 0x0B, 0xFA, 0x0B, 0xFA, 0x0B, 0xFA, 0x0B, 0xFA,
    0x0B, 0xFA, 0x0B, 0xFA, 0x0B, 0xFA, 0x0B, 0xFA, 0x0B, 0xFA, 0x0B, 0xFA, 0x0B, 0xFA, 0x0B, 0xFA,
    0x0B, 0xFA, 0x0B, 0xFA, 0x0B, 0xFA, 0x0B, 0xFA, 0x2B, 0xFA, 0xEA, 0xF1, 0xEA, 0xE1, 0xCA, 0xD9,
    0x0B, 0xFA, 0x0B, 0xFA, 0x0B, 0xFA, 0x0B, 0xFA, 0x0B, 0xFA, 0x0B, 0xFA, 0x0B, 0xFA, 0x0B, 0xFA,
    0x0B, 0xFA, 0x0B, 0xFA, 0x0B, 0xFA, 0x0B, 0xFA, 0x0B, 0xFA, 0x0B, 0xFA, 0x0B, 0xFA, 0x0B, 0xFA,
    0x0B, 0xFA, 0x0B, 0xFA, 0x0B, 0xFA, 0x0B, 0xFA, 0x0B, 0xFA, 0x0B, 0xFA, 0x0B, 0xFA, 0x0B, 0xFA,
    0x2B, 0xFA, 0xCA, 0xF9, 0x69, 0xF9, 0x2F, 0xFB, 0x39, 0xFE, 0xDF, 0xFF, 0xFC, 0xFE, 0xD4, 0xFC,
    0xCD, 0xFA, 0xAA, 0xF9, 0xCA, 0xF9, 0x2B, 0xFA, 0x0B, 0xFA, 0x0B, 0xFA, 0x0B, 0xFA, 0x0B, 0xFA,
    0x0B, 0xFA, 0x0B, 0xFA, 0x0B, 0xFA, 0x0B, 0xFA, 0x0B, 0xFA, 0x0B, 0xFA, 0x0B, 0xFA, 0x0B, 0xFA,
    0x0B, 0xFA, 0x0B, 0xFA, 0x2B, 0xFA, 0xEA, 0xF9, 0xEB, 0xF9, 0x2B, 0xFA, 0x0E, 0xFB, 0x76, 0xFD,
    0xBF, 0xFF, 0x7D, 0xFF, 0x94, 0xFC, 0x6C, 0xFA, 0x0B, 0xFA, 0x0B, 0xFA, 0x0B, 0xFA, 0x0B, 0xFA,
    0x0B, 0xFA, 0x0B, 0xFA, 0x0B, 0xFA, 0x0B, 0xFA, 0x0B, 0xFA, 0x0B, 0xFA, 0x0B, 0xFA, 0x0B, 0xFA,
    0x0B, 0xFA, 0x0B, 0xFA, 0x0B, 0xFA, 0x0B, 0xFA, 0x2B, 0xFA, 0xEA, 0xF1, 0xEA, 0xE1, 0xCA, 0xD9,
    0x0B, 0xFA, 0x0B, 0xFA, 0x0B, 0xFA, 0x0B, 0xFA, 0x0B, 0xFA, 0x0B, 0xFA, 0x0B, 0xFA, 0x0B, 0xFA,
    0x0B, 0xFA, 0x0B, 0xFA, 0x0B, 0xFA, 0x0B, 0xFA, 0x0B, 0xFA, 0x0B, 0xFA, 0x0B, 0xFA, 0x0B, 0xFA,
    0x0B, 0xFA, 0x0B, 0xFA, 0x0B, 0xFA, 0x0B, 0xFA, 0x0B, 0xFA, 0x0B, 0xFA, 0x0B, 0xFA, 0x0B, 0xFA,
    0x2B, 0xFA, 0xAA, 0xF9, 0x69, 0xF9, 0x2F, 0xFB, 0x39, 0xFE, 0xDF, 0xFF, 0xFC, 0xFE, 0xD4, 0xFC,
    0xAD, 0xFA, 0xA9, 0xF9, 0xCA, 0xF9, 0x2B, 0xFA, 0x0B, 0xFA, 0x0B, 0xFA, 0x0B, 0xFA, 0x0B, 0xFA,
    0x0B, 0xFA, 0x0B, 0xFA, 0x0B, 0xFA, 0x0B, 0xFA, 0x0B, 0xFA, 0x0B, 0xFA, 0x0B, 0xFA, 0x0B, 0xFA,
    0x0B, 0xFA, 0x0B, 0xFA, 0x0B, 0xFA, 0xEA, 0xF9, 0xEA, 0xF9, 0x2B, 0xFA, 0x0E, 0xFB, 0x56, 0xFD,
    0xBF, 0xFF, 0x7D, 0xFF, 0x94, 0xFC, 0x6C, 0xFA, 0xEA, 0xF9, 0x0B, 0xFA, 0x0B, 0xFA, 0x0B, 0xFA,
    0x0B, 0xFA, 0x0B, 0xFA, 0x0B, 0xFA, 0x0B, 0xFA, 0x0B, 0xFA, 0x0B, 0xFA, 0x0B, 0xFA, 0x0B, 0xFA,
    0x0B, 0xFA, 0x0B, 0xFA, 0x0B, 0xFA, 0x0B, 0xFA, 0x0B, 0xFA, 0xEA, 0xF1, 0xCA, 0xE1, 0xC9, 0xD9,
    0x0B, 0xFA, 0x0B, 0xFA, 0x0B, 0xFA, 0x0B, 0xFA, 0x0B, 0xFA, 0x0B, 0xFA, 0x0B, 0xFA, 0x0B, 0xFA,
    0x0B, 0xFA, 0x0B, 0xFA, 0x0B, 0xFA, 0x0B, 0xFA, 0x0B, 0xFA, 0x0B, 0xFA, 0x0B, 0xFA, 0x0B, 0xFA,
    0x0B, 0xFA, 0x0B, 0xFA, 0x0B, 0xFA, 0x0B, 0xFA, 0x0B, 0xFA, 0x0B, 0xFA, 0x0B, 0xFA, 0x0B, 0xFA,
    0x2B, 0xFA, 0xAA, 0xF9, 0x69, 0xF9, 0x2F, 0xFB, 0x39, 0xFE, 0xDF, 0xFF, 0xFC, 0xFE, 0xD4, 0xFC,
    0xAD, 0xFA, 0xA9, 0xF9, 0xCA, 0xF9, 0x2B, 0xFA, 0x0B, 0xFA, 0x0B, 0xFA, 0x0B, 0xFA, 0x0B, 0xFA,
    0x0B, 0xFA, 0x0B, 0xFA, 0x0B, 0xFA, 0x0B, 0xFA, 0x0B, 0xFA, 0x0B, 0xFA, 0x0B, 0xFA, 0x0B, 0xFA,
    0x0B, 0xFA, 0x0B, 0xFA, 0x0B, 0xFA, 0xEA, 0xF9, 0xEA, 0xF9, 0x2B, 0xFA, 0x0E, 0xFB, 0x56, 0xFD,
    0xBF, 0xFF, 0x7D, 0xFF, 0x94, 0xFC, 0x4C, 0xFA, 0xEA, 0xF9, 0x0B, 0xFA, 0x0B, 0xFA, 0x0B, 0xFA,
    0x0B, 0xFA, 0x0B, 0xFA, 0x0B, 0xFA, 0x0B, 0xFA, 0x0B, 0xFA, 0x0B, 0xFA, 0x0B, 0xFA, 0x0B, 0xFA,
    0x0B, 0xFA, 0x0B, 0xFA, 0x0B, 0xFA, 0x0B, 0xFA, 0x0B, 0xFA, 0xEA, 0xF1, 0xCA, 0xE1, 0xC9, 0xD9,
    0xEA, 0xF9, 0xEA, 0xF9, 0xEA, 0xF9, 0xEA, 0xF9, 0xEA, 0xF9, 0xEA, 0xF9, 0xEA, 0xF9, 0xEA, 0xF9,
    0xEA, 0xF9, 0xEA, 0xF9, 0xEA, 0xF9, 0xEA, 0xF9, 0xEA, 0xF9, 0xEA, 0xF9, 0xEA, 0xF9, 0xEA, 0xF9,
    0xEA, 0xF9, 0xEA, 0xF9, 0xEA, 0xF9, 0xEA, 0xF9, 0xEA, 0xF9, 0xEA, 0xF9, 0xEA, 0xF9, 0x0B, 0xFA,
    0x2B, 0xFA, 0xA9, 0xF9, 0x69, 0xF9, 0x2F, 0xFB, 0x39, 0xFE, 0xDF, 0xFF, 0xFC, 0xFE, 0xD4, 0xFC,
    0xAD, 0xFA, 0xA9, 0xF9, 0xCA, 0xF9, 0x0B, 0xFA, 0x0B, 0xFA, 0xEA, 0xF9, 0xEA, 0xF9, 0xEA, 0xF9,
    0xEA, 0xF9, 0xEA, 0xF9, 0xEA, 0xF9, 0xEA, 0xF9, 0xEA, 0xF9, 0xEA, 0xF9, 0xEA, 0xF9, 0xEA, 0xF9,
    0xEA, 0xF9, 0xEA, 0xF9, 0x0B, 0xFA, 0xEA, 0xF9, 0xEA, 0xF9, 0x2B, 0xFA, 0x0E, 0xFB, 0x56, 0xFD,
    0xBF, 0xFF, 0x7D, 0xFF, 0x93, 0xFC, 0x4C, 0xFA, 0xEA, 0xF9, 0x0B, 0xFA, 0xEA, 0xF9, 0x0B, 0xFA,
    0xEA, 0xF9, 0xEA, 0xF9, 0xEA, 0xF9, 0xEA, 0xF9, 0xEA, 0xF9, 0xEA, 0xF9, 0xEA, 0xF9, 0xEA, 0xF9,
    0xEA, 0xF9, 0xEA, 0xF9, 0xEA, 0xF9, 0x0B, 0xFA, 0x0B, 0xFA, 0xEA, 0xF1, 0xC9, 0xE1, 0xC9, 0xD9,
    0xEA, 0xF9, 0xEA, 0xF9, 0xEA, 0xF9, 0xEA, 0xF9, 0xEA, 0xF9, 0xEA, 0xF9, 0xEA, 0xF9, 0xEA, 0xF9,
    0xEA, 0xF9, 0xEA, 0xF9, 0xEA, 0xF9, 0xEA, 0xF9, 0xEA, 0xF9, 0xEA, 0xF9, 0xEA, 0xF9, 0xEA, 0xF9,
    0xEA, 0xF9, 0xEA, 0xF9, 0xEA, 0xF9, 0xEA, 0xF9, 0xEA, 0xF9, 0xEA, 0xF9, 0xEA, 0xF9, 0x0B, 0xFA,
    0x2B, 0xFA, 0xA9, 0xF9, 0x68, 0xF9, 0x2F, 0xFB, 0x39, 0xFE, 0xDF, 0xFF, 0xFC, 0xFE, 0xD4, 0xFC,
    0xAD, 0xFA, 0x89, 0xF9, 0xCA, 0xF9, 0x0B, 0xFA, 0x0B, 0xFA, 0xEA, 0xF9, 0xEA, 0xF9, 0xEA, 0xF9,
    0xEA, 0xF9, 0xEA, 0xF9, 0xEA, 0xF9, 0xEA, 0xF9, 0xEA, 0xF9, 0xEA, 0xF9, 0xEA, 0xF9, 0xEA, 0xF9,
    0xEA, 0xF9, 0xEA, 0xF9, 0x0B, 0xFA, 0xEA, 0xF9, 0xEA, 0xF9, 0x2B, 0xFA, 0x0E, 0xFB, 0x56, 0xFD,
    0xBF, 0xFF, 0x7D, 0xFF, 0x93, 0xFC, 0x4C, 0xFA, 0xEA, 0xF9, 0x0B, 0xFA, 0xEA, 0xF9, 0x0B, 0xFA,
    0xEA, 0xF9, 0xEA, 0xF9, 0xEA, 0xF9, 0xEA, 0xF9, 0xEA, 0xF9, 0xEA, 0xF9, 0xEA, 0xF9, 0xEA, 0xF9,
    0xEA, 0xF9, 0xEA, 0xF9, 0xEA, 0xF9, 0x0B, 0xFA, 0x0B, 0xFA, 0xEA, 0xF1, 0xC9, 0xE1, 0xC9, 0xD9,
    0xEA, 0xF9, 0xEA, 0xF9, 0xEA, 0xF9, 0xEA, 0xF9, 0xEA, 0xF9, 0xEA, 0xF9, 0xEA, 0xF9, 0xEA, 0xF9,
    0xEA, 0xF9, 0xEA, 0xF9, 0xEA, 0xF9, 0xEA, 0xF9, 0xEA, 0xF9, 0xEA, 0xF9, 0xEA, 0xF9, 0xEA, 0xF9,
    0xEA, 0xF9, 0xEA, 0xF9, 0xEA, 0xF9, 0xEA, 0xF9, 0xEA, 0xF9, 0xEA, 0xF9, 0xEA, 0xF9, 0xEA, 0xF9,
    0x0B, 0xFA, 0x89, 0xF9, 0x48, 0xF9, 0x2E, 0xFB, 0x39, 0xFE, 0xDF, 0xFF, 0xFC, 0xFE, 0xD4, 0xFC,
    0xAD, 0xFA, 0x89, 0xF9, 0xAA, 0xF9, 0x0B, 0xFA, 0xEA, 0xF9, 0xEA, 0xF9, 0xEA, 0xF9, 0xEA, 0xF9,
    0xEA, 0xF9, 0xEA, 0xF9, 0xEA, 0xF9, 0xEA, 0xF9, 0xEA, 0xF9, 0xEA, 0xF9, 0xEA, 0xF9, 0xEA, 0xF9,
    0xEA, 0xF9, 0xEA, 0xF9, 0x0B, 0xFA, 0xEA, 0xF9, 0xEA, 0xF9, 0x2B, 0xFA, 0x0E, 0xFB, 0x76, 0xFD,
    0xBF, 0xFF, 0x7D, 0xFF, 0x93, 0xFC, 0x4C, 0xFA, 0xEA, 0xF9, 0xEA, 0xF9, 0xEA, 0xF9, 0xEA, 0xF9,
    0xEA, 0xF9, 0xEA, 0xF9, 0xEA, 0xF9, 0xEA, 0xF9, 0xEA, 0xF9, 0xEA, 0xF9, 0xEA, 0xF9, 0xEA, 0xF9,
    0xEA, 0xF9, 0xEA, 0xF9, 0xEA, 0xF9, 0xEA, 0xF9, 0x0B, 0xFA, 0xEA, 0xF1, 0xC9, 0xE1, 0xA9, 0xD9,
    0xEA, 0xF9, 0xEA, 0xF9, 0xEA, 0xF9, 0xEA, 0xF9, 0xEA, 0xF9, 0xEA, 0xF9, 0xEA, 0xF9, 0xEA, 0xF9,
    0xEA, 0xF9, 0xEA, 0xF9, 0xEA, 0xF9, 0xEA, 0xF9, 0xEA, 0xF9, 0xEA, 0xF9, 0xEA, 0xF9, 0xEA, 0xF9,
    0xEA, 0xF9, 0xEA, 0xF9, 0xEA, 0xF9, 0xEA, 0xF9, 0xEA, 0xF9, 0xEA, 0xF9, 0xEA, 0xF9, 0xEA, 0xF9,
    0x0B, 0xFA, 0x89, 0xF9, 0x48, 0xF9, 0x2E, 0xFB, 0x39, 0xFE, 0xDF, 0xFF, 0xFC, 0xFE, 0xB4, 0xFC,
    0xAD, 0xFA, 0x89, 0xF9, 0xA9, 0xF9, 0x0B, 0xFA, 0xEA, 0xF9, 0xEA, 0xF9, 0xEA, 0xF9, 0xEA, 0xF9,
    0xEA, 0xF9, 0xEA, 0xF9, 0xEA, 0xF9, 0xEA, 0xF9, 0xEA, 0xF9, 0xEA, 0xF9, 0xEA, 0xF9, 0xEA, 0xF9,
    0xEA, 0xF9, 0xEA, 0xF9, 0x0B, 0xFA, 0xCA, 0xF9, 0xCA, 0xF9, 0xEA, 0xF9, 0xCD, 0xFA, 0x36, 0xFD,
    0xBF, 0xFF, 0x7D, 0xFF, 0x93, 0xFC, 0x4B, 0xFA, 0xEA, 0xF9, 0xEA, 0xF9, 0xEA, 0xF9, 0xEA, 0xF9,
    0xEA, 0xF9, 0xEA, 0xF9, 0xEA, 0xF9, 0xEA, 0xF9, 0xEA, 0xF9, 0xEA, 0xF9, 0xEA, 0xF9, 0xEA, 0xF9,
    0xEA, 0xF9, 0xEA, 0xF9, 0xEA, 0xF9, 0xEA, 0xF9, 0x0B, 0xFA, 0xEA, 0xF1, 0xC9, 0xE1, 0xA9, 0xD9,
    0xEA, 0xF9, 0xEA, 0xF9, 0xEA, 0xF9, 0xEA, 0xF9, 0xEA, 0xF9, 0xEA, 0xF9, 0xEA, 0xF9, 0xEA, 0xF9,
    0xEA, 0xF9, 0xEA, 0xF9, 0xEA, 0xF9, 0xEA, 0xF9, 0xEA, 0xF9, 0xEA, 0xF9, 0xEA, 0xF9, 0xEA, 0xF9,
    0xEA, 0xF9, 0xEA, 0xF9, 0xEA, 0xF9, 0xEA, 0xF9, 0xEA, 0xF9, 0xEA, 0xF9, 0xEA, 0xF9, 0xEA, 0xF9,
    0x0B, 0xFA, 0x89, 0xF9, 0x48, 0xF9, 0x0E, 0xFB, 0x39, 0xFE, 0xDF, 0xFF, 0xFC, 0xFE, 0xB4, 0xFC,
    0x8D, 0xFA, 0x89, 0xF9, 0xA9, 0xF9, 0x0A, 0xFA, 0xEA, 0xF9, 0xEA, 0xF9, 0xEA, 0xF9, 0xEA, 0xF9,
    0xEA, 0xF9, 0xEA, 0xF9, 0xEA, 0xF9, 0xEA, 0xF9, 0xEA, 0xF9, 0xEA, 0xF9, 0xEA, 0xF9, 0x0B, 0xFA,
    0x0B, 0xFA, 0x0B, 0xFA, 0x0B, 0xFA, 0xEA, 0xF9, 0xCA, 0xF9, 0xEA, 0xF9, 0xCD, 0xFA, 0x36, 0xFD,
    0xBF, 0xFF, 0x7D, 0xFF, 0x93, 0xFC, 0x2B, 0xFA, 0xCA, 0xF9, 0xEA, 0xF9, 0xCA, 0xF9, 0xEA, 0xF9,
    0xEA, 0xF9, 0xEA, 0xF9, 0xEA, 0xF9, 0xEA, 0xF9, 0xEA, 0xF9, 0xEA, 0xF9, 0xEA, 0xF9, 0xEA, 0xF9,
    0xEA, 0xF9, 0xEA, 0xF9, 0xEA, 0xF9, 0xEA, 0xF9, 0xEA, 0xF9, 0xCA, 0xF1, 0xA9, 0xE1, 0xA9, 0xD9,
    0xEA, 0xF9, 0xEA, 0xF9, 0xEA, 0xF9, 0xEA, 0xF9, 0xEA, 0xF9, 0xEA, 0xF9, 0xEA, 0xF9, 0xEA, 0xF9,
    0xEA, 0xF9, 0xEA, 0xF9, 0xEA, 0xF9, 0xEA, 0xF9, 0xEA, 0xF9, 0xEA, 0xF9, 0xEA, 0xF9, 0xEA, 0xF9,
    0xEA, 0xF9, 0xEA, 0xF9, 0xEA, 0xF9, 0xEA, 0xF9, 0xEA, 0xF9, 0xEA, 0xF9, 0xEA, 0xF9, 0xEA, 0xF9,
    0x0B, 0xFA, 0x89, 0xF9, 0x48, 0xF9, 0x0E, 0xFB, 0x39, 0xFE, 0xDF, 0xFF, 0xFC, 0xFE, 0xB4, 0xFC,
    0x8D, 0xFA, 0x89, 0xF9, 0xA9, 0xF9, 0x0A, 0xFA, 0xEA, 0xF9, 0xEA, 0xF9, 0xEA, 0xF9, 0xEA, 0xF9,
    0xEA, 0xF9, 0xEA, 0xF9, 0xEA, 0xF9, 0xEA, 0xF9, 0xEA, 0xF9, 0xCA, 0xF9, 0xCA, 0xF9, 0xA9, 0xF9,
    0x89, 0xF9, 0x89, 0xF9, 0xA9, 0xF9, 0xA9, 0xF9, 0xCA, 0xF9, 0x4C, 0xFA, 0x90, 0xFB, 0xD8, 0xFD,
    0xDF, 0xFF, 0x5D, 0xFF, 0x73, 0xFC, 0x2B, 0xFA, 0xCA, 0xF9, 0xEA, 0xF9, 0xCA, 0xF9, 0xEA, 0xF9,
    0xEA, 0xF9, 0xEA, 0xF9, 0xEA, 0xF9, 0xEA, 0xF9, 0xEA, 0xF9, 0xEA, 0xF9, 0xEA, 0xF9, 0xEA, 0xF9,
    0xEA, 0xF9, 0xEA, 0xF9, 0xEA, 0xF9, 0xEA, 0xF9, 0xEA, 0xF9, 0xCA, 0xF1, 0xA9, 0xE1, 0xA9, 0xD9,
    0xCA, 0xF9, 0xCA, 0xF9, 0xCA, 0xF9, 0xCA, 0xF9, 0xCA, 0xF9, 0xCA, 0xF9, 0xCA, 0xF9, 0xCA, 0xF9,
    0xCA, 0xF9, 0xCA, 0xF9, 0xCA, 0xF9, 0xCA, 0xF9, 0xCA, 0xF9, 0xCA, 0xF9, 0xCA, 0xF9, 0xCA, 0xF9,
    0xCA, 0xF9, 0xCA, 0xF9, 0xCA, 0xF9, 0xCA, 0xF9, 0xCA, 0xF9, 0xCA, 0xF9, 0xCA, 0xF9, 0xEA, 0xF9,
    0x0B, 0xFA, 0x89, 0xF9, 0x48, 0xF9, 0x0E, 0xFB, 0x39, 0xFE, 0xDF, 0xFF, 0xFC, 0xFE, 0xB4, 0xFC,
    0x8C, 0xFA, 0x69, 0xF9, 0xA9, 0xF9, 0xEA, 0xF9, 0xEA, 0xF9, 0xCA, 0xF9, 0xCA, 0xF9, 0xCA, 0xF9,
    0xCA, 0xF9, 0xCA, 0xF9, 0xCA, 0xF9, 0xEA, 0xF9, 0xEA, 0xF9, 0xEA, 0xF9, 0xA9, 0xF9, 0x69, 0xF9,
    0x48, 0xF9, 0x48, 0xF9, 0xA9, 0xF9, 0xEA, 0xF9, 0x6C, 0xFA, 0x90, 0xFB, 0x15, 0xFD, 0x1C, 0xFF,
    0xFF, 0xFF, 0x3C, 0xFF, 0x53, 0xFC, 0x4B, 0xFA, 0xCA, 0xF9, 0xEA, 0xF9, 0xCA, 0xF9, 0xEA, 0xF9,
    0xCA, 0xF9, 0xCA, 0xF9, 0xCA, 0xF9, 0xCA, 0xF9, 0xCA, 0xF9, 0xCA, 0xF9, 0xCA, 0xF9, 0xCA, 0xF9,
    0xCA, 0xF9, 0xCA, 0xF9, 0xCA, 0xF9, 0xEA, 0xF9, 0xEA, 0xF9, 0xCA, 0xF1, 0xA9, 0xE1, 0x89, 0xD9,
    0xCA, 0xF9, 0xCA, 0xF9, 0xCA, 0xF9, 0xCA, 0xF9, 0xCA, 0xF9, 0xCA, 0xF9, 0xCA, 0xF9, 0xCA, 0xF9,
    0xCA, 0xF9, 0xCA, 0xF9, 0xCA, 0xF9, 0xCA, 0xF9, 0xCA, 0xF9, 0xCA, 0xF9, 0xCA, 0xF9, 0xCA, 0xF9,
    0xCA, 0xF9, 0xCA, 0xF9, 0xCA, 0xF9, 0xCA, 0xF9, 0xCA, 0xF9, 0xCA, 0xF9, 0xCA, 0xF9, 0xEA, 0xF9,
    0x0B, 0xFA, 0x89, 0xF9, 0x48, 0xF9, 0x0E, 0xFB, 0x39, 0xFE, 0xDF, 0xFF, 0xFC, 0xFE, 0xB4, 0xFC,
    0x8C, 0xFA, 0x69, 0xF9, 0xA9, 0xF9, 0xEA, 0xF9, 0xEA, 0xF9, 0xCA, 0xF9, 0xCA, 0xF9, 0xCA, 0xF9,
    0xCA, 0xF9, 0xCA, 0xF9, 0xEA, 0xF9, 0xCA, 0xF9, 0xA9, 0xF9, 0xCA, 0xF9, 0x2B, 0xFA, 0x8C, 0xFA,
    0xCD, 0xFA, 0x0E, 0xFB, 0x90, 0xFB, 0xD1, 0xFB, 0x73, 0xFC, 0x56, 0xFD, 0x9B, 0xFE, 0xDF, 0xFF,
    0xFF, 0xFF, 0x1C, 0xFF, 0x52, 0xFC, 0x4B, 0xFA, 0xCA, 0xF9, 0xEA, 0xF9, 0xCA, 0xF9, 0xEA, 0xF9,
    0xCA, 0xF9, 0xCA, 0xF9, 0xCA, 0xF9, 0xCA, 0xF9, 0xCA, 0xF9, 0xCA, 0xF9, 0xCA, 0xF9, 0xCA, 0xF9,
    0xCA, 0xF9, 0xCA, 0xF9, 0xCA, 0xF9, 0xEA, 0xF9, 0xEA, 0xF9, 0xCA, 0xF1, 0xA9, 0xE1, 0x89, 0xD9,
    0xCA, 0xF9, 0xCA, 0xF9, 0xCA, 0xF9, 0xCA, 0xF9, 0xCA, 0xF9, 0xCA, 0xF9, 0xCA, 0xF9, 0xCA, 0xF9,
    0xCA, 0xF9, 0xCA, 0xF9, 0xCA, 0xF9, 0xCA, 0xF9, 0xCA, 0xF9, 0xCA, 0xF9, 0xCA, 0xF9, 0xCA, 0xF9,
    0xCA, 0xF9, 0xCA, 0xF9, 0xCA, 0xF9, 0xCA, 0xF9, 0xCA, 0xF9, 0xCA, 0xF9, 0xCA, 0xF9, 0xEA, 0xF9,
    0x0B, 0xFA, 0x89, 0xF9, 0x48, 0xF9, 0x2E, 0xFB, 0x39, 0xFE, 0xBE, 0xFF, 0xFC, 0xFE, 0xB4, 0xFC,
    0x8C, 0xFA, 0x68, 0xF9, 0x89, 0xF9, 0xEA, 0xF9, 0xCA, 0xF9, 0xCA, 0xF9, 0xCA, 0xF9, 0xCA, 0xF9,
    0xCA, 0xF9, 0xCA, 0xF9, 0xEA, 0xF9, 0xA9, 0xF9, 0x89, 0xF9, 0x2B, 0xFA, 0x90, 0xFB, 0xD4, 0xFC,
    0xB7, 0xFD, 0x59, 0xFE, 0xDB, 0xFE, 0xFC, 0xFE, 0x1C, 0xFF, 0x5D, 0xFF, 0x9E, 0xFF, 0xFF, 0xFF,
    0xFF, 0xFF, 0x1C, 0xFF, 0x32, 0xFC, 0x4B, 0xFA, 0xCA, 0xF9, 0xCA, 0xF9, 0xCA, 0xF9, 0xCA, 0xF9,
    0xCA, 0xF9, 0xCA, 0xF9, 0xCA, 0xF9, 0xCA, 0xF9, 0xCA, 0xF9, 0xCA, 0xF9, 0xCA, 0xF9, 0xCA, 0xF9,
    0xCA, 0xF9, 0xCA, 0xF9, 0xCA, 0xF9, 0xCA, 0xF9, 0xCA, 0xF9, 0xA9, 0xF1, 0x89, 0xE1, 0x89, 0xD9,
    0xCA, 0xF9, 0xCA, 0xF9, 0xCA, 0xF9, 0xCA, 0xF9, 0xCA, 0xF9, 0xCA, 0xF9, 0xCA, 0xF9, 0xCA, 0xF9,
    0xCA, 0xF9, 0xCA, 0xF9, 0xCA, 0xF9, 0xCA, 0xF9, 0xCA, 0xF9, 0xCA, 0xF9, 0xCA, 0xF9, 0xCA, 0xF9,
    0xCA, 0xF9, 0xCA, 0xF9, 0xCA, 0xF9, 0xCA, 0xF9, 0xCA, 0xF9, 0xCA, 0xF9, 0xA9, 0xF9, 0xA9, 0xF9,
    0xCA, 0xF9, 0x28, 0xF9, 0xE7, 0xF8, 0xCD, 0xFA, 0x19, 0xFE, 0xDF, 0xFF, 0xFC, 0xFE, 0xB4, 0xFC,
    0x8C, 0xFA, 0x68, 0xF9, 0x89, 0xF9, 0xEA, 0xF9, 0xCA, 0xF9, 0xCA, 0xF9, 0xCA, 0xF9, 0xCA, 0xF9,
    0xCA, 0xF9, 0xA9, 0xF9, 0xA9, 0xF9, 0xEA, 0xF9, 0xAD, 0xFA, 0xF1, 0xFB, 0x77, 0xFD, 0xBB, 0xFE,
    0xBE, 0xFF, 0xFF, 0xFF, 0xFF, 0xFF, 0xFF, 0xFF, 0xFF, 0xFF, 0xFF, 0xFF, 0xFF, 0xFF, 0xFF, 0xFF,
    0xFF, 0xFF, 0x1C, 0xFF, 0x32, 0xFC, 0x4B, 0xFA, 0xCA, 0xF9, 0xCA, 0xF9, 0xCA, 0xF9, 0xCA, 0xF9,
    0xCA, 0xF9, 0xCA, 0xF9, 0xCA, 0xF9, 0xCA, 0xF9, 0xCA, 0xF9, 0xCA, 0xF9, 0xCA, 0xF9, 0xCA, 0xF9,
    0xCA, 0xF9, 0xCA, 0xF9, 0xCA, 0xF9, 0xCA, 0xF9, 0xCA, 0xF9, 0xA9, 0xF1, 0x89, 0xE1, 0x89, 0xD9,
    0xCA, 0xF9, 0xCA, 0xF9, 0xCA, 0xF9, 0xCA, 0xF9, 0xCA, 0xF9, 0xCA, 0xF9, 0xCA, 0xF9, 0xCA, 0xF9,
    0xCA, 0xF9, 0xCA, 0xF9, 0xCA, 0xF9, 0xCA, 0xF9, 0xCA, 0xF9, 0xCA, 0xF9, 0xCA, 0xF9, 0xCA, 0xF9,
    0xCA, 0xF9, 0xCA, 0xF9, 0xCA, 0xF9, 0xEA, 0xF9, 0xEA, 0xF9, 0xEA, 0xF9, 0xCA, 0xF9, 0xA9, 0xF9,
    0xCA, 0xF9, 0x27, 0xF9, 0xC6, 0xF8, 0xAD, 0xFA, 0x39, 0xFE, 0xFF, 0xFF, 0xFC, 0xFE, 0x94, 0xFC,
    0x6C, 0xFA, 0x68, 0xF9, 0x89, 0xF9, 0xEA, 0xF9, 0xCA, 0xF9, 0xCA, 0xF9, 0xCA, 0xF9, 0xCA, 0xF9,
    0xEA, 0xF9, 0x89, 0xF9, 0x68, 0xF9, 0x8D, 0xFA, 0xF5, 0xFC, 0xDB, 0xFE, 0x7D, 0xFF, 0xBF, 0xFF,
    0xFF, 0xFF, 0xFF, 0xFF, 0xFF, 0xFF, 0xFF, 0xFF, 0xFF, 0xFF, 0xFF, 0xFF, 0xFF, 0xFF, 0xFF, 0xFF,
    0xFF, 0xFF, 0x1C, 0xFF, 0x32, 0xFC, 0x2B, 0xFA, 0xA9, 0xF9, 0xCA, 0xF9, 0xA9, 0xF9, 0xCA, 0xF9,
    0xCA, 0xF9, 0xCA, 0xF9, 0xCA, 0xF9, 0xCA, 0xF9, 0xCA, 0xF9, 0xCA, 0xF9, 0xCA, 0xF9, 0xCA, 0xF9,
    0xCA, 0xF9, 0xCA, 0xF9, 0xCA, 0xF9, 0xCA, 0xF9, 0xCA, 0xF9, 0xA9, 0xF1, 0x89, 0xE1, 0x88, 0xD9,
    0xCA, 0xF9, 0xCA, 0xF9, 0xCA, 0xF9, 0xCA, 0xF9, 0xCA, 0xF9, 0xCA, 0xF9, 0xCA, 0xF9, 0xCA, 0xF9,
    0xCA, 0xF9, 0xCA, 0xF9, 0xCA, 0xF9, 0xCA, 0xF9, 0xCA, 0xF9, 0xCA, 0xF9, 0xA9, 0xF9, 0xCA, 0xF9,
    0xCA, 0xF9, 0xA9, 0xF9, 0x89, 0xF9, 0x69, 0xF9, 0x68, 0xF9, 0x89, 0xF9, 0xA9, 0xF9, 0xEA, 0xF9,
    0x2B, 0xFA, 0x0B, 0xFA, 0x0B, 0xFA, 0xF1, 0xFB, 0xDB, 0xFE, 0xFF, 0xFF, 0xFC, 0xFE, 0x94, 0xFC,
    0x6C, 0xFA, 0x68, 0xF9, 0x89, 0xF9, 0xEA, 0xF9, 0xCA, 0xF9, 0xCA, 0xF9, 0xCA, 0xF9, 0xC9, 0xF9,
    0xCA, 0xF9, 0x89, 0xF9, 0xCA, 0xF9, 0xB0, 0xFB, 0xBB, 0xFE, 0xFF, 0xFF, 0xFF, 0xFF, 0xFF, 0xFF,
    0xFF, 0xFF, 0xDF, 0xFF, 0xDF, 0xFF, 0xDF, 0xFF, 0xDF, 0xFF, 0xDF, 0xFF, 0xDF, 0xFF, 0xFF, 0xFF,
    0xFF, 0xFF, 0x1C, 0xFF, 0x32, 0xFC, 0x2B, 0xFA, 0xA9, 0xF9, 0xCA, 0xF9, 0xA9, 0xF9, 0xCA, 0xF9,
    0xCA, 0xF9, 0xCA, 0xF9, 0xCA, 0xF9, 0xCA, 0xF9, 0xCA, 0xF9, 0xCA, 0xF9, 0xCA, 0xF9, 0xCA, 0xF9,
    0xCA, 0xF9, 0xCA, 0xF9, 0xCA, 0xF9, 0xCA, 0xF9, 0xCA, 0xF9, 0xA9, 0xF1, 0x89, 0xE1, 0x88, 0xD9,
    0xA9, 0xF9, 0xA9, 0xF9, 0xA9, 0xF9, 0xA9, 0xF9, 0xA9, 0xF9, 0xA9, 0xF9, 0xA9, 0xF9, 0xA9, 0xF9,
    0xA9, 0xF9, 0xA9, 0xF9, 0xA9, 0xF9, 0xA9, 0xF9, 0xA9, 0xF9, 0xA9, 0xF9, 0xA9, 0xF9, 0xCA, 0xF9,
    0xCA, 0xF9, 0xA9, 0xF9, 0x89, 0xF9, 0x48, 0xF9, 0x28, 0xF9, 0x89, 0xF9, 0x4B, 0xFA, 0xED, 0xFA,
    0x70, 0xFB, 0x11, 0xFC, 0xD4, 0xFC, 0x39, 0xFE, 0x9E, 0xFF, 0xFF, 0xFF, 0xDB, 0xFE, 0xB4, 0xFC,
    0x6C, 0xFA, 0x48, 0xF9, 0x68, 0xF9, 0xCA, 0xF9, 0xA9, 0xF9, 0xA9, 0xF9, 0xCA, 0xF9, 0xA9, 0xF9,
    0xA9, 0xF9, 0xEA, 0xF9, 0xEE, 0xFA, 0xF5, 0xFC, 0x5D, 0xFF, 0xFF, 0xFF, 0xFF, 0xFF, 0xFF, 0xFF,
    0xFF, 0xFF, 0xFF, 0xFF, 0xFF, 0xFF, 0xFF, 0xFF, 0xFF, 0xFF, 0xFF, 0xFF, 0xDF, 0xFF, 0xFF, 0xFF,
    0xFF, 0xFF, 0xFC, 0xFE, 0x32, 0xFC, 0x2B, 0xFA, 0xA9, 0xF9, 0xA9, 0xF9, 0xA9, 0xF9, 0xCA, 0xF9,
    0xA9, 0xF9, 0xA9, 0xF9, 0xA9, 0xF9, 0xA9, 0xF9, 0xA9, 0xF9, 0xA9, 0xF9, 0xA9, 0xF9, 0xA9, 0xF9,
    0xA9, 0xF9, 0xA9, 0xF9, 0xA9, 0xF9, 0xA9, 0xF9, 0xCA, 0xF9, 0xA9, 0xF1, 0x88, 0xE1, 0x88, 0xD9,
    0xA9, 0xF9, 0xA9, 0xF9, 0xA9, 0xF9, 0xA9, 0xF9, 0xA9, 0xF9, 0xA9, 0xF9, 0xA9, 0xF9, 0xA9, 0xF9,
    0xA9, 0xF9, 0xA9, 0xF9, 0xA9, 0xF9, 0xA9, 0xF9, 0xA9, 0xF9, 0xA9, 0xF9, 0xA9, 0xF9, 0x89, 0xF9,
    0x89, 0xF9, 0xA9, 0xF9, 0x0B, 0xFA, 0x8C, 0xFA, 0x0E, 0xFB, 0x90, 0xFB, 0x32, 0xFC, 0xD4, 0xFC,
    0x56, 0xFD, 0x19, 0xFE, 0xFC, 0xFE, 0xBE, 0xFF, 0xFF, 0xFF, 0xDF, 0xFF, 0xBB, 0xFE, 0xB4, 0xFC,
    0x6C, 0xFA, 0x48, 0xF9, 0x68, 0xF9, 0xCA, 0xF9, 0xA9, 0xF9, 0xA9, 0xF9, 0xCA, 0xF9, 0x89, 0xF9,
    0x68, 0xF9, 0x2B, 0xFA, 0xD1, 0xFB, 0xD8, 0xFD, 0x7E, 0xFF, 0xDF, 0xFF, 0xFF, 0xFF, 0xDF, 0xFF,
    0xFF, 0xFF, 0xFF, 0xFF, 0xFF, 0xFF, 0xFF, 0xFF, 0xFF, 0xFF, 0xFF, 0xFF, 0xDF, 0xFF, 0xFF, 0xFF,
    0xFF, 0xFF, 0x1C, 0xFF, 0xF1, 0xFB, 0xEA, 0xF9, 0x89, 0xF9, 0xA9, 0xF9, 0xA9, 0xF9, 0xA9, 0xF9,
    0xA9, 0xF9, 0xA9, 0xF9, 0xA9, 0xF9, 0xA9, 0xF9, 0xA9, 0xF9, 0xA9, 0xF9, 0xA9, 0xF9, 0xA9, 0xF9,
    0xA9, 0xF9, 0xA9, 0xF9, 0xA9, 0xF9, 0xA9, 0xF9, 0xCA, 0xF9, 0xA9, 0xF1, 0x88, 0xE1, 0x88, 0xD9,
    0xA9, 0xF9, 0xA9, 0xF9, 0xA9, 0xF9, 0xA9, 0xF9, 0xA9, 0xF9, 0xA9, 0xF9, 0xA9, 0xF9, 0xA9, 0xF9,
    0xA9, 0xF9, 0xA9, 0xF9, 0xA9, 0xF9, 0xA9, 0xF9, 0xA9, 0xF9, 0xA9, 0xF9, 0xCA, 0xF9, 0x89, 0xF9,
    0x48, 0xF9, 0x0A, 0xFA, 0x90, 0xFB, 0x36, 0xFD, 0x59, 0xFE, 0xDB, 0xFE, 0x1C, 0xFF, 0x3D, 0xFF,
    0x5D, 0xFF, 0x9E, 0xFF, 0xDF, 0xFF, 0xFF, 0xFF, 0xFF, 0xFF, 0xDF, 0xFF, 0xBB, 0xFE, 0xB4, 0xFC,
    0x6C, 0xFA, 0x48, 0xF9, 0x68, 0xF9, 0xCA, 0xF9, 0xA9, 0xF9, 0xA9, 0xF9, 0xCA, 0xF9, 0x69, 0xF9,
    0x68, 0xF9, 0x4B, 0xFA, 0x32, 0xFC, 0x39, 0xFE, 0x9E, 0xFF, 0xFF, 0xFF, 0xFF, 0xFF, 0xFF, 0xFF,
    0xFF, 0xFF, 0xFF, 0xFF, 0xFF, 0xFF, 0xFF, 0xFF, 0xFF, 0xFF, 0xFF, 0xFF, 0xDF, 0xFF, 0xFF, 0xFF,
    0xFF, 0xFF, 0xFC, 0xFE, 0x90, 0xFB, 0x89, 0xF9, 0x68, 0xF9, 0xCA, 0xF9, 0xA9, 0xF9, 0xA9, 0xF9,
    0xA9, 0xF9, 0xA9, 0xF9, 0xA9, 0xF9, 0xA9, 0xF9, 0xA9, 0xF9, 0xA9, 0xF9, 0xA9, 0xF9, 0xA9, 0xF9,
    0xA9, 0xF9, 0xA9, 0xF9, 0xA9, 0xF9, 0xA9, 0xF9, 0xA9, 0xF9, 0x89, 0xF1, 0x88, 0xE1, 0x68, 0xD9,
    0xA9, 0xF9, 0xA9, 0xF9, 0xA9, 0xF9, 0xA9, 0xF9, 0xA9, 0xF9, 0xA9, 0xF9, 0xA9, 0xF9, 0xA9, 0xF9,
    0xA9, 0xF9, 0xA9, 0xF9, 0xA9, 0xF9, 0xA9, 0xF9, 0xA9, 0xF9, 0x89, 0xF9, 0xA9, 0xF9, 0xA9, 0xF9,
    0x2B, 0xFA, 0x70, 0xFB, 0x77, 0xFD, 0x3D, 0xFF, 0xFF, 0xFF, 0xFF, 0xFF, 0xFF, 0xFF, 0xFF, 0xFF,
    0xFF, 0xFF, 0xFF, 0xFF, 0xFF, 0xFF, 0xFF, 0xFF, 0xFF, 0xFF, 0xDF, 0xFF, 0xBB, 0xFE, 0xB4, 0xFC,
    0x6C, 0xFA, 0x48, 0xF9, 0x68, 0xF9, 0xCA, 0xF9, 0xA9, 0xF9, 0xA9, 0xF9, 0xAA, 0xF9, 0x69, 0xF9,
    0x68, 0xF9, 0x2B, 0xFA, 0x11, 0xFC, 0x19, 0xFE, 0xBE, 0xFF, 0xFF, 0xFF, 0xFF, 0xFF, 0xDF, 0xFF,
    0xFF, 0xFF, 0xFF, 0xFF, 0xFF, 0xFF, 0xFF, 0xFF, 0xFF, 0xFF, 0xFF, 0xFF, 0xFF, 0xFF, 0xFF, 0xFF,
    0xFF, 0xFF, 0x7A, 0xFE, 0x2E, 0xFB, 0x48, 0xF9, 0x68, 0xF9, 0xCA, 0xF9, 0xA9, 0xF9, 0xA9, 0xF9,
    0xA9, 0xF9, 0xA9, 0xF9, 0xA9, 0xF9, 0xA9, 0xF9, 0xA9, 0xF9, 0xA9, 0xF9, 0xA9, 0xF9, 0xA9, 0xF9,
    0xA9, 0xF9, 0xA9, 0xF9, 0xA9, 0xF9, 0xA9, 0xF9, 0xA9, 0xF9, 0x89, 0xF1, 0x88, 0xE1, 0x68, 0xD9,
    0x89, 0xF9, 0x89, 0xF9, 0x89, 0xF9, 0x89, 0xF9, 0x89, 0xF9, 0x89, 0xF9, 0x89, 0xF9, 0x89, 0xF9,
    0x89, 0xF9, 0x89, 0xF9, 0x89, 0xF9, 0xA9, 0xF9, 0xA9, 0xF9, 0x68, 0xF9, 0x48, 0xF9, 0x0B, 0xFA,
    0xD1, 0xFB, 0xD8, 0xFD, 0x3D, 0xFF, 0xFF, 0xFF, 0xFF, 0xFF, 0xFF, 0xFF, 0xFF, 0xFF, 0xFF, 0xFF,
    0xFF, 0xFF, 0xFF, 0xFF, 0xFF, 0xFF, 0xFF, 0xFF, 0xFF, 0xFF, 0xDF, 0xFF, 0xBB, 0xFE, 0xB4, 0xFC,
    0x4C, 0xFA, 0x28, 0xF9, 0x68, 0xF9, 0xA9, 0xF9, 0xA9, 0xF9, 0xA9, 0xF9, 0xA9, 0xF9, 0x69, 0xF9,
    0x68, 0xF9, 0xEA, 0xF9, 0x6F, 0xFB, 0x76, 0xFD, 0x7E, 0xFF, 0xFF, 0xFF, 0xDF, 0xFF, 0xBF, 0xFF,
    0xDF, 0xFF, 0xFF, 0xFF, 0xFF, 0xFF, 0xDF, 0xFF, 0xDF, 0xFF, 0xDF, 0xFF, 0xFF, 0xFF, 0xFF, 0xFF,
    0x7D, 0xFF, 0x97, 0xFD, 0xAD, 0xFA, 0x27, 0xF9, 0x48, 0xF9, 0xCA, 0xF9, 0xA9, 0xF9, 0x89, 0xF9,
    0x89, 0xF9, 0x89, 0xF9, 0x89, 0xF9, 0x89, 0xF9, 0x89, 0xF9, 0x89, 0xF9, 0x89, 0xF9, 0x89, 0xF9,
    0x89, 0xF9, 0x89, 0xF9, 0x89, 0xF9, 0xA9, 0xF9, 0xA9, 0xF9, 0x89, 0xF1, 0x68, 0xE1, 0x68, 0xD9,
    0x89, 0xF9, 0x89, 0xF9, 0x89, 0xF9, 0x89, 0xF9, 0x89, 0xF9, 0x89, 0xF9, 0x89, 0xF9, 0x89, 0xF9,
    0x89, 0xF9, 0x89, 0xF9, 0x89, 0xF9, 0xA9, 0xF9, 0xA9, 0xF9, 0x48, 0xF9, 0x27, 0xF9, 0x8C, 0xFA,
    0x76, 0xFD, 0x5D, 0xFF, 0xFF, 0xFF, 0xFF, 0xFF, 0xDF, 0xFF, 0xDF, 0xFF, 0xDF, 0xFF, 0xDF, 0xFF,
    0xDF, 0xFF, 0xDF, 0xFF, 0xDF, 0xFF, 0xFF, 0xFF, 0xFF, 0xFF, 0xDF, 0xFF, 0xBB, 0xFE, 0xB4, 0xFC,
    0x4C, 0xFA, 0x28, 0xF9, 0x48, 0xF9, 0xA9, 0xF9, 0xA9, 0xF9, 0x89, 0xF9, 0xA9, 0xF9, 0x89, 0xF9,
    0x89, 0xF9, 0xA9, 0xF9, 0x6C, 0xFA, 0x53, 0xFC, 0xFC, 0xFE, 0xFF, 0xFF, 0xFF, 0xFF, 0xFF, 0xFF,
    0xFF, 0xFF, 0xFF, 0xFF, 0xFF, 0xFF, 0xFF, 0xFF, 0xFF, 0xFF, 0xFF, 0xFF, 0xFF, 0xFF, 0x7E, 0xFF,
    0xF8, 0xFD, 0xF1, 0xFB, 0x0B, 0xFA, 0x48, 0xF9, 0x68, 0xF9, 0xA9, 0xF9, 0x89, 0xF9, 0x89, 0xF9,
    0x89, 0xF9, 0x89, 0xF9, 0x89, 0xF9, 0x89, 0xF9, 0x89, 0xF9, 0x89, 0xF9, 0x89, 0xF9, 0x89, 0xF9,
    0x89, 0xF9, 0x89, 0xF9, 0x89, 0xF9, 0xA9, 0xF9, 0xA9, 0xF9, 0x89, 0xF1, 0x68, 0xE1, 0x68, 0xD9,
    0x89, 0xF9, 0x89, 0xF9, 0x89, 0xF9, 0x89, 0xF9, 0x89, 0xF9, 0x89, 0xF9, 0x89, 0xF9, 0x89, 0xF9,
    0x89, 0xF9, 0x89, 0xF9, 0x89, 0xF9, 0x89, 0xF9, 0xA9, 0xF9, 0x48, 0xF9, 0x28, 0xF9, 0x0E, 0xFB,
    0x7A, 0xFE, 0xFF, 0xFF, 0xFF, 0xFF, 0xFF, 0xFF, 0xFF, 0xFF, 0xFF, 0xFF, 0xFF, 0xFF, 0xFF, 0xFF,
    0xFF, 0xFF, 0xFF, 0xFF, 0xFF, 0xFF, 0xFF, 0xFF, 0xFF, 0xFF, 0xBE, 0xFF, 0x9A, 0xFE, 0x93, 0xFC,
    0x4B, 0xFA, 0x28, 0xF9, 0x48, 0xF9, 0xA9, 0xF9, 0x89, 0xF9, 0x89, 0xF9, 0x89, 0xF9, 0x89, 0xF9,
    0xA9, 0xF9, 0x68, 0xF9, 0x69, 0xF9, 0xEE, 0xFA, 0xB7, 0xFD, 0x9E, 0xFF, 0xFF, 0xFF, 0xFF, 0xFF,
    0xFF, 0xFF, 0xFF, 0xFF, 0xFF, 0xFF, 0xFF, 0xFF, 0xFF, 0xFF, 0xFF, 0xFF, 0xDF, 0xFF, 0x39, 0xFE,
    0xD1, 0xFB, 0x0B, 0xFA, 0x89, 0xF9, 0x89, 0xF9, 0x89, 0xF9, 0x89, 0xF9, 0x89, 0xF9, 0x89, 0xF9,
    0x89, 0xF9, 0x89, 0xF9, 0x89, 0xF9, 0x89, 0xF9, 0x89, 0xF9, 0x89, 0xF9, 0x89, 0xF9, 0x89, 0xF9,
    0x89, 0xF9, 0x89, 0xF9, 0x89, 0xF9, 0x89, 0xF9, 0xA9, 0xF9, 0x89, 0xF1, 0x68, 0xE1, 0x68, 0xD9,
    0x89, 0xF1, 0x89, 0xF9, 0x89, 0xF9, 0x89, 0xF9, 0x89, 0xF9, 0x89, 0xF9, 0x89, 0xF9, 0x89, 0xF9,
    0x89, 0xF9, 0x89, 0xF9, 0x89, 0xF9, 0x89, 0xF9, 0xA9, 0xF9, 0x48, 0xF9, 0x48, 0xF9, 0x4F, 0xFB,
    0xDB, 0xFE, 0xFF, 0xFF, 0xFF, 0xFF, 0xBF, 0xFF, 0xFF, 0xFF, 0xFF, 0xFF, 0xFF, 0xFF, 0xFF, 0xFF,
    0xFF, 0xFF, 0xFF, 0xFF, 0xFF, 0xFF, 0xFF, 0xFF, 0xFF, 0xFF, 0xBE, 0xFF, 0x59, 0xFE, 0x52, 0xFC,
    0x2B, 0xFA, 0x48, 0xF9, 0x48, 0xF9, 0xA9, 0xF9, 0x89, 0xF9, 0x89, 0xF9, 0x89, 0xF9, 0x89, 0xF9,
    0xA9, 0xF9, 0x48, 0xF9, 0x27, 0xF9, 0x0A, 0xFA, 0xF1, 0xFB, 0xB7, 0xFD, 0xDC, 0xFE, 0x5D, 0xFF,
    0x7D, 0xFF, 0x7D, 0xFF, 0x5D, 0xFF, 0x3D, 0xFF, 0x1C, 0xFF, 0xDB, 0xFE, 0xD8, 0xFD, 0x32, 0xFC,
    0x2B, 0xFA, 0x48, 0xF9, 0x68, 0xF9, 0xA9, 0xF9, 0x89, 0xF9, 0x89, 0xF9, 0x89, 0xF9, 0x89, 0xF9,
    0x89, 0xF9, 0x89, 0xF9, 0x89, 0xF9, 0x89, 0xF9, 0x89, 0xF9, 0x89, 0xF9, 0x89, 0xF9, 0x89, 0xF9,
    0x89, 0xF9, 0x89, 0xF9, 0x89, 0xF9, 0x89, 0xF9, 0xA9, 0xF9, 0x89, 0xF1, 0x68, 0xE1, 0x47, 0xD1,
    0x68, 0xF1, 0x68, 0xF1, 0x89, 0xF9, 0x89, 0xF9, 0x89, 0xF9, 0x89, 0xF9, 0x89, 0xF9, 0x89, 0xF9,
    0x89, 0xF9, 0x89, 0xF9, 0x89, 0xF9, 0x89, 0xF9, 0xA9, 0xF9, 0x48, 0xF9, 0x48, 0xF9, 0x6F, 0xFB,
    0xFC, 0xFE, 0xFF, 0xFF, 0xFF, 0xFF, 0xBF, 0xFF, 0xFF, 0xFF, 0xFF, 0xFF, 0xFF, 0xFF, 0xFF, 0xFF,
    0xFF, 0xFF, 0xFF, 0xFF, 0xDF, 0xFF, 0xFF, 0xFF, 0xDF, 0xFF, 0x7E, 0xFF, 0xB8, 0xFD, 0xB0, 0xFB,
    0x0A, 0xFA, 0x48, 0xF9, 0x68, 0xF9, 0xA9, 0xF9, 0x89, 0xF9, 0x89, 0xF9, 0x89, 0xF9, 0x89, 0xF9,
    0x89, 0xF9, 0x68, 0xF9, 0x68, 0xF9, 0x89, 0xF9, 0xEA, 0xF9, 0xEE, 0xFA, 0x12, 0xFC, 0xF5, 0xFC,
    0x97, 0xFD, 0x97, 0xFD, 0x76, 0xFD, 0xF5, 0xFC, 0x52, 0xFC, 0x90, 0xFB, 0xCD, 0xFA, 0x0B, 0xFA,
    0x89, 0xF9, 0x68, 0xF9, 0x68, 0xF9, 0x89, 0xF9, 0x89, 0xF9, 0x89, 0xF9, 0x89, 0xF9, 0x89, 0xF9,
    0x89, 0xF9, 0x89, 0xF9, 0x89, 0xF9, 0x89, 0xF9, 0x89, 0xF9, 0x89, 0xF9, 0x89, 0xF9, 0x89, 0xF9,
    0x89, 0xF9, 0x89, 0xF9, 0x89, 0xF9, 0x89, 0xF9, 0x89, 0xF9, 0x68, 0xF1, 0x68, 0xD9, 0x47, 0xD1,
    0x68, 0xE9, 0x68, 0xF1, 0x68, 0xF1, 0x89, 0xF9, 0x89, 0xF9, 0x89, 0xF9, 0x89, 0xF9, 0x89, 0xF9,
    0x89, 0xF9, 0x89, 0xF9, 0x89, 0xF9, 0x89, 0xF9, 0xA9, 0xF9, 0x48, 0xF9, 0x28, 0xF9, 0x2F, 0xFB,
    0xBB, 0xFE, 0xFF, 0xFF, 0xFF, 0xFF, 0xDF, 0xFF, 0xFF, 0xFF, 0xFF, 0xFF, 0xFF, 0xFF, 0xFF, 0xFF,
    0xFF, 0xFF, 0xFF, 0xFF, 0xFF, 0xFF, 0xFF, 0xFF, 0xFF, 0xFF, 0x5D, 0xFF, 0xD4, 0xFC, 0xAD, 0xFA,
    0xA9, 0xF9, 0x68, 0xF9, 0x68, 0xF9, 0x89, 0xF9, 0x89, 0xF9, 0x89, 0xF9, 0x89, 0xF9, 0x89, 0xF9,
    0x89, 0xF9, 0x89, 0xF9, 0xA9, 0xF9, 0x68, 0xF9, 0x27, 0xF9, 0x48, 0xF9, 0x0B, 0xFA, 0xEE, 0xFA,
    0x6F, 0xFB, 0x90, 0xFB, 0x6F, 0xFB, 0xED, 0xFA, 0x4B, 0xFA, 0x89, 0xF9, 0x27, 0xF9, 0x27, 0xF9,
    0x68, 0xF9, 0xA9, 0xF9, 0x89, 0xF9, 0x89, 0xF9, 0x89, 0xF9, 0x89, 0xF9, 0x89, 0xF9, 0x89, 0xF9,
    0x89, 0xF9, 0x89, 0xF9, 0x89, 0xF9, 0x89, 0xF9, 0x89, 0xF9, 0x89, 0xF9, 0x89, 0xF9, 0x89, 0xF9,
    0x89, 0xF9, 0x89, 0xF9, 0x89, 0xF9, 0x89, 0xF9, 0x89, 0xF9, 0x68, 0xF1, 0x48, 0xD9, 0x47, 0xC9,
    0x68, 0xE1, 0x68, 0xE9, 0x68, 0xF1, 0x89, 0xF9, 0x89, 0xF9, 0x89, 0xF9, 0x68, 0xF9, 0x68, 0xF9,
    0x68, 0xF9, 0x68, 0xF9, 0x68, 0xF9, 0x89, 0xF9, 0xA9, 0xF9, 0x27, 0xF9, 0x07, 0xF9, 0xCD, 0xFA,
    0x19, 0xFE, 0xDF, 0xFF, 0xFF, 0xFF, 0xDF, 0xFF, 0xDF, 0xFF, 0xDF, 0xFF, 0xDF, 0xFF, 0xDF, 0xFF,
    0xDF, 0xFF, 0xDF, 0xFF, 0xDF, 0xFF, 0xFF, 0xFF, 0xFF, 0xFF, 0xBB, 0xFE, 0x90, 0xFB, 0x89, 0xF9,
    0x48, 0xF9, 0x89, 0xF9, 0x88, 0xF9, 0x89, 0xF9, 0x89, 0xF9, 0x68, 0xF9, 0x68, 0xF9, 0x68, 0xF9,
    0x68, 0xF9, 0x89, 0xF9, 0x89, 0xF9, 0x68, 0xF9, 0x48, 0xF9, 0x48, 0xF9, 0x68, 0xF9, 0xA9, 0xF9,
    0xEA, 0xF9, 0xEA, 0xF9, 0xEA, 0xF9, 0xA9, 0xF9, 0x89, 0xF9, 0x48, 0xF9, 0x28, 0xF9, 0x48, 0xF9,
    0x68, 0xF9, 0x89, 0xF9, 0x89, 0xF9, 0x68, 0xF9, 0x68, 0xF9, 0x68, 0xF9, 0x68, 0xF9, 0x68, 0xF9,
    0x68, 0xF9, 0x68, 0xF9, 0x68, 0xF9, 0x68, 0xF9, 0x68, 0xF9, 0x68, 0xF9, 0x68, 0xF9, 0x68, 0xF9,
    0x68, 0xF9, 0x68, 0xF9, 0x68, 0xF9, 0x89, 0xF9, 0x89, 0xF9, 0x68, 0xF1, 0x47, 0xD1, 0x26, 0xC1,
    0x47, 0xD1, 0x47, 0xE1, 0x68, 0xF1, 0x89, 0xF9, 0x89, 0xF9, 0x68, 0xF9, 0x68, 0xF9, 0x68, 0xF9,
    0x68, 0xF9, 0x68, 0xF9, 0x68, 0xF9, 0x89, 0xF9, 0x89, 0xF9, 0x28, 0xF9, 0x07, 0xF9, 0x2B, 0xFA,
    0x73, 0xFC, 0x9A, 0xFE, 0xDF, 0xFF, 0xFF, 0xFF, 0xFF, 0xFF, 0xFF, 0xFF, 0xFF, 0xFF, 0xFF, 0xFF,
    0xFF, 0xFF, 0xFF, 0xFF, 0xFF, 0xFF, 0x9E, 0xFF, 0xFC, 0xFE, 0x15, 0xFD, 0x6C, 0xFA, 0x07, 0xF9,
    0x27, 0xF9, 0x89, 0xF9, 0x88, 0xF9, 0x68, 0xF9, 0x68, 0xF9, 0x68, 0xF9, 0x68, 0xF9, 0x68, 0xF9,
    0x68, 0xF9, 0x68, 0xF9, 0x68, 0xF9, 0x89, 0xF9, 0x89, 0xF9, 0x89, 0xF9, 0x68, 0xF9, 0x48, 0xF9,
    0x48, 0xF9, 0x48, 0xF9, 0x48, 0xF9, 0x48, 0xF9, 0x68, 0xF9, 0x89, 0xF9, 0x89, 0xF9, 0x89, 0xF9,
    0x89, 0xF9, 0x68, 0xF9, 0x68, 0xF9, 0x68, 0xF9, 0x68, 0xF9, 0x68, 0xF9, 0x68, 0xF9, 0x68, 0xF9,
    0x68, 0xF9, 0x68, 0xF9, 0x68, 0xF9, 0x68, 0xF9, 0x68, 0xF9, 0x68, 0xF9, 0x68, 0xF9, 0x68, 0xF9,
    0x68, 0xF9, 0x68, 0xF9, 0x68, 0xF9, 0x89, 0xF9, 0x89, 0xF9, 0x48, 0xE9, 0x27, 0xC9, 0x06, 0xB1,
    0x26, 0xC1, 0x47, 0xD1, 0x68, 0xF1, 0x89, 0xF9, 0x69, 0xF9, 0x68, 0xF9, 0x68, 0xF9, 0x68, 0xF9,
    0x68, 0xF9, 0x68, 0xF9, 0x68, 0xF9, 0x68, 0xF9, 0x89, 0xF9, 0x48, 0xF9, 0x48, 0xF9, 0x89, 0xF9,
    0x6C, 0xFA, 0x53, 0xFC, 0xDB, 0xFE, 0xFF, 0xFF, 0xFF, 0xFF, 0xFF, 0xFF, 0xFF, 0xFF, 0xFF, 0xFF,
    0xFF, 0xFF, 0xFF, 0xFF, 0x9E, 0xFF, 0x19, 0xFE, 0x52, 0xFC, 0xAC, 0xFA, 0x89, 0xF9, 0x48, 0xF9,
    0x48, 0xF9, 0x89, 0xF9, 0x68, 0xF9, 0x68, 0xF9, 0x68, 0xF9, 0x68, 0xF9, 0x68, 0xF9, 0x68, 0xF9,
    0x68, 0xF9, 0x68, 0xF9, 0x68, 0xF9, 0x68, 0xF9, 0x68, 0xF9, 0x68, 0xF9, 0x68, 0xF9, 0x48, 0xF9,
    0x48, 0xF9, 0x48, 0xF9, 0x48, 0xF9, 0x48, 0xF9, 0x68, 0xF9, 0x68, 0xF9, 0x68, 0xF9, 0x68, 0xF9,
    0x68, 0xF9, 0x68, 0xF9, 0x68, 0xF9, 0x68, 0xF9, 0x68, 0xF9, 0x68, 0xF9, 0x68, 0xF9, 0x68, 0xF9,
    0x68, 0xF9, 0x68, 0xF9, 0x68, 0xF9, 0x68, 0xF9, 0x68, 0xF9, 0x68, 0xF9, 0x68, 0xF9, 0x68, 0xF9,
    0x68, 0xF9, 0x68, 0xF9, 0x68, 0xF9, 0x89, 0xF9, 0x89, 0xF9, 0x48, 0xE9, 0x06, 0xC1, 0xE5, 0xA0,
    0xE5, 0xA8, 0x06, 0xC9, 0x48, 0xE9, 0x89, 0xF9, 0x69, 0xF9, 0x68, 0xF9, 0x68, 0xF9, 0x68, 0xF9,
    0x68, 0xF9, 0x68, 0xF9, 0x68, 0xF9, 0x68, 0xF9, 0x68, 0xF9, 0x68, 0xF9, 0x89, 0xF9, 0x48, 0xF9,
    0x48, 0xF9, 0x8C, 0xFA, 0xB4, 0xFC, 0x59, 0xFE, 0xDB, 0xFE, 0xFC, 0xFE, 0xFC, 0xFE, 0xFC, 0xFE,
    0xDB, 0xFE, 0x7A, 0xFE, 0x97, 0xFD, 0x12, 0xFC, 0x2B, 0xFA, 0x48, 0xF9, 0x48, 0xF9, 0x89, 0xF9,
    0x68, 0xF9, 0x68, 0xF9, 0x68, 0xF9, 0x68, 0xF9, 0x68, 0xF9, 0x68, 0xF9, 0x68, 0xF9, 0x68, 0xF9,
    0x68, 0xF9, 0x68, 0xF9, 0x68, 0xF9, 0x68, 0xF9, 0x68, 0xF9, 0x68, 0xF9, 0x68, 0xF9, 0x89, 0xF9,
    0x89, 0xF9, 0x89, 0xF9, 0x89, 0xF9, 0x88, 0xF9, 0x68, 0xF9, 0x68, 0xF9, 0x68, 0xF9, 0x68, 0xF9,
    0x68, 0xF9, 0x68, 0xF9, 0x68, 0xF9, 0x68, 0xF9, 0x68, 0xF9, 0x68, 0xF9, 0x68, 0xF9, 0x68, 0xF9,
    0x68, 0xF9, 0x68, 0xF9, 0x68, 0xF9, 0x68, 0xF9, 0x68, 0xF9, 0x68, 0xF9, 0x68, 0xF9, 0x68, 0xF9,
    0x68, 0xF9, 0x68, 0xF9, 0x68, 0xF9, 0x89, 0xF9, 0x89, 0xF9, 0x48, 0xE9, 0x06, 0xB1, 0xC4, 0x80,
    0xC4, 0x80, 0x06, 0xB1, 0x47, 0xE1, 0x69, 0xF9, 0x68, 0xF9, 0x48, 0xF1, 0x68, 0xF9, 0x68, 0xF9,
    0x68, 0xF9, 0x68, 0xF9, 0x68, 0xF9, 0x68, 0xF9, 0x68, 0xF9, 0x68, 0xF9, 0x68, 0xF9, 0x48, 0xF9,
    0x48, 0xF9, 0x89, 0xF9, 0x2B, 0xFA, 0xED, 0xFA, 0x90, 0xFB, 0xF1, 0xFB, 0x12, 0xFC, 0xD0, 0xFB,
    0x4F, 0xFB, 0xCD, 0xFA, 0x6C, 0xFA, 0x0A, 0xFA, 0x68, 0xF9, 0x27, 0xF9, 0x48, 0xF9, 0x68, 0xF9,
    0x68, 0xF9, 0x68, 0xF9, 0x68, 0xF9, 0x68, 0xF9, 0x68, 0xF9, 0x68, 0xF9, 0x68, 0xF9, 0x68, 0xF9,
    0x68, 0xF9, 0x68, 0xF9, 0x68, 0xF9, 0x68, 0xF9, 0x68, 0xF9, 0x68, 0xF9, 0x68, 0xF9, 0x68, 0xF9,
    0x68, 0xF9, 0x68, 0xF9, 0x68, 0xF9, 0x68, 0xF9, 0x68, 0xF9, 0x68, 0xF9, 0x68, 0xF9, 0x68, 0xF9,
    0x68, 0xF9, 0x68, 0xF9, 0x68, 0xF9, 0x68, 0xF9, 0x68, 0xF9, 0x68, 0xF9, 0x68, 0xF9, 0x68, 0xF9,
    0x68, 0xF9, 0x68, 0xF9, 0x68, 0xF9, 0x68, 0xF9, 0x68, 0xF9, 0x68, 0xF9, 0x68, 0xF9, 0x68, 0xF9,
    0x68, 0xF9, 0x68, 0xF9, 0x68, 0xF1, 0x69, 0xF9, 0x89, 0xF9, 0x47, 0xE1, 0xE5, 0xA0, 0x62, 0x50,
    0x83, 0x58, 0xE5, 0xA0, 0x47, 0xE9, 0x89, 0xF9, 0x68, 0xF9, 0x48, 0xF1, 0x68, 0xF9, 0x68, 0xF9,
    0x68, 0xF9, 0x68, 0xF9, 0x68, 0xF9, 0x68, 0xF9, 0x68, 0xF9, 0x68, 0xF9, 0x48, 0xF9, 0x68, 0xF9,
    0x68, 0xF9, 0x48, 0xF9, 0xE7, 0xF8, 0x07, 0xF9, 0x68, 0xF9, 0xEA, 0xF9, 0xEA, 0xF9, 0xA9, 0xF9,
    0x28, 0xF9, 0xE6, 0xF8, 0xC6, 0xF8, 0x07, 0xF9, 0x48, 0xF9, 0x68, 0xF9, 0x68, 0xF9, 0x48, 0xF9,
    0x68, 0xF9, 0x68, 0xF9, 0x68, 0xF9, 0x68, 0xF9, 0x68, 0xF9, 0x68, 0xF9, 0x68, 0xF9, 0x68, 0xF9,
    0x68, 0xF9, 0x68, 0xF9, 0x68, 0xF9, 0x68, 0xF9, 0x68, 0xF9, 0x68, 0xF9, 0x68, 0xF9, 0x68, 0xF9,
    0x68, 0xF9, 0x68, 0xF9, 0x68, 0xF9, 0x68, 0xF9, 0x68, 0xF9, 0x68, 0xF9, 0x68, 0xF9, 0x68, 0xF9,
    0x68, 0xF9, 0x68, 0xF9, 0x68, 0xF9, 0x68, 0xF9, 0x68, 0xF9, 0x68, 0xF9, 0x68, 0xF9, 0x68, 0xF9,
    0x68, 0xF9, 0x68, 0xF9, 0x68, 0xF9, 0x68, 0xF9, 0x68, 0xF9, 0x68, 0xF9, 0x68, 0xF9, 0x68, 0xF9,
    0x68, 0xF9, 0x68, 0xF9, 0x48, 0xF1, 0x69, 0xF9, 0x89, 0xF9, 0x47, 0xE9, 0xE5, 0x98, 0x21, 0x30,
    0x21, 0x28, 0xC5, 0x98, 0x48, 0xF1, 0x89, 0xF9, 0x68, 0xF9, 0x48, 0xF1, 0x48, 0xF1, 0x48, 0xF9,
    0x48, 0xF9, 0x48, 0xF9, 0x48, 0xF9, 0x48, 0xF9, 0x48, 0xF9, 0x48, 0xF9, 0x48, 0xF9, 0x68, 0xF9,
    0x68, 0xF9, 0x48, 0xF9, 0x07, 0xF9, 0x07, 0xF9, 0x27, 0xF9, 0x48, 0xF9, 0x48, 0xF9, 0x48, 0xF9,
    0x07, 0xF9, 0x07, 0xF9, 0x07, 0xF9, 0x27, 0xF9, 0x48, 0xF9, 0x68, 0xF9, 0x68, 0xF9, 0x48, 0xF9,
    0x48, 0xF9, 0x48, 0xF9, 0x48, 0xF9, 0x48, 0xF9, 0x48, 0xF9, 0x48, 0xF9, 0x48, 0xF9, 0x48, 0xF9,
    0x48, 0xF9, 0x48, 0xF9, 0x48, 0xF9, 0x48, 0xF9, 0x48, 0xF9, 0x48, 0xF9, 0x48, 0xF9, 0x48, 0xF9,
    0x48, 0xF9, 0x48, 0xF9, 0x48, 0xF9, 0x48, 0xF9, 0x48, 0xF9, 0x48, 0xF9, 0x48, 0xF9, 0x48, 0xF9,
    0x48, 0xF9, 0x48, 0xF9, 0x48, 0xF9, 0x48, 0xF9, 0x48, 0xF9, 0x48, 0xF9, 0x48, 0xF9, 0x48, 0xF9,
    0x48, 0xF9, 0x48, 0xF9, 0x48, 0xF9, 0x48, 0xF9, 0x48, 0xF9, 0x48, 0xF9, 0x48, 0xF9, 0x48, 0xF9,
    0x48, 0xF9, 0x48, 0xF9, 0x48, 0xF1, 0x69, 0xF9, 0x89, 0xF9, 0x48, 0xF1, 0xE5, 0xA0, 0x01, 0x18,
    0x00, 0x00, 0xC4, 0x98, 0x27, 0xE1, 0x69, 0xF1, 0x68, 0xF9, 0x48, 0xF9, 0x48, 0xF9, 0x48, 0xF9,
    0x48, 0xF9, 0x48, 0xF9, 0x48, 0xF9, 0x48, 0xF9, 0x48, 0xF9, 0x48, 0xF9, 0x48, 0xF9, 0x48, 0xF9,
    0x48, 0xF9, 0x68, 0xF9, 0x68, 0xF9, 0x68, 0xF9, 0x68, 0xF9, 0x48, 0xF9, 0x48, 0xF9, 0x68, 0xF9,
    0x68, 0xF9, 0x88, 0xF9, 0x88, 0xF9, 0x68, 0xF9, 0x68, 0xF9, 0x48, 0xF9, 0x48, 0xF9, 0x48, 0xF9,
    0x48, 0xF9, 0x48, 0xF9, 0x48, 0xF9, 0x48, 0xF9, 0x48, 0xF9, 0x48, 0xF9, 0x48, 0xF9, 0x48, 0xF9,
    0x48, 0xF9, 0x48, 0xF9, 0x48, 0xF9, 0x48, 0xF9, 0x48, 0xF9, 0x48, 0xF9, 0x48, 0xF9, 0x48, 0xF9,
    0x48, 0xF9, 0x48, 0xF9, 0x48, 0xF9, 0x48, 0xF9, 0x48, 0xF9, 0x48, 0xF9, 0x48, 0xF9, 0x48, 0xF9,
    0x48, 0xF9, 0x48, 0xF9, 0x48, 0xF9, 0x48, 0xF9, 0x48, 0xF9, 0x48, 0xF9, 0x48, 0xF9, 0x48, 0xF9,
    0x48, 0xF9, 0x48, 0xF9, 0x48, 0xF9, 0x48, 0xF9, 0x48, 0xF9, 0x48, 0xF9, 0x48, 0xF9, 0x48, 0xF9,
    0x48, 0xF9, 0x48, 0xF9, 0x48, 0xF9, 0x68, 0xF9, 0x68, 0xF1, 0x27, 0xD9, 0xE5, 0xA8, 0x00, 0x00,
    0x00, 0x00, 0xA5, 0x98, 0xE6, 0xB8, 0x27, 0xD1, 0x48, 0xF1, 0x48, 0xF9, 0x48, 0xF9, 0x48, 0xF1,
    0x48, 0xF9, 0x48, 0xF9, 0x48, 0xF9, 0x48, 0xF9, 0x48, 0xF9, 0x48, 0xF9, 0x48, 0xF9, 0x48, 0xF9,
    0x48, 0xF9, 0x48, 0xF9, 0x48, 0xF9, 0x48, 0xF9, 0x48, 0xF9, 0x48, 0xF9, 0x48, 0xF9, 0x48, 0xF9,
    0x48, 0xF9, 0x48, 0xF9, 0x48, 0xF9, 0x48, 0xF9, 0x48, 0xF9, 0x48, 0xF9, 0x48, 0xF9, 0x48, 0xF9,
    0x48, 0xF9, 0x48, 0xF9, 0x48, 0xF9, 0x48, 0xF9, 0x48, 0xF9, 0x48, 0xF9, 0x48, 0xF9, 0x48, 0xF9,
    0x48, 0xF9, 0x48, 0xF9, 0x48, 0xF9, 0x48, 0xF9, 0x48, 0xF9, 0x48, 0xF9, 0x48, 0xF9, 0x48, 0xF9,
    0x48, 0xF9, 0x48, 0xF9, 0x48, 0xF9, 0x48, 0xF9, 0x48, 0xF9, 0x48, 0xF9, 0x48, 0xF9, 0x48, 0xF9,
    0x48, 0xF9, 0x48, 0xF9, 0x48, 0xF9, 0x48, 0xF9, 0x48, 0xF9, 0x48, 0xF9, 0x48, 0xF9, 0x48, 0xF9,
    0x48, 0xF9, 0x48, 0xF9, 0x48, 0xF9, 0x48, 0xF9, 0x48, 0xF9, 0x48, 0xF9, 0x48, 0xF9, 0x48, 0xF9,
    0x48, 0xF1, 0x48, 0xF9, 0x68, 0xF9, 0x48, 0xF1, 0x06, 0xC9, 0xC5, 0xA0, 0xA4, 0x80, 0x00, 0x00,
    0xFF, 0xFF, 0xC4, 0x98, 0xC4, 0x98, 0xE5, 0xB8, 0x27, 0xE9, 0x48, 0xF9, 0x48, 0xF9, 0x48, 0xF9,
    0x48, 0xF9, 0x48, 0xF9, 0x48, 0xF9, 0x48, 0xF9, 0x48, 0xF9, 0x48, 0xF9, 0x48, 0xF9, 0x48, 0xF9,
    0x48, 0xF9, 0x48, 0xF9, 0x48, 0xF9, 0x48, 0xF9, 0x48, 0xF9, 0x48, 0xF9, 0x48, 0xF9, 0x48, 0xF9,
    0x48, 0xF9, 0x48, 0xF9, 0x48, 0xF9, 0x48, 0xF9, 0x48, 0xF9, 0x48, 0xF9, 0x48, 0xF9, 0x48, 0xF9,
    0x48, 0xF9, 0x48, 0xF9, 0x48, 0xF9, 0x48, 0xF9, 0x48, 0xF9, 0x48, 0xF9, 0x48, 0xF9, 0x48, 0xF9,
    0x48, 0xF9, 0x48, 0xF9, 0x48, 0xF9, 0x48, 0xF9, 0x48, 0xF9, 0x48, 0xF9, 0x48, 0xF9, 0x48, 0xF9,
    0x48, 0xF9, 0x48, 0xF9, 0x48, 0xF9, 0x48, 0xF9, 0x48, 0xF9, 0x48, 0xF9, 0x48, 0xF9, 0x48, 0xF9,
    0x48, 0xF9, 0x48, 0xF9, 0x48, 0xF9, 0x48, 0xF9, 0x48, 0xF9, 0x48, 0xF9, 0x48, 0xF9, 0x48, 0xF9,
    0x48, 0xF9, 0x48, 0xF9, 0x48, 0xF9, 0x48, 0xF9, 0x48, 0xF9, 0x48, 0xF9, 0x48, 0xF9, 0x48, 0xF9,
    0x48, 0xF9, 0x48, 0xF9, 0x48, 0xF9, 0x27, 0xE1, 0xC5, 0xA8, 0x83, 0x68, 0x63, 0x58, 0x07, 0xB8,
    0xFF, 0xFF, 0x0A, 0xA8, 0x83, 0x68, 0xC5, 0xA0, 0x27, 0xE1, 0x48, 0xF9, 0x48, 0xF9, 0x48, 0xF9,
    0x28, 0xF1, 0x48, 0xF9, 0x48, 0xF9, 0x48, 0xF9, 0x48, 0xF9, 0x48, 0xF9, 0x48, 0xF9, 0x48, 0xF9,
    0x48, 0xF9, 0x48, 0xF9, 0x48, 0xF9, 0x48, 0xF9, 0x48, 0xF9, 0x48, 0xF9, 0x48, 0xF9, 0x48, 0xF9,
    0x48, 0xF9, 0x48, 0xF9, 0x48, 0xF9, 0x48, 0xF9, 0x48, 0xF9, 0x48, 0xF9, 0x48, 0xF9, 0x48, 0xF9,
    0x48, 0xF9, 0x48, 0xF9, 0x48, 0xF9, 0x48, 0xF9, 0x48, 0xF9, 0x48, 0xF9, 0x48, 0xF9, 0x48, 0xF9,
    0x48, 0xF9, 0x48, 0xF9, 0x48, 0xF9, 0x48, 0xF9, 0x48, 0xF9, 0x48, 0xF9, 0x48, 0xF9, 0x48, 0xF9,
    0x48, 0xF9, 0x48, 0xF9, 0x48, 0xF9, 0x48, 0xF9, 0x48, 0xF9, 0x48, 0xF9, 0x48, 0xF9, 0x48, 0xF9,
    0x48, 0xF9, 0x48, 0xF9, 0x48, 0xF9, 0x48, 0xF9, 0x48, 0xF9, 0x48, 0xF9, 0x48, 0xF9, 0x48, 0xF9,
    0x48, 0xF9, 0x48, 0xF9, 0x48, 0xF9, 0x48, 0xF9, 0x48, 0xF9, 0x48, 0xF9, 0x47, 0xF1, 0x28, 0xF9,
    0x48, 0xF9, 0x48, 0xF9, 0x48, 0xF9, 0x06, 0xD1, 0xA4, 0x98, 0x01, 0x38, 0x00, 0x00, 0x8C, 0xF9,
    0xEF, 0xF9, 0x00, 0x00, 0x00, 0x00, 0xC4, 0x88, 0x06, 0xD1, 0x27, 0xE9, 0x27, 0xF1, 0x48, 0xF9,
    0x48, 0xF9, 0x48, 0xF9, 0x47, 0xF9, 0x27, 0xF9, 0x27, 0xF9, 0x27, 0xF9, 0x27, 0xF9, 0x27, 0xF9,
    0x27, 0xF9, 0x27, 0xF9, 0x47, 0xF9, 0x47, 0xF9, 0x47, 0xF9, 0x47, 0xF9, 0x47, 0xF9, 0x47, 0xF9,
    0x47, 0xF9, 0x47, 0xF9, 0x47, 0xF9, 0x47, 0xF9, 0x47, 0xF9, 0x47, 0xF9, 0x47, 0xF9, 0x47, 0xF9,
    0x47, 0xF9, 0x47, 0xF9, 0x47, 0xF9, 0x47, 0xF9, 0x47, 0xF9, 0x47, 0xF9, 0x47, 0xF9, 0x47, 0xF9,
    0x47, 0xF9, 0x47, 0xF9, 0x47, 0xF9, 0x47, 0xF9, 0x47, 0xF9, 0x47, 0xF9, 0x47, 0xF9, 0x47, 0xF9,
    0x47, 0xF9, 0x47, 0xF9, 0x47, 0xF9, 0x47, 0xF9, 0x47, 0xF9, 0x47, 0xF9, 0x47, 0xF9, 0x47, 0xF9,
    0x47, 0xF9, 0x47, 0xF9, 0x47, 0xF9, 0x47, 0xF9, 0x47, 0xF9, 0x47, 0xF9, 0x27, 0xF9, 0x27, 0xF9,
    0x27, 0xF9, 0x27, 0xF9, 0x27, 0xF9, 0x27, 0xF9, 0x27, 0xF9, 0x48, 0xF9, 0x48, 0xF9, 0x48, 0xF9,
    0x48, 0xF9, 0x27, 0xE9, 0x06, 0xD9, 0x06, 0xC9, 0xC5, 0x98, 0x00, 0x00, 0x00, 0x00, 0x8C, 0xF9,
    0x0A, 0xA8, 0x00, 0x00, 0x00, 0x00, 0x03, 0x48, 0xA4, 0x80, 0xC5, 0xB0, 0x07, 0xE1, 0x48, 0xF9,
    0x48, 0xF9, 0x28, 0xF9, 0x27, 0xF9, 0x27, 0xF1, 0x27, 0xF1, 0x27, 0xF1, 0x27, 0xF9, 0x27, 0xF1,
    0x27, 0xF9, 0x27, 0xF9, 0x27, 0xF9, 0x27, 0xF9, 0x27, 0xF9, 0x27, 0xF9, 0x27, 0xF9, 0x27, 0xF9,
    0x27, 0xF9, 0x27, 0xF9, 0x27, 0xF9, 0x27, 0xF9, 0x27, 0xF9, 0x27, 0xF9, 0x27, 0xF9, 0x27, 0xF9,
    0x27, 0xF9, 0x27, 0xF9, 0x27, 0xF9, 0x27, 0xF9, 0x27, 0xF9, 0x27, 0xF9, 0x27, 0xF9, 0x27, 0xF9,
    0x27, 0xF9, 0x27, 0xF9, 0x27, 0xF9, 0x27, 0xF9, 0x27, 0xF9, 0x27, 0xF9, 0x27, 0xF9, 0x27, 0xF9,
    0x27, 0xF9, 0x27, 0xF9, 0x27, 0xF9, 0x27, 0xF9, 0x27, 0xF9, 0x27, 0xF9, 0x27, 0xF9, 0x27, 0xF9,
    0x27, 0xF9, 0x27, 0xF9, 0x27, 0xF9, 0x27, 0xF9, 0x27, 0xF9, 0x27, 0xF9, 0x27, 0xF1, 0x27, 0xF9,
    0x27, 0xF1, 0x27, 0xF9, 0x27, 0xF1, 0x27, 0xF1, 0x27, 0xF1, 0x28, 0xF9, 0x48, 0xF9, 0x48, 0xF9,
    0x27, 0xF9, 0x06, 0xD1, 0xC5, 0xA8, 0xA4, 0x90, 0x06, 0x60, 0x00, 0x00, 0x00, 0x00, 0x0F, 0xF8,
    0x00, 0x00, 0x00, 0xF8, 0xEF, 0xF9, 0x00, 0x00, 0x00, 0x00, 0x62, 0x60, 0xE6, 0xC8, 0x07, 0xE1,
    0x27, 0xF1, 0x27, 0xF1, 0x28, 0xF9, 0x48, 0xF9, 0x48, 0xF9, 0x28, 0xF9, 0x28, 0xF9, 0x28, 0xF9,
    0x27, 0xF9, 0x27, 0xF9, 0x27, 0xF9, 0x27, 0xF9, 0x27, 0xF9, 0x27, 0xF9, 0x27, 0xF9, 0x27, 0xF9,
    0x27, 0xF9, 0x27, 0xF9, 0x27, 0xF9, 0x27, 0xF9, 0x27, 0xF9, 0x27, 0xF9, 0x27, 0xF9, 0x27, 0xF9,
    0x27, 0xF9, 0x27, 0xF9, 0x27, 0xF9, 0x27, 0xF9, 0x27, 0xF9, 0x27, 0xF9, 0x27, 0xF9, 0x27, 0xF9,
    0x27, 0xF9, 0x27, 0xF9, 0x27, 0xF9, 0x27, 0xF9, 0x27, 0xF9, 0x27, 0xF9, 0x27, 0xF9, 0x27, 0xF9,
    0x27, 0xF9, 0x27, 0xF9, 0x27, 0xF9, 0x27, 0xF9, 0x27, 0xF9, 0x27, 0xF9, 0x27, 0xF9, 0x27, 0xF9,
    0x27, 0xF9, 0x27, 0xF9, 0x27, 0xF9, 0x27, 0xF9, 0x27, 0xF9, 0x27, 0xF9, 0x27, 0xF9, 0x27, 0xF9,
    0x28, 0xF9, 0x28, 0xF9, 0x28, 0xF9, 0x48, 0xF9, 0x48, 0xF9, 0x28, 0xF9, 0x27, 0xE9, 0x07, 0xE9,
    0x06, 0xD9, 0xE6, 0xC0, 0x82, 0x50, 0x00, 0x00, 0x00, 0x00, 0x86, 0xF9, 0x00, 0xF8, 0x00, 0x00,
    0x00, 0x00, 0x00, 0x00, 0x00, 0xF8, 0x00, 0x00, 0x00, 0x00, 0x00, 0x00, 0xC5, 0xA0, 0xC4, 0xA0,
    0xC5, 0xB0, 0xE6, 0xC8, 0x28, 0xF9, 0x48, 0xF9, 0x48, 0xF9, 0x48, 0xF9, 0x48, 0xF9, 0x48, 0xF9,
    0x28, 0xF9, 0x28, 0xF9, 0x28, 0xF9, 0x27, 0xF9, 0x27, 0xF9, 0x27, 0xF9, 0x27, 0xF9, 0x27, 0xF9,
    0x27, 0xF9, 0x27, 0xF9, 0x27, 0xF9, 0x27, 0xF9, 0x27, 0xF9, 0x27, 0xF9, 0x27, 0xF9, 0x27, 0xF9,
    0x27, 0xF9, 0x27, 0xF9, 0x27, 0xF9, 0x27, 0xF9, 0x27, 0xF9, 0x27, 0xF9, 0x27, 0xF9, 0x27, 0xF9,
    0x27, 0xF9, 0x27, 0xF9, 0x27, 0xF9, 0x27, 0xF9, 0x27, 0xF9, 0x27, 0xF9, 0x27, 0xF9, 0x27, 0xF9,
    0x27, 0xF9, 0x27, 0xF9, 0x27, 0xF9, 0x27, 0xF9, 0x27, 0xF9, 0x27, 0xF9, 0x27, 0xF9, 0x27, 0xF9,
    0x27, 0xF9, 0x27, 0xF9, 0x27, 0xF9, 0x27, 0xF9, 0x27, 0xF9, 0x28, 0xF9, 0x28, 0xF9, 0x28, 0xF9,
    0x48, 0xF9, 0x48, 0xF9, 0x48, 0xF9, 0x48, 0xF9, 0x48, 0xF9, 0x27, 0xF9, 0xE6, 0xC0, 0xC5, 0xA8,
    0xC4, 0x98, 0xC5, 0xA8, 0x00, 0x00, 0x00, 0x00, 0x00, 0x00, 0x00, 0xF8, 0x00, 0x00, 0x00, 0x00,
    0x00, 0x00, 0x00, 0x00, 0x00, 0x00, 0x00, 0xF8, 0x55, 0xFD, 0x00, 0x00, 0x00, 0x00, 0x00, 0x00,
    0x83, 0x78, 0xE5, 0xB8, 0x06, 0xE1, 0x27, 0xF1, 0x07, 0xE9, 0x07, 0xE1, 0x07, 0xE9, 0x07, 0xE9,
    0x07, 0xE9, 0x07, 0xF1, 0x07, 0xF1, 0x07, 0xF1, 0x07, 0xF1, 0x07, 0xF1, 0x07, 0xF1, 0x07, 0xF1,
    0x07, 0xF1, 0x07, 0xF1, 0x07, 0xF1, 0x07, 0xF1, 0x07, 0xF1, 0x07, 0xF1, 0x07, 0xF1, 0x07, 0xF1,
    0x07, 0xF1, 0x07, 0xF1, 0x07, 0xF1, 0x07, 0xF1, 0x07, 0xF1, 0x07, 0xF1, 0x07, 0xF1, 0x07, 0xF1,
    0x07, 0xF1, 0x07, 0xF1, 0x07, 0xF1, 0x07, 0xF1, 0x07, 0xF1, 0x07, 0xF1, 0x07, 0xF1, 0x07, 0xF1,
    0x07, 0xF1, 0x07, 0xF1, 0x07, 0xF1, 0x07, 0xF1, 0x07, 0xF1, 0x07, 0xF1, 0x07, 0xF1, 0x07, 0xF1,
    0x07, 0xF1, 0x07, 0xF1, 0x07, 0xF1, 0x07, 0xF1, 0x07, 0xF1, 0x07, 0xF1, 0x07, 0xF1, 0x07, 0xE9,
    0x07, 0xE9, 0x07, 0xE9, 0x07, 0xE1, 0x07, 0xE9, 0x27, 0xF1, 0x06, 0xE1, 0xC5, 0xA8, 0x62, 0x60,
    0x00, 0x00, 0x00, 0x00, 0x00, 0x00, 0x8C, 0xF9, 0x00, 0xF8, 0x00, 0x00, 0x00, 0x00, 0x00, 0x00,
    0x00, 0x00, 0x00, 0x00, 0x00, 0x00, 0x00, 0x00, 0x00, 0x00, 0x00, 0x00, 0x00, 0x00, 0x00, 0x00,
    0x61, 0x58, 0xC4, 0x98, 0xA5, 0xA0, 0xA4, 0x98, 0xA4, 0xA0, 0xC5, 0xA8, 0xC5, 0xB8, 0xE6, 0xC0,
    0xE6, 0xD0, 0xE6, 0xD8, 0x06, 0xD9, 0x06, 0xD9, 0x06, 0xE1, 0x06, 0xE1, 0x06, 0xE1, 0x06, 0xE1,
    0x06, 0xE1, 0x06, 0xE1, 0x06, 0xE1, 0x06, 0xE1, 0x06, 0xE1, 0x06, 0xE1, 0x06, 0xE1, 0x06, 0xE1,
    0x06, 0xE1, 0x06, 0xE1, 0x06, 0xE1, 0x06, 0xE1, 0x06, 0xE1, 0x06, 0xE1, 0x06, 0xE1, 0x06, 0xE1,
    0x06, 0xE1, 0x06, 0xE1, 0x06, 0xE1, 0x06, 0xE1, 0x06, 0xE1, 0x06, 0xE1, 0x06, 0xE1, 0x06, 0xE1,
    0x06, 0xE1, 0x06, 0xE1, 0x06, 0xE1, 0x06, 0xE1, 0x06, 0xE1, 0x06, 0xE1, 0x06, 0xE1, 0x06, 0xE1,
    0x06, 0xE1, 0x06, 0xE1, 0x06, 0xE1, 0x06, 0xE1, 0xE6, 0xD8, 0xE6, 0xD8, 0xE6, 0xD0, 0xE6, 0xC8,
    0xE5, 0xC0, 0xC5, 0xB0, 0xA4, 0xA0, 0xA4, 0xA0, 0xC5, 0xA8, 0xC5, 0xA8, 0xA4, 0x90, 0x00, 0x28,
    0x00, 0x00, 0x00, 0x00, 0x00, 0x00, 0x00, 0xF8, 0x00, 0x00, 0x00, 0x00, 0x00, 0x00, 0x00, 0x00,
    0x00, 0x00, 0x00, 0x00, 0x00, 0x00, 0x00, 0x00, 0x00, 0x00, 0x00, 0x78, 0x29, 0xD9, 0x00, 0x00,
    0x00, 0x00, 0x00, 0x00, 0x00, 0x00, 0x00, 0x00, 0x21, 0x28, 0x63, 0x60, 0x84, 0x88, 0xA5, 0xA0,
    0xC5, 0xB8, 0xC5, 0xC0, 0xE6, 0xC8, 0xE6, 0xD0, 0xE6, 0xD8, 0xE6, 0xD8, 0xE6, 0xD8, 0xE6, 0xD8,
    0xE6, 0xD8, 0xE6, 0xD8, 0xE6, 0xD8, 0xE6, 0xD8, 0xE6, 0xD8, 0xE6, 0xD8, 0xE6, 0xD8, 0xE6, 0xD8,
    0xE6, 0xD8, 0xE6, 0xD8, 0xE6, 0xD8, 0xE6, 0xD8, 0xE6, 0xD8, 0xE6, 0xD8, 0xE6, 0xD8, 0xE6, 0xD8,
    0xE6, 0xD8, 0xE6, 0xD8, 0xE6, 0xD8, 0xE6, 0xD8, 0xE6, 0xD8, 0xE6, 0xD8, 0xE6, 0xD8, 0xE6, 0xD8,
    0xE6, 0xD8, 0xE6, 0xD8, 0xE6, 0xD8, 0xE6, 0xD8, 0xE6, 0xD8, 0xE6, 0xD8, 0xE6, 0xD8, 0xE6, 0xD8,
    0xE6, 0xD8, 0xE6, 0xD8, 0xE6, 0xD8, 0xE6, 0xD0, 0xE6, 0xD0, 0xC6, 0xC8, 0xC5, 0xC0, 0xC5, 0xB0,
    0xC4, 0xA0, 0x84, 0x80, 0x62, 0x58, 0x00, 0x18, 0x00, 0x00, 0x00, 0x00, 0x00, 0x00, 0x00, 0x00,
    0xFF, 0xFB, 0xE3, 0xB8, 0x00, 0xA8, 0x00, 0x00, 0x00, 0x00, 0x00, 0x00, 0x00, 0x00, 0x00, 0x00,
    0x00, 0x00, 0x00, 0x00, 0x02, 0x04, 0x07, 0x00, 0x00, 0x00, 0x13, 0x42, 0x73, 0x9A, 0xB9, 0xCC,
    0xDF, 0xEA, 0xF4, 0xF8, 0xFC, 0xFE, 0xFF, 0xFF, 0xFF, 0xFF, 0xFF, 0xFF, 0xFF, 0xFF, 0xFF, 0xFF,
    0xFF, 0xFF, 0xFF, 0xFF, 0xFF, 0xFF, 0xFF, 0xFF, 0xFF, 0xFF, 0xFF, 0xFF, 0xFF, 0xFF, 0xFF, 0xFF,
    0xFF, 0xFF, 0xFF, 0xFF, 0xFF, 0xFF, 0xFF, 0xFF, 0xFF, 0xFF, 0xFE, 0xFC, 0xF7, 0xF1, 0xE7, 0xDB,
    0xC8, 0xB2, 0x93, 0x6A, 0x36, 0x09, 0x00, 0x00, 0x00, 0x08, 0x04, 0x01, 0x00, 0x00, 0x00, 0x00,
    0x00, 0x00, 0x00, 0x00, 0x00, 0x00, 0x00, 0x06, 0x1B, 0x32, 0x55, 0x78, 0x9B, 0xB6, 0xCD, 0xDB,
    0xE8, 0xF0, 0xF7, 0xFA, 0xFD, 0xFE, 0xFF, 0xFF, 0xFF, 0xFF, 0xFF, 0xFF, 0xFF, 0xFF, 0xFF, 0xFF,
    0xFF, 0xFF, 0xFF, 0xFF, 0xFF, 0xFF, 0xFF, 0xFF, 0xFF, 0xFF, 0xFF, 0xFF, 0xFF, 0xFF, 0xFF, 0xFF,
    0xFF, 0xFF, 0xFF, 0xFF, 0xFF, 0xFF, 0xFF, 0xFF, 0xFF, 0xFF, 0xFE, 0xFD, 0xF9, 0xF5, 0xEE, 0xE5,
    0xD7, 0xC8, 0xB1, 0x94, 0x6F, 0x4D, 0x2D, 0x17, 0x02, 0x00, 0x00, 0x00, 0x00, 0x00, 0x00, 0x00,
    0x00, 0x00, 0x01, 0x02, 0x01, 0x00, 0x00, 0x2B, 0x74, 0xAA, 0xC8, 0xD4, 0xDF, 0xE6, 0xEF, 0xF4,
    0xF8, 0xFA, 0xFC, 0xFD, 0xFE, 0xFF, 0xFF, 0xFF, 0xFF, 0xFF, 0xFF, 0xFF, 0xFF, 0xFF, 0xFF, 0xFF,
    0xFF, 0xFF, 0xFF, 0xFF, 0xFF, 0xFF, 0xFF, 0xFF, 0xFF, 0xFF, 0xFF, 0xFF, 0xFF, 0xFF, 0xFF, 0xFF,
    0xFF, 0xFF, 0xFF, 0xFF, 0xFF, 0xFF, 0xFF, 0xFF, 0xFF, 0xFF, 0xFF, 0xFE, 0xFD, 0xFC, 0xFA, 0xF7,
    0xF2, 0xED, 0xE5, 0xDD, 0xD2, 0xC3, 0x9F, 0x65, 0x1F, 0x00, 0x00, 0x03, 0x02, 0x01, 0x00, 0x00,
    0x01, 0x00, 0x01, 0x00, 0x00, 0x12, 0x41, 0x82, 0xD1, 0xFF, 0xFF, 0xFF, 0xFF, 0xFF, 0xFF, 0xFF,
    0xFF, 0xFF, 0xFF, 0xFF, 0xFF, 0xFF, 0xFF, 0xFF, 0xFF, 0xFF, 0xFF, 0xFF, 0xFF, 0xFF, 0xFF, 0xFF,
    0xFF, 0xFF, 0xFF, 0xFF, 0xFF, 0xFF, 0xFF, 0xFF, 0xFF, 0xFF, 0xFF, 0xFF, 0xFF, 0xFF, 0xFF, 0xFF,
    0xFF, 0xFF, 0xFF, 0xFF, 0xFF, 0xFF, 0xFF, 0xFF, 0xFF, 0xFF, 0xFF, 0xFF, 0xFF, 0xFF, 0xFF, 0xFF,
    0xFF, 0xFF, 0xFF, 0xFF, 0xFF, 0xFF, 0xFC, 0xC1, 0x74, 0x34, 0x0B, 0x00, 0x00, 0x02, 0x00, 0x00,
    0x03, 0x01, 0x03, 0x00, 0x12, 0x50, 0xAC, 0xE2, 0xF9, 0xFF, 0xFF, 0xFF, 0xFF, 0xFF, 0xFF, 0xFF,
    0xFF, 0xFF, 0xFF, 0xFF, 0xFF, 0xFF, 0xFF, 0xFF, 0xFF, 0xFF, 0xFF, 0xFF, 0xFF, 0xFF, 0xFF, 0xFF,
    0xFF, 0xFF, 0xFF, 0xFF, 0xFF, 0xFF, 0xFF, 0xFF, 0xFF, 0xFF, 0xFF, 0xFF, 0xFF, 0xFF, 0xFF, 0xFF,
    0xFF, 0xFF, 0xFF, 0xFF, 0xFF, 0xFF, 0xFF, 0xFF, 0xFF, 0xFF, 0xFF, 0xFF, 0xFF, 0xFF, 0xFF, 0xFF,
    0xFF, 0xFF, 0xFF, 0xFF, 0xFF, 0xFF, 0xFF, 0xF4, 0xDD, 0x9D, 0x3E, 0x04, 0x00, 0x04, 0x01, 0x01,
    0x03, 0x00, 0x00, 0x11, 0x4E, 0x9F, 0xF2, 0xFF, 0xFF, 0xF8, 0xF8, 0xFA, 0xFB, 0xFD, 0xFD, 0xFE,
    0xFE, 0xFE, 0xFF, 0xFF, 0xFF, 0xFF, 0xFF, 0xFF, 0xFF, 0xFF, 0xFF, 0xFF, 0xFF, 0xFF, 0xFF, 0xFF,
    0xFF, 0xFF, 0xFF, 0xFF, 0xFF, 0xFF, 0xFF, 0xFF, 0xFF, 0xFF, 0xFF, 0xFF, 0xFF, 0xFF, 0xFF, 0xFF,
    0xFF, 0xFF, 0xFF, 0xFF, 0xFF, 0xFF, 0xFF, 0xFF, 0xFF, 0xFF, 0xFF, 0xFF, 0xFF, 0xFF, 0xFE, 0xFE,
    0xFE, 0xFD, 0xFC, 0xFB, 0xF9, 0xF9, 0xF9, 0xFF, 0xFF, 0xE7, 0x8D, 0x3B, 0x09, 0x00, 0x00, 0x03,
    0x03, 0x00, 0x01, 0x3F, 0xAB, 0xE9, 0xFF, 0xFF, 0xFF, 0xFE, 0xFD, 0xFE, 0xFE, 0xFE, 0xFF, 0xFF,
    0xFF, 0xFF, 0xFF, 0xFF, 0xFF, 0xFF, 0xFF, 0xFF, 0xFF, 0xFF, 0xFF, 0xFF, 0xFF, 0xFF, 0xFF, 0xFF,
    0xFF, 0xFF, 0xFF, 0xFF, 0xFF, 0xFF, 0xFF, 0xFF, 0xFF, 0xFF, 0xFF, 0xFF, 0xFF, 0xFF, 0xFF, 0xFF,
    0xFF, 0xFF, 0xFF, 0xFF, 0xFF, 0xFF, 0xFF, 0xFF, 0xFF, 0xFF, 0xFF, 0xFF, 0xFF, 0xFF, 0xFF, 0xFF,
    0xFF, 0xFF, 0xFE, 0xFE, 0xFD, 0xFE, 0xFE, 0xFF, 0xFF, 0xFF, 0xE4, 0x99, 0x2F, 0x00, 0x00, 0x04,
    0x00, 0x04, 0x29, 0x87, 0xEA, 0xFF, 0xFE, 0xF5, 0xFB, 0xFF, 0xFF, 0xFF, 0xFF, 0xFF, 0xFF, 0xFF,
    0xFF, 0xFF, 0xFF, 0xFF, 0xFF, 0xFF, 0xFF, 0xFF, 0xFF, 0xFF, 0xFF, 0xFF, 0xFF, 0xFF, 0xFF, 0xFF,
    0xFF, 0xFF, 0xFF, 0xFF, 0xFF, 0xFF, 0xFF, 0xFF, 0xFF, 0xFF, 0xFF, 0xFF, 0xFF, 0xFF, 0xFF, 0xFF,
    0xFF, 0xFF, 0xFF, 0xFF, 0xFF, 0xFF, 0xFF, 0xFF, 0xFF, 0xFF, 0xFF, 0xFF, 0xFF, 0xFF, 0xFF, 0xFF,
    0xFF, 0xFF, 0xFF, 0xFF, 0xFF, 0xFF, 0xFD, 0xFC, 0xF5, 0xFF, 0xFF, 0xDE, 0x6F, 0x17, 0x03, 0x03,
    0x00, 0x17, 0x71, 0xD6, 0xFF, 0xFF, 0xFF, 0xFB, 0xFE, 0xFF, 0xFF, 0xFF, 0xFF, 0xFF, 0xFF, 0xFF,
    0xFF, 0xFF, 0xFF, 0xFF, 0xFF, 0xFF, 0xFF, 0xFF, 0xFF, 0xFF, 0xFF, 0xFF, 0xFF, 0xFF, 0xFF, 0xFF,
    0xFF, 0xFF, 0xFF, 0xFF, 0xFF, 0xFF, 0xFF, 0xFF, 0xFF, 0xFF, 0xFF, 0xFF, 0xFF, 0xFF, 0xFF, 0xFF,
    0xFF, 0xFF, 0xFF, 0xFF, 0xFF, 0xFF, 0xFF, 0xFF, 0xFF, 0xFF, 0xFF, 0xFF, 0xFF, 0xFF, 0xFF, 0xFF,
    0xFF, 0xFF, 0xFF, 0xFF, 0xFF, 0xFF, 0xFF, 0xFD, 0xFB, 0xFF, 0xFF, 0xF8, 0xBB, 0x5A, 0x14, 0x02,
    0x04, 0x32, 0xAA, 0xFF, 0xFF, 0xF9, 0xFE, 0xFE, 0xFF, 0xFF, 0xFF, 0xFF, 0xFF, 0xFF, 0xFF, 0xFF,
    0xFF, 0xFF, 0xFF, 0xFF, 0xFF, 0xFF, 0xFF, 0xFF, 0xFF, 0xFF, 0xFF, 0xFF, 0xFF, 0xFF, 0xFF, 0xFF,
    0xFF, 0xFF, 0xFF, 0xFF, 0xFF, 0xFF, 0xFF, 0xFF, 0xFF, 0xFF, 0xFF, 0xFF, 0xFF, 0xFF, 0xFF, 0xFF,
    0xFF, 0xFF, 0xFF, 0xFF, 0xFF, 0xFF, 0xFF, 0xFF, 0xFF, 0xFF, 0xFF, 0xFF, 0xFF, 0xFF, 0xFF, 0xFF,
    0xFF, 0xFF, 0xFF, 0xFF, 0xFF, 0xFF, 0xFF, 0xFE, 0xFE, 0xFD, 0xF9, 0xFD, 0xEC, 0x96, 0x27, 0x00,
    0x1B, 0x56, 0xC8, 0xFF, 0xFF, 0xF9, 0xFE, 0xFF, 0xFF, 0xFF, 0xFF, 0xFF, 0xFF, 0xFF, 0xFF, 0xFF,
    0xFF, 0xFF, 0xFF, 0xFF, 0xFF, 0xFF, 0xFF, 0xFF, 0xFF, 0xFF, 0xFF, 0xFF, 0xFF, 0xFF, 0xFF, 0xFF,
    0xFF, 0xFF, 0xFF, 0xFF, 0xFF, 0xFF, 0xFF, 0xFF, 0xFF, 0xFF, 0xFF, 0xFF, 0xFF, 0xFF, 0xFF, 0xFF,
    0xFF, 0xFF, 0xFF, 0xFF, 0xFF, 0xFF, 0xFF, 0xFF, 0xFF, 0xFF, 0xFF, 0xFF, 0xFF, 0xFF, 0xFF, 0xFF,
    0xFF, 0xFF, 0xFF, 0xFF, 0xFF, 0xFF, 0xFF, 0xFF, 0xFF, 0xFD, 0xF9, 0xFF, 0xFF, 0xBC, 0x42, 0x02,
    0x41, 0x79, 0xD5, 0xFC, 0xFE, 0xF9, 0xFE, 0xFF, 0xFF, 0xFF, 0xFF, 0xFF, 0xFF, 0xFF, 0xFF, 0xFF,
    0xFF, 0xFF, 0xFF, 0xFF, 0xFF, 0xFF, 0xFF, 0xFF, 0xFF, 0xFF, 0xFF, 0xFF, 0xFF, 0xFF, 0xFF, 0xFF,
    0xFF, 0xFF, 0xFF, 0xFF, 0xFF, 0xFF, 0xFF, 0xFF, 0xFF, 0xFF, 0xFF, 0xFF, 0xFF, 0xFF, 0xFF, 0xFF,
    0xFF, 0xFF, 0xFF, 0xFF, 0xFF, 0xFF, 0xFF, 0xFF, 0xFF, 0xFF, 0xFF, 0xFF, 0xFF, 0xFF, 0xFF, 0xFF,
    0xFF, 0xFF, 0xFF, 0xFF, 0xFF, 0xFF, 0xFF, 0xFF, 0xFF, 0xFD, 0xF9, 0xFE, 0xFF, 0xCF, 0x61, 0x1D,
    0x72, 0x9C, 0xE1, 0xFF, 0xFF, 0xFB, 0xFE, 0xFF, 0xFF, 0xFF, 0xFF, 0xFF, 0xFF, 0xFF, 0xFF, 0xFF,
    0xFF, 0xFF, 0xFF, 0xFF, 0xFF, 0xFF, 0xFF, 0xFF, 0xFF, 0xFF, 0xFF, 0xFF, 0xFF, 0xFF, 0xFF, 0xFF,
    0xFF, 0xFF, 0xFF, 0xFF, 0xFF, 0xFF, 0xFF, 0xFF, 0xFF, 0xFF, 0xFF, 0xFF, 0xFF, 0xFF, 0xFF, 0xFF,
    0xFF, 0xFF, 0xFF, 0xFF, 0xFF, 0xFF, 0xFF, 0xFF, 0xFF, 0xFF, 0xFF, 0xFF, 0xFF, 0xFF, 0xFF, 0xFF,
    0xFF, 0xFF, 0xFF, 0xFF, 0xFF, 0xFF, 0xFF, 0xFF, 0xFF, 0xFE, 0xFA, 0xFF, 0xFF, 0xDB, 0x84, 0x4F,
    0x9B, 0xB6, 0xE7, 0xFF, 0xFF, 0xFD, 0xFE, 0xFF, 0xFF, 0xFF, 0xFF, 0xFF, 0xFF, 0xFF, 0xFF, 0xFF,
    0xFF, 0xFF, 0xFF, 0xFF, 0xFF, 0xFF, 0xFF, 0xFF, 0xFF, 0xFF, 0xFF, 0xFF, 0xFF, 0xFF, 0xFF, 0xFF,
    0xFF, 0xFF, 0xFF, 0xFF, 0xFF, 0xFF, 0xFF, 0xFF, 0xFF, 0xFF, 0xFF, 0xFF, 0xFF, 0xFF, 0xFF, 0xFF,
    0xFF, 0xFF, 0xFF, 0xFF, 0xFF, 0xFF, 0xFF, 0xFF, 0xFF, 0xFF, 0xFF, 0xFF, 0xFF, 0xFF, 0xFF, 0xFF,
    0xFF, 0xFF, 0xFF, 0xFF, 0xFF, 0xFF, 0xFF, 0xFF, 0xFF, 0xFE, 0xFC, 0xFF, 0xFE, 0xDF, 0xA0, 0x7B,
    0xB9, 0xCD, 0xEE, 0xFF, 0xFF, 0xFD, 0xFF, 0xFF, 0xFF, 0xFF, 0xFF, 0xFF, 0xFF, 0xFF, 0xFF, 0xFF,
    0xFF, 0xFF, 0xFF, 0xFF, 0xFF, 0xFF, 0xFF, 0xFF, 0xFF, 0xFF, 0xFF, 0xFF, 0xFF, 0xFF, 0xFF, 0xFF,
    0xFF, 0xFF, 0xFF, 0xFF, 0xFF, 0xFF, 0xFF, 0xFF, 0xFF, 0xFF, 0xFF, 0xFF, 0xFF, 0xFF, 0xFF, 0xFF,
    0xFF, 0xFF, 0xFF, 0xFF, 0xFF, 0xFF, 0xFF, 0xFF, 0xFF, 0xFF, 0xFF, 0xFF, 0xFF, 0xFF, 0xFF, 0xFF,
    0xFF, 0xFF, 0xFF, 0xFF, 0xFF, 0xFF, 0xFF, 0xFF, 0xFF, 0xFE, 0xFD, 0xFF, 0xFF, 0xE7, 0xB6, 0x99,
    0xCC, 0xDB, 0xF3, 0xFF, 0xFF, 0xFD, 0xFF, 0xFF, 0xFF, 0xFF, 0xFF, 0xFF, 0xFF, 0xFF, 0xFF, 0xFF,
    0xFF, 0xFF, 0xFF, 0xFF, 0xFF, 0xFF, 0xFF, 0xFF, 0xFF, 0xFF, 0xFF, 0xFF, 0xFF, 0xFF, 0xFF, 0xFF,
    0xFF, 0xFF, 0xFF, 0xFF, 0xFF, 0xFF, 0xFF, 0xFF, 0xFF, 0xFF, 0xFF, 0xFF, 0xFF, 0xFF, 0xFF, 0xFF,
    0xFF, 0xFF, 0xFF, 0xFF, 0xFF, 0xFF, 0xFF, 0xFF, 0xFF, 0xFF, 0xFF, 0xFF, 0xFF, 0xFF, 0xFF, 0xFF,
    0xFF, 0xFF, 0xFF, 0xFF, 0xFF, 0xFF, 0xFF, 0xFF, 0xFF, 0xFE, 0xFD, 0xFF, 0xFF, 0xEC, 0xC4, 0xAD,
    0xDF, 0xE8, 0xF8, 0xFF, 0xFF, 0xFE, 0xFF, 0xFF, 0xFF, 0xFF, 0xFF, 0xFF, 0xFF, 0xFF, 0xFF, 0xFF,
    0xFF, 0xFF, 0xFF, 0xFF, 0xFF, 0xFF, 0xFF, 0xFF, 0xFF, 0xFF, 0xFF, 0xFF, 0xFF, 0xFF, 0xFF, 0xFF,
    0xFF, 0xFF, 0xFF, 0xFF, 0xFF, 0xFF, 0xFF, 0xFF, 0xFF, 0xFF, 0xFF, 0xFF, 0xFF, 0xFF, 0xFF, 0xFF,
    0xFF, 0xFF, 0xFF, 0xFF, 0xFF, 0xFF, 0xFF, 0xFF, 0xFF, 0xFF, 0xFF, 0xFF, 0xFF, 0xFF, 0xFF, 0xFF,
    0xFF, 0xFF, 0xFF, 0xFF, 0xFF, 0xFF, 0xFF, 0xFF, 0xFF, 0xFF, 0xFD, 0xFF, 0xFF, 0xF1, 0xD2, 0xBF,
    0xEA, 0xF0, 0xFA, 0xFF, 0xFF, 0xFE, 0xFF, 0xFF, 0xFF, 0xFF, 0xFF, 0xFF, 0xFF, 0xFF, 0xFF, 0xFF,
    0xFF, 0xFF, 0xFF, 0xFF, 0xFF, 0xFF, 0xFF, 0xFF, 0xFF, 0xFF, 0xFF, 0xFF, 0xFF, 0xFF, 0xFF, 0xFF,
    0xFF, 0xFF, 0xFF, 0xFF, 0xFF, 0xFF, 0xFF, 0xFF, 0xFF, 0xFF, 0xFF, 0xFF, 0xFF, 0xFF, 0xFF, 0xFF,
    0xFF, 0xFF, 0xFF, 0xFF, 0xFF, 0xFF, 0xFF, 0xFF, 0xFF, 0xFF, 0xFF, 0xFF, 0xFF, 0xFF, 0xFF, 0xFF,
    0xFF, 0xFF, 0xFF, 0xFF, 0xFF, 0xFF, 0xFF, 0xFF, 0xFF, 0xFF, 0xFD, 0xFF, 0xFF, 0xF3, 0xD9, 0xCA,
    0xF3, 0xF7, 0xFC, 0xFF, 0xFF, 0xFF, 0xFF, 0xFF, 0xFF, 0xFF, 0xFF, 0xFF, 0xFF, 0xFF, 0xFF, 0xFF,
    0xFF, 0xFF, 0xFF, 0xFF, 0xFF, 0xFF, 0xFF, 0xFF, 0xFF, 0xFF, 0xFF, 0xFF, 0xFF, 0xFF, 0xFF, 0xFF,
    0xFF, 0xFF, 0xFF, 0xFF, 0xFF, 0xFF, 0xFF, 0xFF, 0xFF, 0xFF, 0xFF, 0xFF, 0xFF, 0xFF, 0xFF, 0xFF,
    0xFF, 0xFF, 0xFF, 0xFF, 0xFF, 0xFF, 0xFF, 0xFF, 0xFF, 0xFF, 0xFF, 0xFF, 0xFF, 0xFF, 0xFF, 0xFF,
    0xFF, 0xFF, 0xFF, 0xFF, 0xFF, 0xFF, 0xFF, 0xFF, 0xFF, 0xFF, 0xFE, 0xFF, 0xFF, 0xF5, 0xDF, 0xD2,
    0xF8, 0xFA, 0xFD, 0xFF, 0xFF, 0xFF, 0xFF, 0xFF, 0xFF, 0xFF, 0xFF, 0xFF, 0xFF, 0xFF, 0xFF, 0xFF,
    0xFF, 0xFF, 0xFF, 0xFF, 0xFF, 0xFF, 0xFF, 0xFF, 0xFF, 0xFF, 0xFF, 0xFF, 0xFF, 0xFF, 0xFF, 0xFF,
    0xFF, 0xFF, 0xFF, 0xFF, 0xFF, 0xFF, 0xFF, 0xFF, 0xFF, 0xFF, 0xFF, 0xFF, 0xFF, 0xFF, 0xFF, 0xFF,
    0xFF, 0xFF, 0xFF, 0xFF, 0xFF, 0xFF, 0xFF, 0xFF, 0xFF, 0xFF, 0xFF, 0xFF, 0xFF, 0xFF, 0xFF, 0xFF,
    0xFF, 0xFF, 0xFF, 0xFF, 0xFF, 0xFF, 0xFF, 0xFF, 0xFF, 0xFF, 0xFE, 0xFF, 0xFF, 0xF6, 0xE3, 0xD7,
    0xFC, 0xFD, 0xFE, 0xFF, 0xFF, 0xFF, 0xFF, 0xFF, 0xFF, 0xFF, 0xFF, 0xFF, 0xFF, 0xFF, 0xFF, 0xFF,
    0xFF, 0xFF, 0xFF, 0xFF, 0xFF, 0xFF, 0xFF, 0xFF, 0xFF, 0xFF, 0xFF, 0xFF, 0xFF, 0xFF, 0xFF, 0xFF,
    0xFF, 0xFF, 0xFF, 0xFF, 0xFF, 0xFF, 0xFF, 0xFF, 0xFF, 0xFF, 0xFF, 0xFF, 0xFF, 0xFF, 0xFF, 0xFF,
    0xFF, 0xFF, 0xFF, 0xFF, 0xFF, 0xFF, 0xFF, 0xFF, 0xFF, 0xFF, 0xFF, 0xFF, 0xFF, 0xFF, 0xFF, 0xFF,
    0xFF, 0xFF, 0xFF, 0xFF, 0xFF, 0xFF, 0xFF, 0xFF, 0xFF, 0xFF, 0xFE, 0xFF, 0xFF, 0xF7, 0xE6, 0xDC,
    0xFE, 0xFD, 0xFE, 0xFF, 0xFF, 0xFF, 0xFF, 0xFF, 0xFF, 0xFF, 0xFF, 0xFF, 0xFF, 0xFF, 0xFF, 0xFF,
    0xFF, 0xFF, 0xFF, 0xFF, 0xFF, 0xFF, 0xFF, 0xFF, 0xFF, 0xFF, 0xFF, 0xFF, 0xFF, 0xFF, 0xFF, 0xFF,
    0xFF, 0xFF, 0xFF, 0xFF, 0xFF, 0xFF, 0xFF, 0xFF, 0xFF, 0xFF, 0xFF, 0xFF, 0xFF, 0xFF, 0xFF, 0xFF,
    0xFF, 0xFF, 0xFF, 0xFF, 0xFF, 0xFF, 0xFF, 0xFF, 0xFF, 0xFF, 0xFF, 0xFF, 0xFF, 0xFF, 0xFF, 0xFF,
    0xFF, 0xFF, 0xFF, 0xFF, 0xFF, 0xFF, 0xFF, 0xFF, 0xFF, 0xFF, 0xFE, 0xFF, 0xFF, 0xF7, 0xE7, 0xDD,
    0xFF, 0xFF, 0xFF, 0xFF, 0xFF, 0xFF, 0xFF, 0xFF, 0xFF, 0xFF, 0xFF, 0xFF, 0xFF, 0xFF, 0xFF, 0xFF,
    0xFF, 0xFF, 0xFF, 0xFF, 0xFF, 0xFF, 0xFF, 0xFF, 0xFF, 0xFF, 0xFF, 0xFF, 0xFF, 0xFF, 0xFF, 0xFF,
    0xFF, 0xFF, 0xFF, 0xFF, 0xFF, 0xFF, 0xFF, 0xFF, 0xFF, 0xFF, 0xFF, 0xFF, 0xFF, 0xFF, 0xFF, 0xFF,
    0xFF, 0xFF, 0xFF, 0xFF, 0xFF, 0xFF, 0xFF, 0xFF, 0xFF, 0xFF, 0xFF, 0xFF, 0xFF, 0xFF, 0xFF, 0xFF,
    0xFF, 0xFF, 0xFF, 0xFF, 0xFF, 0xFF, 0xFF, 0xFF, 0xFF, 0xFF, 0xFE, 0xFF, 0xFF, 0xF8, 0xE8, 0xDE,
    0xFF, 0xFF, 0xFF, 0xFF, 0xFF, 0xFF, 0xFF, 0xFF, 0xFF, 0xFF, 0xFF, 0xFF, 0xFF, 0xFF, 0xFF, 0xFF,
    0xFF, 0xFF, 0xFF, 0xFF, 0xFF, 0xFF, 0xFF, 0xFF, 0xFF, 0xFF, 0xFF, 0xFF, 0xFF, 0xFF, 0xFF, 0xFF,
    0xFF, 0xFF, 0xFF, 0xFF, 0xFF, 0xFF, 0xFF, 0xFF, 0xFF, 0xFF, 0xFF, 0xFF, 0xFF, 0xFF, 0xFF, 0xFF,
    0xFF, 0xFF, 0xFF, 0xFF, 0xFF, 0xFF, 0xFF, 0xFF, 0xFF, 0xFF, 0xFF, 0xFF, 0xFF, 0xFF, 0xFF, 0xFF,
    0xFF, 0xFF, 0xFF, 0xFF, 0xFF, 0xFF, 0xFF, 0xFF, 0xFF, 0xFF, 0xFE, 0xFF, 0xFF, 0xF8, 0xE8, 0xDE,
    0xFF, 0xFF, 0xFF, 0xFF, 0xFF, 0xFF, 0xFF, 0xFF, 0xFF, 0xFF, 0xFF, 0xFF, 0xFF, 0xFF, 0xFF, 0xFF,
    0xFF, 0xFF, 0xFF, 0xFF, 0xFF, 0xFF, 0xFF, 0xFF, 0xFF, 0xFF, 0xFF, 0xFF, 0xFF, 0xFF, 0xFF, 0xFF,
    0xFF, 0xFF, 0xFF, 0xFF, 0xFF, 0xFF, 0xFF, 0xFF, 0xFF, 0xFF, 0xFF, 0xFF, 0xFF, 0xFF, 0xFF, 0xFF,
    0xFF, 0xFF, 0xFF, 0xFF, 0xFF, 0xFF, 0xFF, 0xFF, 0xFF, 0xFF, 0xFF, 0xFF, 0xFF, 0xFF, 0xFF, 0xFF,
    0xFF, 0xFF, 0xFF, 0xFF, 0xFF, 0xFF, 0xFF, 0xFF, 0xFF, 0xFF, 0xFE, 0xFF, 0xFF, 0xF8, 0xE8, 0xDF,
    0xFF, 0xFF, 0xFF, 0xFF, 0xFF, 0xFF, 0xFF, 0xFF, 0xFF, 0xFF, 0xFF, 0xFF, 0xFF, 0xFF, 0xFF, 0xFF,
    0xFF, 0xFF, 0xFF, 0xFF, 0xFF, 0xFF, 0xFF, 0xFF, 0xFF, 0xFF, 0xFF, 0xFF, 0xFF, 0xFF, 0xFF, 0xFF,
    0xFF, 0xFF, 0xFF, 0xFF, 0xFF, 0xFF, 0xFF, 0xFF, 0xFF, 0xFF, 0xFF, 0xFF, 0xFF, 0xFF, 0xFF, 0xFF,
    0xFF, 0xFF, 0xFF, 0xFF, 0xFF, 0xFF, 0xFF, 0xFF, 0xFF, 0xFF, 0xFF, 0xFF, 0xFF, 0xFF, 0xFF, 0xFF,
    0xFF, 0xFF, 0xFF, 0xFF, 0xFF, 0xFF, 0xFF, 0xFF, 0xFF, 0xFF, 0xFE, 0xFF, 0xFF, 0xF8, 0xE8, 0xDF,
    0xFF, 0xFF, 0xFF, 0xFF, 0xFF, 0xFF, 0xFF, 0xFF, 0xFF, 0xFF, 0xFF, 0xFF, 0xFF, 0xFF, 0xFF, 0xFF,
    0xFF, 0xFF, 0xFF, 0xFF, 0xFF, 0xFF, 0xFF, 0xFF, 0xFF, 0xFF, 0xFF, 0xFF, 0xFF, 0xFF, 0xFF, 0xFF,
    0xFF, 0xFF, 0xFF, 0xFF, 0xFF, 0xFF, 0xFF, 0xFF, 0xFF, 0xFF, 0xFF, 0xFF, 0xFF, 0xFF, 0xFF, 0xFF,
    0xFF, 0xFF, 0xFF, 0xFF, 0xFF, 0xFF, 0xFF, 0xFF, 0xFF, 0xFF, 0xFF, 0xFF, 0xFF, 0xFF, 0xFF, 0xFF,
    0xFF, 0xFF, 0xFF, 0xFF, 0xFF, 0xFF, 0xFF, 0xFF, 0xFF, 0xFF, 0xFE, 0xFF, 0xFF, 0xF8, 0xE8, 0xDE,
    0xFF, 0xFF, 0xFF, 0xFF, 0xFF, 0xFF, 0xFF, 0xFF, 0xFF, 0xFF, 0xFF, 0xFF, 0xFF, 0xFF, 0xFF, 0xFF,
    0xFF, 0xFF, 0xFF, 0xFF, 0xFF, 0xFF, 0xFF, 0xFF, 0xFF, 0xFF, 0xFF, 0xFF, 0xFF, 0xFF, 0xFF, 0xFF,
    0xFF, 0xFF, 0xFF, 0xFF, 0xFF, 0xFF, 0xFF, 0xFF, 0xFF, 0xFF, 0xFF, 0xFF, 0xFF, 0xFF, 0xFF, 0xFF,
    0xFF, 0xFF, 0xFF, 0xFF, 0xFF, 0xFF, 0xFF, 0xFF, 0xFF, 0xFF, 0xFF, 0xFF, 0xFF, 0xFF, 0xFF, 0xFF,
    0xFF, 0xFF, 0xFF, 0xFF, 0xFF, 0xFF, 0xFF, 0xFF, 0xFF, 0xFF, 0xFE, 0xFF, 0xFF, 0xF8, 0xE8, 0xDE,
    0xFF, 0xFF, 0xFF, 0xFF, 0xFF, 0xFF, 0xFF, 0xFF, 0xFF, 0xFF, 0xFF, 0xFF, 0xFF, 0xFF, 0xFF, 0xFF,
    0xFF, 0xFF, 0xFF, 0xFF, 0xFF, 0xFF, 0xFF, 0xFF, 0xFF, 0xFF, 0xFF, 0xFF, 0xFF, 0xFF, 0xFF, 0xFF,
    0xFF, 0xFF, 0xFF, 0xFF, 0xFF, 0xFF, 0xFF, 0xFF, 0xFF, 0xFF, 0xFF, 0xFF, 0xFF, 0xFF, 0xFF, 0xFF,
    0xFF, 0xFF, 0xFF, 0xFF, 0xFF, 0xFF, 0xFF, 0xFF, 0xFF, 0xFF, 0xFF, 0xFF, 0xFF, 0xFF, 0xFF, 0xFF,
    0xFF, 0xFF, 0xFF, 0xFF, 0xFF, 0xFF, 0xFF, 0xFF, 0xFF, 0xFF, 0xFE, 0xFF, 0xFF, 0xF8, 0xE8, 0xDE,
    0xFF, 0xFF, 0xFF, 0xFF, 0xFF, 0xFF, 0xFF, 0xFF, 0xFF, 0xFF, 0xFF, 0xFF, 0xFF, 0xFF, 0xFF, 0xFF,
    0xFF, 0xFF, 0xFF, 0xFF, 0xFF, 0xFF, 0xFF, 0xFF, 0xFF, 0xFF, 0xFF, 0xFF, 0xFF, 0xFF, 0xFF, 0xFF,
    0xFF, 0xFF, 0xFF, 0xFF, 0xFF, 0xFF, 0xFF, 0xFF, 0xFF, 0xFF, 0xFF, 0xFF, 0xFF, 0xFF, 0xFF, 0xFF,
    0xFF, 0xFF, 0xFF, 0xFF, 0xFF, 0xFF, 0xFF, 0xFF, 0xFF, 0xFF, 0xFF, 0xFF, 0xFF, 0xFF, 0xFF, 0xFF,
    0xFF, 0xFF, 0xFF, 0xFF, 0xFF, 0xFF, 0xFF, 0xFF, 0xFF, 0xFF, 0xFE, 0xFF, 0xFF, 0xF8, 0xE8, 0xDE,
    0xFF, 0xFF, 0xFF, 0xFF, 0xFF, 0xFF, 0xFF, 0xFF, 0xFF, 0xFF, 0xFF, 0xFF, 0xFF, 0xFF, 0xFF, 0xFF,
    0xFF, 0xFF, 0xFF, 0xFF, 0xFF, 0xFF, 0xFF, 0xFF, 0xFF, 0xFF, 0xFF, 0xFF, 0xFF, 0xFF, 0xFF, 0xFF,
    0xFF, 0xFF, 0xFF, 0xFF, 0xFF, 0xFF, 0xFF, 0xFF, 0xFF, 0xFF, 0xFF, 0xFF, 0xFF, 0xFF, 0xFF, 0xFF,
    0xFF, 0xFF, 0xFF, 0xFF, 0xFF, 0xFF, 0xFF, 0xFF, 0xFF, 0xFF, 0xFF, 0xFF, 0xFF, 0xFF, 0xFF, 0xFF,
    0xFF, 0xFF, 0xFF, 0xFF, 0xFF, 0xFF, 0xFF, 0xFF, 0xFF, 0xFF, 0xFE, 0xFF, 0xFF, 0xF8, 0xE8, 0xDE,
    0xFF, 0xFF, 0xFF, 0xFF, 0xFF, 0xFF, 0xFF, 0xFF, 0xFF, 0xFF, 0xFF, 0xFF, 0xFF, 0xFF, 0xFF, 0xFF,
    0xFF, 0xFF, 0xFF, 0xFF, 0xFF, 0xFF, 0xFF, 0xFF, 0xFF, 0xFF, 0xFF, 0xFF, 0xFF, 0xFF, 0xFF, 0xFF,
    0xFF, 0xFF, 0xFF, 0xFF, 0xFF, 0xFF, 0xFF, 0xFF, 0xFF, 0xFF, 0xFF, 0xFF, 0xFF, 0xFF, 0xFF, 0xFF,
    0xFF, 0xFF, 0xFF, 0xFF, 0xFF, 0xFF, 0xFF, 0xFF, 0xFF, 0xFF, 0xFF, 0xFF, 0xFF, 0xFF, 0xFF, 0xFF,
    0xFF, 0xFF, 0xFF, 0xFF, 0xFF, 0xFF, 0xFF, 0xFF, 0xFF, 0xFF, 0xFE, 0xFF, 0xFF, 0xF8, 0xE8, 0xDE,
    0xFF, 0xFF, 0xFF, 0xFF, 0xFF, 0xFF, 0xFF, 0xFF, 0xFF, 0xFF, 0xFF, 0xFF, 0xFF, 0xFF, 0xFF, 0xFF,
    0xFF, 0xFF, 0xFF, 0xFF, 0xFF, 0xFF, 0xFF, 0xFF, 0xFF, 0xFF, 0xFF, 0xFF, 0xFF, 0xFF, 0xFF, 0xFF,
    0xFF, 0xFF, 0xFF, 0xFF, 0xFF, 0xFF, 0xFF, 0xFF, 0xFF, 0xFF, 0xFF, 0xFF, 0xFF, 0xFF, 0xFF, 0xFF,
    0xFF, 0xFF, 0xFF, 0xFF, 0xFF, 0xFF, 0xFF, 0xFF, 0xFF, 0xFF, 0xFF, 0xFF, 0xFF, 0xFF, 0xFF, 0xFF,
    0xFF, 0xFF, 0xFF, 0xFF, 0xFF, 0xFF, 0xFF, 0xFF, 0xFF, 0xFF, 0xFE, 0xFF, 0xFF, 0xF8, 0xE8, 0xDE,
    0xFF, 0xFF, 0xFF, 0xFF, 0xFF, 0xFF, 0xFF, 0xFF, 0xFF, 0xFF, 0xFF, 0xFF, 0xFF, 0xFF, 0xFF, 0xFF,
    0xFF, 0xFF, 0xFF, 0xFF, 0xFF, 0xFF, 0xFF, 0xFF, 0xFF, 0xFF, 0xFF, 0xFF, 0xFF, 0xFF, 0xFF, 0xFF,
    0xFF, 0xFF, 0xFF, 0xFF, 0xFF, 0xFF, 0xFF, 0xFF, 0xFF, 0xFF, 0xFF, 0xFF, 0xFF, 0xFF, 0xFF, 0xFF,
    0xFF, 0xFF, 0xFF, 0xFF, 0xFF, 0xFF, 0xFF, 0xFF, 0xFF, 0xFF, 0xFF, 0xFF, 0xFF, 0xFF, 0xFF, 0xFF,
    0xFF, 0xFF, 0xFF, 0xFF, 0xFF, 0xFF, 0xFF, 0xFF, 0xFF, 0xFF, 0xFE, 0xFF, 0xFF, 0xF8, 0xE8, 0xDE,
    0xFF, 0xFF, 0xFF, 0xFF, 0xFF, 0xFF, 0xFF, 0xFF, 0xFF, 0xFF, 0xFF, 0xFF, 0xFF, 0xFF, 0xFF, 0xFF,
    0xFF, 0xFF, 0xFF, 0xFF, 0xFF, 0xFF, 0xFF, 0xFF, 0xFF, 0xFF, 0xFF, 0xFF, 0xFF, 0xFF, 0xFF, 0xFF,
    0xFF, 0xFF, 0xFF, 0xFF, 0xFF, 0xFF, 0xFF, 0xFF, 0xFF, 0xFF, 0xFF, 0xFF, 0xFF, 0xFF, 0xFF, 0xFF,
    0xFF, 0xFF, 0xFF, 0xFF, 0xFF, 0xFF, 0xFF, 0xFF, 0xFF, 0xFF, 0xFF, 0xFF, 0xFF, 0xFF, 0xFF, 0xFF,
    0xFF, 0xFF, 0xFF, 0xFF, 0xFF, 0xFF, 0xFF, 0xFF, 0xFF, 0xFF, 0xFE, 0xFF, 0xFF, 0xF8, 0xE8, 0xDE,
    0xFF, 0xFF, 0xFF, 0xFF, 0xFF, 0xFF, 0xFF, 0xFF, 0xFF, 0xFF, 0xFF, 0xFF, 0xFF, 0xFF, 0xFF, 0xFF,
    0xFF, 0xFF, 0xFF, 0xFF, 0xFF, 0xFF, 0xFF, 0xFF, 0xFF, 0xFF, 0xFF, 0xFF, 0xFF, 0xFF, 0xFF, 0xFF,
    0xFF, 0xFF, 0xFF, 0xFF, 0xFF, 0xFF, 0xFF, 0xFF, 0xFF, 0xFF, 0xFF, 0xFF, 0xFF, 0xFF, 0xFF, 0xFF,
    0xFF, 0xFF, 0xFF, 0xFF, 0xFF, 0xFF, 0xFF, 0xFF, 0xFF, 0xFF, 0xFF, 0xFF, 0xFF, 0xFF, 0xFF, 0xFF,
    0xFF, 0xFF, 0xFF, 0xFF, 0xFF, 0xFF, 0xFF, 0xFF, 0xFF, 0xFF, 0xFE, 0xFF, 0xFF, 0xF8, 0xE8, 0xDE,
    0xFF, 0xFF, 0xFF, 0xFF, 0xFF, 0xFF, 0xFF, 0xFF, 0xFF, 0xFF, 0xFF, 0xFF, 0xFF, 0xFF, 0xFF, 0xFF,
    0xFF, 0xFF, 0xFF, 0xFF, 0xFF, 0xFF, 0xFF, 0xFF, 0xFF, 0xFF, 0xFF, 0xFF, 0xFF, 0xFF, 0xFF, 0xFF,
    0xFF, 0xFF, 0xFF, 0xFF, 0xFF, 0xFF, 0xFF, 0xFF, 0xFF, 0xFF, 0xFF, 0xFF, 0xFF, 0xFF, 0xFF, 0xFF,
    0xFF, 0xFF, 0xFF, 0xFF, 0xFF, 0xFF, 0xFF, 0xFF, 0xFF, 0xFF, 0xFF, 0xFF, 0xFF, 0xFF, 0xFF, 0xFF,
    0xFF, 0xFF, 0xFF, 0xFF, 0xFF, 0xFF, 0xFF, 0xFF, 0xFF, 0xFF, 0xFE, 0xFF, 0xFF, 0xF8, 0xE8, 0xDE,
    0xFF, 0xFF, 0xFF, 0xFF, 0xFF, 0xFF, 0xFF, 0xFF, 0xFF, 0xFF, 0xFF, 0xFF, 0xFF, 0xFF, 0xFF, 0xFF,
    0xFF, 0xFF, 0xFF, 0xFF, 0xFF, 0xFF, 0xFF, 0xFF, 0xFF, 0xFF, 0xFF, 0xFF, 0xFF, 0xFF, 0xFF, 0xFF,
    0xFF, 0xFF, 0xFF, 0xFF, 0xFF, 0xFF, 0xFF, 0xFF, 0xFF, 0xFF, 0xFF, 0xFF, 0xFF, 0xFF, 0xFF, 0xFF,
    0xFF, 0xFF, 0xFF, 0xFF, 0xFF, 0xFF, 0xFF, 0xFF, 0xFF, 0xFF, 0xFF, 0xFF, 0xFF, 0xFF, 0xFF, 0xFF,
    0xFF, 0xFF, 0xFF, 0xFF, 0xFF, 0xFF, 0xFF, 0xFF, 0xFF, 0xFF, 0xFE, 0xFF, 0xFF, 0xF8, 0xE8, 0xDE,
    0xFF, 0xFF, 0xFF, 0xFF, 0xFF, 0xFF, 0xFF, 0xFF, 0xFF, 0xFF, 0xFF, 0xFF, 0xFF, 0xFF, 0xFF, 0xFF,
    0xFF, 0xFF, 0xFF, 0xFF, 0xFF, 0xFF, 0xFF, 0xFF, 0xFF, 0xFF, 0xFF, 0xFF, 0xFF, 0xFF, 0xFF, 0xFF,
    0xFF, 0xFF, 0xFF, 0xFF, 0xFF, 0xFF, 0xFF, 0xFF, 0xFF, 0xFF, 0xFF, 0xFF, 0xFF, 0xFF, 0xFF, 0xFF,
    0xFF, 0xFF, 0xFF, 0xFF, 0xFF, 0xFF, 0xFF, 0xFF, 0xFF, 0xFF, 0xFF, 0xFF, 0xFF, 0xFF, 0xFF, 0xFF,
    0xFF, 0xFF, 0xFF, 0xFF, 0xFF, 0xFF, 0xFF, 0xFF, 0xFF, 0xFF, 0xFE, 0xFF, 0xFF, 0xF8, 0xE8, 0xDE,
    0xFF, 0xFF, 0xFF, 0xFF, 0xFF, 0xFF, 0xFF, 0xFF, 0xFF, 0xFF, 0xFF, 0xFF, 0xFF, 0xFF, 0xFF, 0xFF,
    0xFF, 0xFF, 0xFF, 0xFF, 0xFF, 0xFF, 0xFF, 0xFF, 0xFF, 0xFF, 0xFF, 0xFF, 0xFF, 0xFF, 0xFF, 0xFF,
    0xFF, 0xFF, 0xFF, 0xFF, 0xFF, 0xFF, 0xFF, 0xFF, 0xFF, 0xFF, 0xFF, 0xFF, 0xFF, 0xFF, 0xFF, 0xFF,
    0xFF, 0xFF, 0xFF, 0xFF, 0xFF, 0xFF, 0xFF, 0xFF, 0xFF, 0xFF, 0xFF, 0xFF, 0xFF, 0xFF, 0xFF, 0xFF,
    0xFF, 0xFF, 0xFF, 0xFF, 0xFF, 0xFF, 0xFF, 0xFF, 0xFF, 0xFF, 0xFE, 0xFF, 0xFF, 0xF8, 0xE8, 0xDE,
    0xFF, 0xFF, 0xFF, 0xFF, 0xFF, 0xFF, 0xFF, 0xFF, 0xFF, 0xFF, 0xFF, 0xFF, 0xFF, 0xFF, 0xFF, 0xFF,
    0xFF, 0xFF, 0xFF, 0xFF, 0xFF, 0xFF, 0xFF, 0xFF, 0xFF, 0xFF, 0xFF, 0xFF, 0xFF, 0xFF, 0xFF, 0xFF,
    0xFF, 0xFF, 0xFF, 0xFF, 0xFF, 0xFF, 0xFF, 0xFF, 0xFF, 0xFF, 0xFF, 0xFF, 0xFF, 0xFF, 0xFF, 0xFF,
    0xFF, 0xFF, 0xFF, 0xFF, 0xFF, 0xFF, 0xFF, 0xFF, 0xFF, 0xFF, 0xFF, 0xFF, 0xFF, 0xFF, 0xFF, 0xFF,
    0xFF, 0xFF, 0xFF, 0xFF, 0xFF, 0xFF, 0xFF, 0xFF, 0xFF, 0xFF, 0xFE, 0xFF, 0xFF, 0xF8, 0xE8, 0xDE,
    0xFF, 0xFF, 0xFF, 0xFF, 0xFF, 0xFF, 0xFF, 0xFF, 0xFF, 0xFF, 0xFF, 0xFF, 0xFF, 0xFF, 0xFF, 0xFF,
    0xFF, 0xFF, 0xFF, 0xFF, 0xFF, 0xFF, 0xFF, 0xFF, 0xFF, 0xFF, 0xFF, 0xFF, 0xFF, 0xFF, 0xFF, 0xFF,
    0xFF, 0xFF, 0xFF, 0xFF, 0xFF, 0xFF, 0xFF, 0xFF, 0xFF, 0xFF, 0xFF, 0xFF, 0xFF, 0xFF, 0xFF, 0xFF,
    0xFF, 0xFF, 0xFF, 0xFF, 0xFF, 0xFF, 0xFF, 0xFF, 0xFF, 0xFF, 0xFF, 0xFF, 0xFF, 0xFF, 0xFF, 0xFF,
    0xFF, 0xFF, 0xFF, 0xFF, 0xFF, 0xFF, 0xFF, 0xFF, 0xFF, 0xFF, 0xFE, 0xFF, 0xFF, 0xF8, 0xE8, 0xDE,
    0xFF, 0xFF, 0xFF, 0xFF, 0xFF, 0xFF, 0xFF, 0xFF, 0xFF, 0xFF, 0xFF, 0xFF, 0xFF, 0xFF, 0xFF, 0xFF,
    0xFF, 0xFF, 0xFF, 0xFF, 0xFF, 0xFF, 0xFF, 0xFF, 0xFF, 0xFF, 0xFF, 0xFF, 0xFF, 0xFF, 0xFF, 0xFF,
    0xFF, 0xFF, 0xFF, 0xFF, 0xFF, 0xFF, 0xFF, 0xFF, 0xFF, 0xFF, 0xFF, 0xFF, 0xFF, 0xFF, 0xFF, 0xFF,
    0xFF, 0xFF, 0xFF, 0xFF, 0xFF, 0xFF, 0xFF, 0xFF, 0xFF, 0xFF, 0xFF, 0xFF, 0xFF, 0xFF, 0xFF, 0xFF,
    0xFF, 0xFF, 0xFF, 0xFF, 0xFF, 0xFF, 0xFF, 0xFF, 0xFF, 0xFF, 0xFE, 0xFF, 0xFF, 0xF8, 0xE8, 0xDE,
    0xFF, 0xFF, 0xFF, 0xFF, 0xFF, 0xFF, 0xFF, 0xFF, 0xFF, 0xFF, 0xFF, 0xFF, 0xFF, 0xFF, 0xFF, 0xFF,
    0xFF, 0xFF, 0xFF, 0xFF, 0xFF, 0xFF, 0xFF, 0xFF, 0xFF, 0xFF, 0xFF, 0xFF, 0xFF, 0xFF, 0xFF, 0xFF,
    0xFF, 0xFF, 0xFF, 0xFF, 0xFF, 0xFF, 0xFF, 0xFF, 0xFF, 0xFF, 0xFF, 0xFF, 0xFF, 0xFF, 0xFF, 0xFF,
    0xFF, 0xFF, 0xFF, 0xFF, 0xFF, 0xFF, 0xFF, 0xFF, 0xFF, 0xFF, 0xFF, 0xFF, 0xFF, 0xFF, 0xFF, 0xFF,
    0xFF, 0xFF, 0xFF, 0xFF, 0xFF, 0xFF, 0xFF, 0xFF, 0xFF, 0xFF, 0xFE, 0xFF, 0xFF, 0xF8, 0xE8, 0xDE,
    0xFF, 0xFF, 0xFF, 0xFF, 0xFF, 0xFF, 0xFF, 0xFF, 0xFF, 0xFF, 0xFF, 0xFF, 0xFF, 0xFF, 0xFF, 0xFF,
    0xFF, 0xFF, 0xFF, 0xFF, 0xFF, 0xFF, 0xFF, 0xFF, 0xFF, 0xFF, 0xFF, 0xFF, 0xFF, 0xFF, 0xFF, 0xFF,
    0xFF, 0xFF, 0xFF, 0xFF, 0xFF, 0xFF, 0xFF, 0xFF, 0xFF, 0xFF, 0xFF, 0xFF, 0xFF, 0xFF, 0xFF, 0xFF,
    0xFF, 0xFF, 0xFF, 0xFF, 0xFF, 0xFF, 0xFF, 0xFF, 0xFF, 0xFF, 0xFF, 0xFF, 0xFF, 0xFF, 0xFF, 0xFF,
    0xFF, 0xFF, 0xFF, 0xFF, 0xFF, 0xFF, 0xFF, 0xFF, 0xFF, 0xFF, 0xFE, 0xFF, 0xFF, 0xF8, 0xE8, 0xDE,
    0xFF, 0xFF, 0xFF, 0xFF, 0xFF, 0xFF, 0xFF, 0xFF, 0xFF, 0xFF, 0xFF, 0xFF, 0xFF, 0xFF, 0xFF, 0xFF,
    0xFF, 0xFF, 0xFF, 0xFF, 0xFF, 0xFF, 0xFF, 0xFF, 0xFF, 0xFF, 0xFF, 0xFF, 0xFF, 0xFF, 0xFF, 0xFF,
    0xFF, 0xFF, 0xFF, 0xFF, 0xFF, 0xFF, 0xFF, 0xFF, 0xFF, 0xFF, 0xFF, 0xFF, 0xFF, 0xFF, 0xFF, 0xFF,
    0xFF, 0xFF, 0xFF, 0xFF, 0xFF, 0xFF, 0xFF, 0xFF, 0xFF, 0xFF, 0xFF, 0xFF, 0xFF, 0xFF, 0xFF, 0xFF,
    0xFF, 0xFF, 0xFF, 0xFF, 0xFF, 0xFF, 0xFF, 0xFF, 0xFF, 0xFF, 0xFE, 0xFF, 0xFF, 0xF8, 0xE8, 0xDE,
    0xFF, 0xFF, 0xFF, 0xFF, 0xFF, 0xFF, 0xFF, 0xFF, 0xFF, 0xFF, 0xFF, 0xFF, 0xFF, 0xFF, 0xFF, 0xFF,
    0xFF, 0xFF, 0xFF, 0xFF, 0xFF, 0xFF, 0xFF, 0xFF, 0xFF, 0xFF, 0xFF, 0xFF, 0xFF, 0xFF, 0xFF, 0xFF,
    0xFF, 0xFF, 0xFF, 0xFF, 0xFF, 0xFF, 0xFF, 0xFF, 0xFF, 0xFF, 0xFF, 0xFF, 0xFF, 0xFF, 0xFF, 0xFF,
    0xFF, 0xFF, 0xFF, 0xFF, 0xFF, 0xFF, 0xFF, 0xFF, 0xFF, 0xFF, 0xFF, 0xFF, 0xFF, 0xFF, 0xFF, 0xFF,
    0xFF, 0xFF, 0xFF, 0xFF, 0xFF, 0xFF, 0xFF, 0xFF, 0xFF, 0xFF, 0xFE, 0xFF, 0xFF, 0xF8, 0xE8, 0xDE,
    0xFF, 0xFF, 0xFF, 0xFF, 0xFF, 0xFF, 0xFF, 0xFF, 0xFF, 0xFF, 0xFF, 0xFF, 0xFF, 0xFF, 0xFF, 0xFF,
    0xFF, 0xFF, 0xFF, 0xFF, 0xFF, 0xFF, 0xFF, 0xFF, 0xFF, 0xFF, 0xFF, 0xFF, 0xFF, 0xFF, 0xFF, 0xFF,
    0xFF, 0xFF, 0xFF, 0xFF, 0xFF, 0xFF, 0xFF, 0xFF, 0xFF, 0xFF, 0xFF, 0xFF, 0xFF, 0xFF, 0xFF, 0xFF,
    0xFF, 0xFF, 0xFF, 0xFF, 0xFF, 0xFF, 0xFF, 0xFF, 0xFF, 0xFF, 0xFF, 0xFF, 0xFF, 0xFF, 0xFF, 0xFF,
    0xFF, 0xFF, 0xFF, 0xFF, 0xFF, 0xFF, 0xFF, 0xFF, 0xFF, 0xFF, 0xFE, 0xFF, 0xFF, 0xF8, 0xE8, 0xDE,
    0xFF, 0xFF, 0xFF, 0xFF, 0xFF, 0xFF, 0xFF, 0xFF, 0xFF, 0xFF, 0xFF, 0xFF, 0xFF, 0xFF, 0xFF, 0xFF,
    0xFF, 0xFF, 0xFF, 0xFF, 0xFF, 0xFF, 0xFF, 0xFF, 0xFF, 0xFF, 0xFF, 0xFF, 0xFF, 0xFF, 0xFF, 0xFF,
    0xFF, 0xFF, 0xFF, 0xFF, 0xFF, 0xFF, 0xFF, 0xFF, 0xFF, 0xFF, 0xFF, 0xFF, 0xFF, 0xFF, 0xFF, 0xFF,
    0xFF, 0xFF, 0xFF, 0xFF, 0xFF, 0xFF, 0xFF, 0xFF, 0xFF, 0xFF, 0xFF, 0xFF, 0xFF, 0xFF, 0xFF, 0xFF,
    0xFF, 0xFF, 0xFF, 0xFF, 0xFF, 0xFF, 0xFF, 0xFF, 0xFF, 0xFF, 0xFE, 0xFF, 0xFF, 0xF8, 0xE8, 0xDE,
    0xFF, 0xFF, 0xFF, 0xFF, 0xFF, 0xFF, 0xFF, 0xFF, 0xFF, 0xFF, 0xFF, 0xFF, 0xFF, 0xFF, 0xFF, 0xFF,
    0xFF, 0xFF, 0xFF, 0xFF, 0xFF, 0xFF, 0xFF, 0xFF, 0xFF, 0xFF, 0xFF, 0xFF, 0xFF, 0xFF, 0xFF, 0xFF,
    0xFF, 0xFF, 0xFF, 0xFF, 0xFF, 0xFF, 0xFF, 0xFF, 0xFF, 0xFF, 0xFF, 0xFF, 0xFF, 0xFF, 0xFF, 0xFF,
    0xFF, 0xFF, 0xFF, 0xFF, 0xFF, 0xFF, 0xFF, 0xFF, 0xFF, 0xFF, 0xFF, 0xFF, 0xFF, 0xFF, 0xFF, 0xFF,
    0xFF, 0xFF, 0xFF, 0xFF, 0xFF, 0xFF, 0xFF, 0xFF, 0xFF, 0xFF, 0xFE, 0xFF, 0xFF, 0xF8, 0xE8, 0xDE,
    0xFF, 0xFF, 0xFF, 0xFF, 0xFF, 0xFF, 0xFF, 0xFF, 0xFF, 0xFF, 0xFF, 0xFF, 0xFF, 0xFF, 0xFF, 0xFF,
    0xFF, 0xFF, 0xFF, 0xFF, 0xFF, 0xFF, 0xFF, 0xFF, 0xFF, 0xFF, 0xFF, 0xFF, 0xFF, 0xFF, 0xFF, 0xFF,
    0xFF, 0xFF, 0xFF, 0xFF, 0xFF, 0xFF, 0xFF, 0xFF, 0xFF, 0xFF, 0xFF, 0xFF, 0xFF, 0xFF, 0xFF, 0xFF,
    0xFF, 0xFF, 0xFF, 0xFF, 0xFF, 0xFF, 0xFF, 0xFF, 0xFF, 0xFF, 0xFF, 0xFF, 0xFF, 0xFF, 0xFF, 0xFF,
    0xFF, 0xFF, 0xFF, 0xFF, 0xFF, 0xFF, 0xFF, 0xFF, 0xFF, 0xFF, 0xFE, 0xFF, 0xFF, 0xF8, 0xE8, 0xDE,
    0xFF, 0xFF, 0xFF, 0xFF, 0xFF, 0xFF, 0xFF, 0xFF, 0xFF, 0xFF, 0xFF, 0xFF, 0xFF, 0xFF, 0xFF, 0xFF,
    0xFF, 0xFF, 0xFF, 0xFF, 0xFF, 0xFF, 0xFF, 0xFF, 0xFF, 0xFF, 0xFF, 0xFF, 0xFF, 0xFF, 0xFF, 0xFF,
    0xFF, 0xFF, 0xFF, 0xFF, 0xFF, 0xFF, 0xFF, 0xFF, 0xFF, 0xFF, 0xFF, 0xFF, 0xFF, 0xFF, 0xFF, 0xFF,
    0xFF, 0xFF, 0xFF, 0xFF, 0xFF, 0xFF, 0xFF, 0xFF, 0xFF, 0xFF, 0xFF, 0xFF, 0xFF, 0xFF, 0xFF, 0xFF,
    0xFF, 0xFF, 0xFF, 0xFF, 0xFF, 0xFF, 0xFF, 0xFF, 0xFF, 0xFF, 0xFE, 0xFF, 0xFF, 0xF8, 0xE8, 0xDE,
    0xFF, 0xFF, 0xFF, 0xFF, 0xFF, 0xFF, 0xFF, 0xFF, 0xFF, 0xFF, 0xFF, 0xFF, 0xFF, 0xFF, 0xFF, 0xFF,
    0xFF, 0xFF, 0xFF, 0xFF, 0xFF, 0xFF, 0xFF, 0xFF, 0xFF, 0xFF, 0xFF, 0xFF, 0xFF, 0xFF, 0xFF, 0xFF,
    0xFF, 0xFF, 0xFF, 0xFF, 0xFF, 0xFF, 0xFF, 0xFF, 0xFF, 0xFF, 0xFF, 0xFF, 0xFF, 0xFF, 0xFF, 0xFF,
    0xFF, 0xFF, 0xFF, 0xFF, 0xFF, 0xFF, 0xFF, 0xFF, 0xFF, 0xFF, 0xFF, 0xFF, 0xFF, 0xFF, 0xFF, 0xFF,
    0xFF, 0xFF, 0xFF, 0xFF, 0xFF, 0xFF, 0xFF, 0xFF, 0xFF, 0xFF, 0xFE, 0xFF, 0xFF, 0xF8, 0xE8, 0xDE,
    0xFF, 0xFF, 0xFF, 0xFF, 0xFF, 0xFF, 0xFF, 0xFF, 0xFF, 0xFF, 0xFF, 0xFF, 0xFF, 0xFF, 0xFF, 0xFF,
    0xFF, 0xFF, 0xFF, 0xFF, 0xFF, 0xFF, 0xFF, 0xFF, 0xFF, 0xFF, 0xFF, 0xFF, 0xFF, 0xFF, 0xFF, 0xFF,
    0xFF, 0xFF, 0xFF, 0xFF, 0xFF, 0xFF, 0xFF, 0xFF, 0xFF, 0xFF, 0xFF, 0xFF, 0xFF, 0xFF, 0xFF, 0xFF,
    0xFF, 0xFF, 0xFF, 0xFF, 0xFF, 0xFF, 0xFF, 0xFF, 0xFF, 0xFF, 0xFF, 0xFF, 0xFF, 0xFF, 0xFF, 0xFF,
    0xFF, 0xFF, 0xFF, 0xFF, 0xFF, 0xFF, 0xFF, 0xFF, 0xFF, 0xFF, 0xFE, 0xFF, 0xFF, 0xF8, 0xE8, 0xDE,
    0xFF, 0xFF, 0xFF, 0xFF, 0xFF, 0xFF, 0xFF, 0xFF, 0xFF, 0xFF, 0xFF, 0xFF, 0xFF, 0xFF, 0xFF, 0xFF,
    0xFF, 0xFF, 0xFF, 0xFF, 0xFF, 0xFF, 0xFF, 0xFF, 0xFF, 0xFF, 0xFF, 0xFF, 0xFF, 0xFF, 0xFF, 0xFF,
    0xFF, 0xFF, 0xFF, 0xFF, 0xFF, 0xFF, 0xFF, 0xFF, 0xFF, 0xFF, 0xFF, 0xFF, 0xFF, 0xFF, 0xFF, 0xFF,
    0xFF, 0xFF, 0xFF, 0xFF, 0xFF, 0xFF, 0xFF, 0xFF, 0xFF, 0xFF, 0xFF, 0xFF, 0xFF, 0xFF, 0xFF, 0xFF,
    0xFF, 0xFF, 0xFF, 0xFF, 0xFF, 0xFF, 0xFF, 0xFF, 0xFF, 0xFF, 0xFE, 0xFF, 0xFF, 0xF8, 0xE8, 0xDE,
    0xFF, 0xFF, 0xFF, 0xFF, 0xFF, 0xFF, 0xFF, 0xFF, 0xFF, 0xFF, 0xFF, 0xFF, 0xFF, 0xFF, 0xFF, 0xFF,
    0xFF, 0xFF, 0xFF, 0xFF, 0xFF, 0xFF, 0xFF, 0xFF, 0xFF, 0xFF, 0xFF, 0xFF, 0xFF, 0xFF, 0xFF, 0xFF,
    0xFF, 0xFF, 0xFF, 0xFF, 0xFF, 0xFF, 0xFF, 0xFF, 0xFF, 0xFF, 0xFF, 0xFF, 0xFF, 0xFF, 0xFF, 0xFF,
    0xFF, 0xFF, 0xFF, 0xFF, 0xFF, 0xFF, 0xFF, 0xFF, 0xFF, 0xFF, 0xFF, 0xFF, 0xFF, 0xFF, 0xFF, 0xFF,
    0xFF, 0xFF, 0xFF, 0xFF, 0xFF, 0xFF, 0xFF, 0xFF, 0xFF, 0xFF, 0xFE, 0xFF, 0xFF, 0xF8, 0xE8, 0xDE,
    0xFF, 0xFF, 0xFF, 0xFF, 0xFF, 0xFF, 0xFF, 0xFF, 0xFF, 0xFF, 0xFF, 0xFF, 0xFF, 0xFF, 0xFF, 0xFF,
    0xFF, 0xFF, 0xFF, 0xFF, 0xFF, 0xFF, 0xFF, 0xFF, 0xFF, 0xFF, 0xFF, 0xFF, 0xFF, 0xFF, 0xFF, 0xFF,
    0xFF, 0xFF, 0xFF, 0xFF, 0xFF, 0xFF, 0xFF, 0xFF, 0xFF, 0xFF, 0xFF, 0xFF, 0xFF, 0xFF, 0xFF, 0xFF,
    0xFF, 0xFF, 0xFF, 0xFF, 0xFF, 0xFF, 0xFF, 0xFF, 0xFF, 0xFF, 0xFF, 0xFF, 0xFF, 0xFF, 0xFF, 0xFF,
    0xFF, 0xFF, 0xFF, 0xFF, 0xFF, 0xFF, 0xFF, 0xFF, 0xFF, 0xFF, 0xFE, 0xFF, 0xFF, 0xF8, 0xE8, 0xDE,
    0xFF, 0xFF, 0xFF, 0xFF, 0xFF, 0xFF, 0xFF, 0xFF, 0xFF, 0xFF, 0xFF, 0xFF, 0xFF, 0xFF, 0xFF, 0xFF,
    0xFF, 0xFF, 0xFF, 0xFF, 0xFF, 0xFF, 0xFF, 0xFF, 0xFF, 0xFF, 0xFF, 0xFF, 0xFF, 0xFF, 0xFF, 0xFF,
    0xFF, 0xFF, 0xFF, 0xFF, 0xFF, 0xFF, 0xFF, 0xFF, 0xFF, 0xFF, 0xFF, 0xFF, 0xFF, 0xFF, 0xFF, 0xFF,
    0xFF, 0xFF, 0xFF, 0xFF, 0xFF, 0xFF, 0xFF, 0xFF, 0xFF, 0xFF, 0xFF, 0xFF, 0xFF, 0xFF, 0xFF, 0xFF,
    0xFF, 0xFF, 0xFF, 0xFF, 0xFF, 0xFF, 0xFF, 0xFF, 0xFF, 0xFF, 0xFE, 0xFF, 0xFF, 0xF8, 0xE8, 0xDE,
    0xFE, 0xFE, 0xFE, 0xFF, 0xFF, 0xFF, 0xFF, 0xFF, 0xFF, 0xFF, 0xFF, 0xFF, 0xFF, 0xFF, 0xFF, 0xFF,
    0xFF, 0xFF, 0xFF, 0xFF, 0xFF, 0xFF, 0xFF, 0xFF, 0xFF, 0xFF, 0xFF, 0xFF, 0xFF, 0xFF, 0xFF, 0xFF,
    0xFF, 0xFF, 0xFF, 0xFF, 0xFF, 0xFF, 0xFF, 0xFF, 0xFF, 0xFF, 0xFF, 0xFF, 0xFF, 0xFF, 0xFF, 0xFF,
    0xFF, 0xFF, 0xFF, 0xFF, 0xFF, 0xFF, 0xFF, 0xFF, 0xFF, 0xFF, 0xFF, 0xFF, 0xFF, 0xFF, 0xFF, 0xFF,
    0xFF, 0xFF, 0xFF, 0xFF, 0xFF, 0xFF, 0xFF, 0xFF, 0xFF, 0xFF, 0xFE, 0xFF, 0xFF, 0xF7, 0xE7, 0xDD,
    0xFC, 0xFC, 0xFE, 0xFF, 0xFF, 0xFF, 0xFF, 0xFF, 0xFF, 0xFF, 0xFF, 0xFF, 0xFF, 0xFF, 0xFF, 0xFF,
    0xFF, 0xFF, 0xFF, 0xFF, 0xFF, 0xFF, 0xFF, 0xFF, 0xFF, 0xFF, 0xFF, 0xFF, 0xFF, 0xFF, 0xFF, 0xFF,
    0xFF, 0xFF, 0xFF, 0xFF, 0xFF, 0xFF, 0xFF, 0xFF, 0xFF, 0xFF, 0xFF, 0xFF, 0xFF, 0xFF, 0xFF, 0xFF,
    0xFF, 0xFF, 0xFF, 0xFF, 0xFF, 0xFF, 0xFF, 0xFF, 0xFF, 0xFF, 0xFF, 0xFF, 0xFF, 0xFF, 0xFF, 0xFF,
    0xFF, 0xFF, 0xFF, 0xFF, 0xFF, 0xFF, 0xFF, 0xFF, 0xFF, 0xFF, 0xFE, 0xFF, 0xFF, 0xF7, 0xE5, 0xDB,
    0xF7, 0xFA, 0xFD, 0xFF, 0xFF, 0xFF, 0xFF, 0xFF, 0xFF, 0xFF, 0xFF, 0xFF, 0xFF, 0xFF, 0xFF, 0xFF,
    0xFF, 0xFF, 0xFF, 0xFF, 0xFF, 0xFF, 0xFF, 0xFF, 0xFF, 0xFF, 0xFF, 0xFF, 0xFF, 0xFF, 0xFF, 0xFF,
    0xFF, 0xFF, 0xFF, 0xFF, 0xFF, 0xFF, 0xFF, 0xFF, 0xFF, 0xFF, 0xFF, 0xFF, 0xFF, 0xFF, 0xFF, 0xFF,
    0xFF, 0xFF, 0xFF, 0xFF, 0xFF, 0xFF, 0xFF, 0xFF, 0xFF, 0xFF, 0xFF, 0xFF, 0xFF, 0xFF, 0xFF, 0xFF,
    0xFF, 0xFF, 0xFF, 0xFF, 0xFF, 0xFF, 0xFF, 0xFF, 0xFF, 0xFF, 0xFE, 0xFF, 0xFF, 0xF6, 0xE2, 0xD6,
    0xF2, 0xF6, 0xFC, 0xFF, 0xFF, 0xFF, 0xFF, 0xFF, 0xFF, 0xFF, 0xFF, 0xFF, 0xFF, 0xFF, 0xFF, 0xFF,
    0xFF, 0xFF, 0xFF, 0xFF, 0xFF, 0xFF, 0xFF, 0xFF, 0xFF, 0xFF, 0xFF, 0xFF, 0xFF, 0xFF, 0xFF, 0xFF,
    0xFF, 0xFF, 0xFF, 0xFF, 0xFF, 0xFF, 0xFF, 0xFF, 0xFF, 0xFF, 0xFF, 0xFF, 0xFF, 0xFF, 0xFF, 0xFF,
    0xFF, 0xFF, 0xFF, 0xFF, 0xFF, 0xFF, 0xFF, 0xFF, 0xFF, 0xFF, 0xFF, 0xFF, 0xFF, 0xFF, 0xFF, 0xFF,
    0xFF, 0xFF, 0xFF, 0xFF, 0xFF, 0xFF, 0xFF, 0xFF, 0xFF, 0xFF, 0xFE, 0xFF, 0xFF, 0xF4, 0xDE, 0xD1,
    0xE7, 0xEE, 0xF9, 0xFF, 0xFF, 0xFE, 0xFF, 0xFF, 0xFF, 0xFF, 0xFF, 0xFF, 0xFF, 0xFF, 0xFF, 0xFF,
    0xFF, 0xFF, 0xFF, 0xFF, 0xFF, 0xFF, 0xFF, 0xFF, 0xFF, 0xFF, 0xFF, 0xFF, 0xFF, 0xFF, 0xFF, 0xFF,
    0xFF, 0xFF, 0xFF, 0xFF, 0xFF, 0xFF, 0xFF, 0xFF, 0xFF, 0xFF, 0xFF, 0xFF, 0xFF, 0xFF, 0xFF, 0xFF,
    0xFF, 0xFF, 0xFF, 0xFF, 0xFF, 0xFF, 0xFF, 0xFF, 0xFF, 0xFF, 0xFF, 0xFF, 0xFF, 0xFF, 0xFF, 0xFF,
    0xFF, 0xFF, 0xFF, 0xFF, 0xFF, 0xFF, 0xFF, 0xFF, 0xFF, 0xFF, 0xFD, 0xFF, 0xFF, 0xF2, 0xD7, 0xC7,
    0xDC, 0xE5, 0xF7, 0xFF, 0xFF, 0xFE, 0xFF, 0xFF, 0xFF, 0xFF, 0xFF, 0xFF, 0xFF, 0xFF, 0xFF, 0xFF,
    0xFF, 0xFF, 0xFF, 0xFF, 0xFF, 0xFF, 0xFF, 0xFF, 0xFF, 0xFF, 0xFF, 0xFF, 0xFF, 0xFF, 0xFF, 0xFF,
    0xFF, 0xFF, 0xFF, 0xFF, 0xFF, 0xFF, 0xFF, 0xFF, 0xFF, 0xFF, 0xFF, 0xFF, 0xFF, 0xFF, 0xFF, 0xFF,
    0xFF, 0xFF, 0xFF, 0xFF, 0xFF, 0xFF, 0xFF, 0xFF, 0xFF, 0xFF, 0xFF, 0xFF, 0xFF, 0xFF, 0xFF, 0xFF,
    0xFF, 0xFF, 0xFF, 0xFF, 0xFF, 0xFF, 0xFF, 0xFF, 0xFF, 0xFF, 0xFD, 0xFF, 0xFF, 0xF0, 0xCF, 0xBC,
    0xC7, 0xD7, 0xF2, 0xFF, 0xFF, 0xFD, 0xFF, 0xFF, 0xFF, 0xFF, 0xFF, 0xFF, 0xFF, 0xFF, 0xFF, 0xFF,
    0xFF, 0xFF, 0xFF, 0xFF, 0xFF, 0xFF, 0xFF, 0xFF, 0xFF, 0xFF, 0xFF, 0xFF, 0xFF, 0xFF, 0xFF, 0xFF,
    0xFF, 0xFF, 0xFF, 0xFF, 0xFF, 0xFF, 0xFF, 0xFF, 0xFF, 0xFF, 0xFF, 0xFF, 0xFF, 0xFF, 0xFF, 0xFF,
    0xFF, 0xFF, 0xFF, 0xFF, 0xFF, 0xFF, 0xFF, 0xFF, 0xFF, 0xFF, 0xFF, 0xFF, 0xFF, 0xFF, 0xFF, 0xFF,
    0xFF, 0xFF, 0xFF, 0xFF, 0xFF, 0xFF, 0xFF, 0xFF, 0xFF, 0xFE, 0xFC, 0xFF, 0xFF, 0xEB, 0xC0, 0xA8,
    0xB2, 0xC8, 0xED, 0xFF, 0xFF, 0xFD, 0xFF, 0xFF, 0xFF, 0xFF, 0xFF, 0xFF, 0xFF, 0xFF, 0xFF, 0xFF,
    0xFF, 0xFF, 0xFF, 0xFF, 0xFF, 0xFF, 0xFF, 0xFF, 0xFF, 0xFF, 0xFF, 0xFF, 0xFF, 0xFF, 0xFF, 0xFF,
    0xFF, 0xFF, 0xFF, 0xFF, 0xFF, 0xFF, 0xFF, 0xFF, 0xFF, 0xFF, 0xFF, 0xFF, 0xFF, 0xFF, 0xFF, 0xFF,
    0xFF, 0xFF, 0xFF, 0xFF, 0xFF, 0xFF, 0xFF, 0xFF, 0xFF, 0xFF, 0xFF, 0xFF, 0xFF, 0xFF, 0xFF, 0xFF,
    0xFF, 0xFF, 0xFF, 0xFF, 0xFF, 0xFF, 0xFF, 0xFF, 0xFF, 0xFE, 0xFC, 0xFF, 0xFF, 0xE6, 0xB1, 0x93,
    0x93, 0xB1, 0xE5, 0xFE, 0xFF, 0xFD, 0xFE, 0xFF, 0xFF, 0xFF, 0xFF, 0xFF, 0xFF, 0xFF, 0xFF, 0xFF,
    0xFF, 0xFF, 0xFF, 0xFF, 0xFF, 0xFF, 0xFF, 0xFF, 0xFF, 0xFF, 0xFF, 0xFF, 0xFF, 0xFF, 0xFF, 0xFF,
    0xFF, 0xFF, 0xFF, 0xFF, 0xFF, 0xFF, 0xFF, 0xFF, 0xFF, 0xFF, 0xFF, 0xFF, 0xFF, 0xFF, 0xFF, 0xFF,
    0xFF, 0xFF, 0xFF, 0xFF, 0xFF, 0xFF, 0xFF, 0xFF, 0xFF, 0xFF, 0xFF, 0xFF, 0xFF, 0xFF, 0xFF, 0xFF,
    0xFF, 0xFF, 0xFF, 0xFF, 0xFF, 0xFF, 0xFF, 0xFF, 0xFF, 0xFE, 0xFC, 0xFF, 0xFD, 0xDD, 0x9A, 0x75,
    0x67, 0x95, 0xE0, 0xFF, 0xFF, 0xFB, 0xFE, 0xFF, 0xFF, 0xFF, 0xFF, 0xFF, 0xFF, 0xFF, 0xFF, 0xFF,
    0xFF, 0xFF, 0xFF, 0xFF, 0xFF, 0xFF, 0xFF, 0xFF, 0xFF, 0xFF, 0xFF, 0xFF, 0xFF, 0xFF, 0xFF, 0xFF,
    0xFF, 0xFF, 0xFF, 0xFF, 0xFF, 0xFF, 0xFF, 0xFF, 0xFF, 0xFF, 0xFF, 0xFF, 0xFF, 0xFF, 0xFF, 0xFF,
    0xFF, 0xFF, 0xFF, 0xFF, 0xFF, 0xFF, 0xFF, 0xFF, 0xFF, 0xFF, 0xFF, 0xFF, 0xFF, 0xFF, 0xFF, 0xFF,
    0xFF, 0xFF, 0xFF, 0xFF, 0xFF, 0xFF, 0xFF, 0xFF, 0xFF, 0xFE, 0xFA, 0xFF, 0xFF, 0xD9, 0x7E, 0x47,
    0x32, 0x70, 0xD3, 0xFE, 0xFD, 0xF9, 0xFE, 0xFF, 0xFF, 0xFF, 0xFF, 0xFF, 0xFF, 0xFF, 0xFF, 0xFF,
    0xFF, 0xFF, 0xFF, 0xFF, 0xFF, 0xFF, 0xFF, 0xFF, 0xFF, 0xFF, 0xFF, 0xFF, 0xFF, 0xFF, 0xFF, 0xFF,
    0xFF, 0xFF, 0xFF, 0xFF, 0xFF, 0xFF, 0xFF, 0xFF, 0xFF, 0xFF, 0xFF, 0xFF, 0xFF, 0xFF, 0xFF, 0xFF,
    0xFF, 0xFF, 0xFF, 0xFF, 0xFF, 0xFF, 0xFF, 0xFF, 0xFF, 0xFF, 0xFF, 0xFF, 0xFF, 0xFF, 0xFF, 0xFF,
    0xFF, 0xFF, 0xFF, 0xFF, 0xFF, 0xFF, 0xFF, 0xFF, 0xFF, 0xFE, 0xF9, 0xFE, 0xFF, 0xCD, 0x59, 0x13,
    0x0F, 0x4D, 0xC3, 0xFF, 0xFF, 0xF9, 0xFE, 0xFF, 0xFF, 0xFF, 0xFF, 0xFF, 0xFF, 0xFF, 0xFF, 0xFF,
    0xFF, 0xFF, 0xFF, 0xFF, 0xFF, 0xFF, 0xFF, 0xFF, 0xFF, 0xFF, 0xFF, 0xFF, 0xFF, 0xFF, 0xFF, 0xFF,
    0xFF, 0xFF, 0xFF, 0xFF, 0xFF, 0xFF, 0xFF, 0xFF, 0xFF, 0xFF, 0xFF, 0xFF, 0xFF, 0xFF, 0xFF, 0xFF,
    0xFF, 0xFF, 0xFF, 0xFF, 0xFF, 0xFF, 0xFF, 0xFF, 0xFF, 0xFF, 0xFF, 0xFF, 0xFF, 0xFF, 0xFF, 0xFF,
    0xFF, 0xFF, 0xFF, 0xFF, 0xFF, 0xFF, 0xFF, 0xFF, 0xFE, 0xFE, 0xF9, 0xFF, 0xFC, 0xB5, 0x3B, 0x00,
    0x01, 0x2C, 0xA0, 0xF5, 0xFF, 0xF9, 0xFD, 0xFE, 0xFE, 0xFF, 0xFF, 0xFF, 0xFF, 0xFF, 0xFF, 0xFF,
    0xFF, 0xFF, 0xFF, 0xFF, 0xFF, 0xFF, 0xFF, 0xFF, 0xFF, 0xFF, 0xFF, 0xFF, 0xFF, 0xFF, 0xFF, 0xFF,
    0xFF, 0xFF, 0xFF, 0xFF, 0xFF, 0xFF, 0xFF, 0xFF, 0xFF, 0xFF, 0xFF, 0xFF, 0xFF, 0xFF, 0xFF, 0xFF,
    0xFF, 0xFF, 0xFF, 0xFF, 0xFF, 0xFF, 0xFF, 0xFF, 0xFF, 0xFF, 0xFF, 0xFF, 0xFF, 0xFF, 0xFF, 0xFF,
    0xFF, 0xFF, 0xFF, 0xFF, 0xFF, 0xFF, 0xFF, 0xFE, 0xFD, 0xFD, 0xF9, 0xFA, 0xE1, 0x89, 0x22, 0x00,
    0x01, 0x15, 0x64, 0xC7, 0xFC, 0xFF, 0xFF, 0xFB, 0xFD, 0xFF, 0xFF, 0xFF, 0xFF, 0xFF, 0xFF, 0xFF,
    0xFF, 0xFF, 0xFF, 0xFF, 0xFF, 0xFF, 0xFF, 0xFF, 0xFF, 0xFF, 0xFF, 0xFF, 0xFF, 0xFF, 0xFF, 0xFF,
    0xFF, 0xFF, 0xFF, 0xFF, 0xFF, 0xFF, 0xFF, 0xFF, 0xFF, 0xFF, 0xFF, 0xFF, 0xFF, 0xFF, 0xFF, 0xFF,
    0xFF, 0xFF, 0xFF, 0xFF, 0xFF, 0xFF, 0xFF, 0xFF, 0xFF, 0xFF, 0xFF, 0xFF, 0xFF, 0xFF, 0xFF, 0xFF,
    0xFF, 0xFF, 0xFF, 0xFF, 0xFF, 0xFF, 0xFE, 0xFD, 0xFA, 0xFF, 0xFF, 0xF1, 0xAB, 0x4E, 0x11, 0x04,
    0x01, 0x03, 0x1D, 0x77, 0xE1, 0xFF, 0xFF, 0xF5, 0xFB, 0xFD, 0xFF, 0xFF, 0xFF, 0xFF, 0xFF, 0xFF,
    0xFF, 0xFF, 0xFF, 0xFF, 0xFF, 0xFF, 0xFF, 0xFF, 0xFF, 0xFF, 0xFF, 0xFF, 0xFF, 0xFF, 0xFF, 0xFF,
    0xFF, 0xFF, 0xFF, 0xFF, 0xFF, 0xFF, 0xFF, 0xFF, 0xFF, 0xFF, 0xFF, 0xFF, 0xFF, 0xFF, 0xFF, 0xFF,
    0xFF, 0xFF, 0xFF, 0xFF, 0xFF, 0xFF, 0xFF, 0xFF, 0xFF, 0xFF, 0xFF, 0xFF, 0xFF, 0xFF, 0xFF, 0xFF,
    0xFF, 0xFF, 0xFF, 0xFF, 0xFF, 0xFF, 0xFC, 0xFB, 0xF6, 0xFF, 0xFF, 0xD1, 0x60, 0x12, 0x03, 0x05,
    0x04, 0x00, 0x00, 0x33, 0x9C, 0xE3, 0xFE, 0xFF, 0xFF, 0xFF, 0xFE, 0xFD, 0xFE, 0xFE, 0xFE, 0xFE,
    0xFF, 0xFF, 0xFF, 0xFF, 0xFF, 0xFF, 0xFF, 0xFF, 0xFF, 0xFF, 0xFF, 0xFF, 0xFF, 0xFF, 0xFF, 0xFF,
    0xFF, 0xFF, 0xFF, 0xFF, 0xFF, 0xFF, 0xFF, 0xFF, 0xFF, 0xFF, 0xFF, 0xFF, 0xFF, 0xFF, 0xFF, 0xFF,
    0xFF, 0xFF, 0xFF, 0xFF, 0xFF, 0xFF, 0xFF, 0xFF, 0xFF, 0xFF, 0xFF, 0xFF, 0xFF, 0xFF, 0xFF, 0xFF,
    0xFE, 0xFE, 0xFE, 0xFE, 0xFD, 0xFE, 0xFF, 0xFF, 0xFF, 0xFB, 0xDA, 0x8A, 0x26, 0x00, 0x00, 0x05,
    0x03, 0x00, 0x00, 0x0A, 0x3D, 0x8C, 0xE5, 0xFF, 0xFF, 0xFB, 0xF9, 0xF8, 0xFA, 0xFC, 0xFC, 0xFD,
    0xFD, 0xFE, 0xFE, 0xFE, 0xFE, 0xFE, 0xFE, 0xFE, 0xFE, 0xFE, 0xFE, 0xFE, 0xFE, 0xFE, 0xFE, 0xFE,
    0xFE, 0xFE, 0xFE, 0xFE, 0xFE, 0xFE, 0xFE, 0xFE, 0xFE, 0xFE, 0xFE, 0xFE, 0xFE, 0xFE, 0xFE, 0xFE,
    0xFE, 0xFE, 0xFE, 0xFE, 0xFE, 0xFE, 0xFE, 0xFE, 0xFE, 0xFE, 0xFE, 0xFE, 0xFE, 0xFE, 0xFE, 0xFD,
    0xFD, 0xFC, 0xFC, 0xFA, 0xF8, 0xFA, 0xFE, 0xFF, 0xFF, 0xD9, 0x7B, 0x2C, 0x05, 0x00, 0x00, 0x02,
    0x01, 0x01, 0x04, 0x00, 0x05, 0x3D, 0x9A, 0xDB, 0xF0, 0xFF, 0xFF, 0xFF, 0xFF, 0xFF, 0xFF, 0xFF,
    0xFF, 0xFF, 0xFF, 0xFF, 0xFF, 0xFF, 0xFF, 0xFF, 0xFF, 0xFF, 0xFF, 0xFF, 0xFF, 0xFF, 0xFF, 0xFF,
    0xFF, 0xFF, 0xFF, 0xFF, 0xFF, 0xFF, 0xFF, 0xFF, 0xFF, 0xFF, 0xFF, 0xFF, 0xFF, 0xFF, 0xFF, 0xFF,
    0xFF, 0xFF, 0xFF, 0xFF, 0xFF, 0xFF, 0xFF, 0xFF, 0xFF, 0xFF, 0xFF, 0xFF, 0xFF, 0xFF, 0xFF, 0xFF,
    0xFF, 0xFF, 0xFF, 0xFF, 0xFF, 0xFF, 0xFD, 0xEC, 0xD1, 0x8B, 0x2D, 0x00, 0x00, 0x05, 0x01, 0x00,
    0x00, 0x00, 0x02, 0x00, 0x00, 0x0B, 0x30, 0x6D, 0xB6, 0xF4, 0xFF, 0xFF, 0xFF, 0xFF, 0xFF, 0xFF,
    0xFF, 0xFF, 0xFF, 0xFF, 0xFF, 0xFF, 0xFF, 0xFF, 0xFF, 0xFF, 0xFF, 0xFF, 0xFF, 0xFF, 0xFF, 0xFF,
    0xFF, 0xFF, 0xFF, 0xFF, 0xFF, 0xFF, 0xFF, 0xFF, 0xFF, 0xFF, 0xFF, 0xFF, 0xFF, 0xFF, 0xFF, 0xFF,
    0xFF, 0xFF, 0xFF, 0xFF, 0xFF, 0xFF, 0xFF, 0xFF, 0xFF, 0xFF, 0xFF, 0xFF, 0xFF, 0xFF, 0xFF, 0xFF,
    0xFF, 0xFF, 0xFF, 0xFF, 0xFF, 0xFF, 0xE7, 0xA7, 0x5F, 0x26, 0x06, 0x00, 0x00, 0x02, 0x00, 0x00,
    0x00, 0x00, 0x01, 0x02, 0x03, 0x00, 0x00, 0x18, 0x5B, 0x96, 0xBD, 0xCD, 0xD8, 0xDF, 0xE7, 0xEC,
    0xF0, 0xF3, 0xF5, 0xF6, 0xF7, 0xF7, 0xF8, 0xF8, 0xF8, 0xF8, 0xF8, 0xF8, 0xF8, 0xF8, 0xF8, 0xF8,
    0xF8, 0xF8, 0xF8, 0xF8, 0xF8, 0xF8, 0xF8, 0xF8, 0xF8, 0xF8, 0xF8, 0xF8, 0xF8, 0xF8, 0xF8, 0xF8,
    0xF8, 0xF8, 0xF8, 0xF8, 0xF8, 0xF8, 0xF8, 0xF8, 0xF8, 0xF8, 0xF7, 0xF7, 0xF6, 0xF5, 0xF2, 0xF0,
    0xEB, 0xE6, 0xDE, 0xD6, 0xCA, 0xB6, 0x8A, 0x4D, 0x0E, 0x00, 0x00, 0x05, 0x02, 0x01, 0x00, 0x00,
    0x00, 0x00, 0x00, 0x00, 0x00, 0x00, 0x00, 0x00, 0x14, 0x28, 0x43, 0x60, 0x83, 0x9F, 0xB5, 0xC3,
    0xD1, 0xD8, 0xDF, 0xE3, 0xE5, 0xE7, 0xE8, 0xE8, 0xE8, 0xE8, 0xE8, 0xE8, 0xE8, 0xE8, 0xE8, 0xE8,
    0xE8, 0xE8, 0xE8, 0xE8, 0xE8, 0xE8, 0xE8, 0xE8, 0xE8, 0xE8, 0xE8, 0xE8, 0xE8, 0xE8, 0xE8, 0xE8,
    0xE8, 0xE8, 0xE8, 0xE8, 0xE8, 0xE8, 0xE8, 0xE8, 0xE8, 0xE8, 0xE7, 0xE5, 0xE2, 0xDF, 0xD7, 0xCF,
    0xC1, 0xB1, 0x9A, 0x7D, 0x58, 0x3C, 0x23, 0x10, 0x00, 0x00, 0x00, 0x01, 0x00, 0x00, 0x00, 0x00,
    0x00, 0x00, 0x00, 0x00, 0x01, 0x04, 0x07, 0x00, 0x00, 0x00, 0x00, 0x20, 0x52, 0x7A, 0x98, 0xAB,
    0xBF, 0xC9, 0xD3, 0xD7, 0xDB, 0xDD, 0xDE, 0xDE, 0xDE, 0xDE, 0xDE, 0xDE, 0xDE, 0xDE, 0xDE, 0xDE,
    0xDE, 0xDE, 0xDE, 0xDE, 0xDE, 0xDE, 0xDE, 0xDE, 0xDE, 0xDE, 0xDE, 0xDE, 0xDE, 0xDE, 0xDE, 0xDE,
    0xDE, 0xDE, 0xDE, 0xDE, 0xDE, 0xDE, 0xDE, 0xDE, 0xDE, 0xDE, 0xDD, 0xDB, 0xD6, 0xD2, 0xC8, 0xBC,
    0xA8, 0x93, 0x73, 0x49, 0x16, 0x00, 0x00, 0x00, 0x02, 0x08, 0x03, 0x00, 0x00, 0x00, 0x00, 0x00
};
#define APP_ICON_STRAVA_W 80
#define APP_ICON_STRAVA_H 80
// RGB565A8: 6400 RGB565 pixels (little-endian) followed by 6400 alpha bytes
static const uint8_t app_icon_strava_data[19200] = {
    0x60, 0xFA, 0x60, 0xFA, 0x60, 0xFA, 0x60, 0xFA, 0x60, 0xFA, 0x60, 0xFA, 0x60, 0xFA, 0x60, 0xFA,
    0x60, 0xFA, 0x60, 0xFA, 0x60, 0xFA, 0x60, 0xFA, 0x60, 0xFA, 0x60, 0xFA, 0x60, 0xFA, 0x60, 0xFA,
    0x60, 0xFA, 0x60, 0xFA, 0x60, 0xFA, 0x60, 0xFA, 0x60, 0xFA, 0x60, 0xFA, 0x60, 0xFA, 0x60, 0xFA,
    0x60, 0xFA, 0x60, 0xFA, 0x60, 0xFA, 0x60, 0xFA, 0x60, 0xFA, 0x60, 0xFA, 0x60, 0xFA, 0x60, 0xFA,
    0x60, 0xFA, 0x60, 0xFA, 0x60, 0xFA, 0x60, 0xFA, 0x60, 0xFA, 0x60, 0xFA, 0x60, 0xFA, 0x60, 0xFA,
    0x60, 0xFA, 0x60, 0xFA, 0x60, 0xFA, 0x60, 0xFA, 0x60, 0xFA, 0x60, 0xFA, 0x60, 0xFA, 0x60, 0xFA,
    0x60, 0xFA, 0x60, 0xFA, 0x60, 0xFA, 0x60, 0xFA, 0x60, 0xFA, 0x60, 0xFA, 0x60, 0xFA, 0x60, 0xFA,
    0x60, 0xFA, 0x60, 0xFA, 0x60, 0xFA, 0x60, 0xFA, 0x60, 0xFA, 0x60, 0xFA, 0x60, 0xFA, 0x60, 0xFA,
    0x60, 0xFA, 0x60, 0xFA, 0x60, 0xFA, 0x60, 0xFA, 0x60, 0xFA, 0x60, 0xFA, 0x60, 0xFA, 0x60, 0xFA,
    0x60, 0xFA, 0x60, 0xFA, 0x60, 0xFA, 0x60, 0xFA, 0x60, 0xFA, 0x60, 0xFA, 0x60, 0xFA, 0x60, 0xFA,
    0x60, 0xFA, 0x60, 0xFA, 0x60, 0xFA, 0x60, 0xFA, 0x60, 0xFA, 0x60, 0xFA, 0x60, 0xFA, 0x60, 0xFA,
    0x60, 0xFA, 0x60, 0xFA, 0x60, 0xFA, 0x60, 0xFA, 0x60, 0xFA, 0x60, 0xFA, 0x60, 0xFA, 0x60, 0xFA,
    0x60, 0xFA, 0x60, 0xFA, 0x60, 0xFA, 0x60, 0xFA, 0x60, 0xFA, 0x60, 0xFA, 0x60, 0xFA, 0x60, 0xFA,
    0x60, 0xFA, 0x60, 0xFA, 0x60, 0xFA, 0x60, 0xFA, 0x60, 0xFA, 0x60, 0xFA, 0x60, 0xFA, 0x60, 0xFA,
    0x60, 0xFA, 0x60, 0xFA, 0x60, 0xFA, 0x60, 0xFA, 0x60, 0xFA, 0x60, 0xFA, 0x60, 0xFA, 0x60, 0xFA,
    0x60, 0xFA, 0x60, 0xFA, 0x60, 0xFA, 0x60, 0xFA, 0x60, 0xFA, 0x60, 0xFA, 0x60, 0xFA, 0x60, 0xFA,
    0x60, 0xFA, 0x60, 0xFA, 0x60, 0xFA, 0x60, 0xFA, 0x60, 0xFA, 0x60, 0xFA, 0x60, 0xFA, 0x60, 0xFA,
    0x60, 0xFA, 0x60, 0xFA, 0x60, 0xFA, 0x60, 0xFA, 0x60, 0xFA, 0x60, 0xFA, 0x60, 0xFA, 0x60, 0xFA,
    0x60, 0xFA, 0x60, 0xFA, 0x60, 0xFA, 0x60, 0xFA, 0x60, 0xFA, 0x60, 0xFA, 0x60, 0xFA, 0x60, 0xFA,
    0x60, 0xFA, 0x60, 0xFA, 0x60, 0xFA, 0x60, 0xFA, 0x60, 0xFA, 0x60, 0xFA, 0x60, 0xFA, 0x60, 0xFA,
    0x60, 0xFA, 0x60, 0xFA, 0x60, 0xFA, 0x60, 0xFA, 0x60, 0xFA, 0x60, 0xFA, 0x60, 0xFA, 0x60, 0xFA,
    0x60, 0xFA, 0x60, 0xFA, 0x60, 0xFA, 0x60, 0xFA, 0x60, 0xFA, 0x60, 0xFA, 0x60, 0xFA, 0x60, 0xFA,
    0x60, 0xFA, 0x60, 0xFA, 0x60, 0xFA, 0x60, 0xFA, 0x60, 0xFA, 0x60, 0xFA, 0x60, 0xFA, 0x60, 0xFA,
    0x60, 0xFA, 0x60, 0xFA, 0x60, 0xFA, 0x60, 0xFA, 0x60, 0xFA, 0x60, 0xFA, 0x60, 0xFA, 0x60, 0xFA,
    0x60, 0xFA, 0x60, 0xFA, 0x60, 0xFA, 0x60, 0xFA, 0x60, 0xFA, 0x60, 0xFA, 0x60, 0xFA, 0x60, 0xFA,
    0x60, 0xFA, 0x60, 0xFA, 0x60, 0xFA, 0x60, 0xFA, 0x60, 0xFA, 0x60, 0xFA, 0x60, 0xFA, 0x60, 0xFA,
    0x60, 0xFA, 0x60, 0xFA, 0x60, 0xFA, 0x60, 0xFA, 0x60, 0xFA, 0x60, 0xFA, 0x60, 0xFA, 0x60, 0xFA,
    0x60, 0xFA, 0x60, 0xFA, 0x60, 0xFA, 0x60, 0xFA, 0x60, 0xFA, 0x60, 0xFA, 0x60, 0xFA, 0x60, 0xFA,
    0x60, 0xFA, 0x60, 0xFA, 0x60, 0xFA, 0x60, 0xFA, 0x60, 0xFA, 0x60, 0xFA, 0x60, 0xFA, 0x60, 0xFA,
    0x60, 0xFA, 0x60, 0xFA, 0x60, 0xFA, 0x60, 0xFA, 0x60, 0xFA, 0x60, 0xFA, 0x60, 0xFA, 0x60, 0xFA,
    0x60, 0xFA, 0x60, 0xFA, 0x60, 0xFA, 0x60, 0xFA, 0x60, 0xFA, 0x60, 0xFA, 0x60, 0xFA, 0x60, 0xFA,
    0x60, 0xFA, 0x60, 0xFA, 0x60, 0xFA, 0x60, 0xFA, 0x60, 0xFA, 0x60, 0xFA, 0x60, 0xFA, 0x60, 0xFA,
    0x60, 0xFA, 0x60, 0xFA, 0x60, 0xFA, 0x60, 0xFA, 0x60, 0xFA, 0x60, 0xFA, 0x60, 0xFA, 0x60, 0xFA,
    0x60, 0xFA, 0x60, 0xFA, 0x60, 0xFA, 0x60, 0xFA, 0x60, 0xFA, 0x60, 0xFA, 0x60, 0xFA, 0x60, 0xFA,
    0x60, 0xFA, 0x60, 0xFA, 0x60, 0xFA, 0x60, 0xFA, 0x60, 0xFA, 0x60, 0xFA, 0x60, 0xFA, 0x60, 0xFA,
    0x60, 0xFA, 0x60, 0xFA, 0x60, 0xFA, 0x60, 0xFA, 0x60, 0xFA, 0x60, 0xFA, 0x60, 0xFA, 0x60, 0xFA,
    0x60, 0xFA, 0x60, 0xFA, 0x60, 0xFA, 0x60, 0xFA, 0x60, 0xFA, 0x60, 0xFA, 0x60, 0xFA, 0x60, 0xFA,
    0x60, 0xFA, 0x60, 0xFA, 0x60, 0xFA, 0x60, 0xFA, 0x60, 0xFA, 0x60, 0xFA, 0x60, 0xFA, 0x60, 0xFA,
    0x60, 0xFA, 0x60, 0xFA, 0x60, 0xFA, 0x60, 0xFA, 0x60, 0xFA, 0x60, 0xFA, 0x60, 0xFA, 0x60, 0xFA,
    0x60, 0xFA, 0x60, 0xFA, 0x60, 0xFA, 0x60, 0xFA, 0x60, 0xFA, 0x60, 0xFA, 0x60, 0xFA, 0x60, 0xFA,
    0x60, 0xFA, 0x60, 0xFA, 0x60, 0xFA, 0x60, 0xFA, 0x60, 0xFA, 0x60, 0xFA, 0x60, 0xFA, 0x60, 0xFA,
    0x60, 0xFA, 0x60, 0xFA, 0x60, 0xFA, 0x60, 0xFA, 0x60, 0xFA, 0x60, 0xFA, 0x60, 0xFA, 0x60, 0xFA,
    0x60, 0xFA, 0x60, 0xFA, 0x60, 0xFA, 0x60, 0xFA, 0x60, 0xFA, 0x60, 0xFA, 0x60, 0xFA, 0x60, 0xFA,
    0x60, 0xFA, 0x60, 0xFA, 0x60, 0xFA, 0x60, 0xFA, 0x60, 0xFA, 0x60, 0xFA, 0x60, 0xFA, 0x60, 0xFA,
    0x60, 0xFA, 0x60, 0xFA, 0x60, 0xFA, 0x60, 0xFA, 0x60, 0xFA, 0x60, 0xFA, 0x60, 0xFA, 0x60, 0xFA,
    0x60, 0xFA, 0x60, 0xFA, 0x60, 0xFA, 0x60, 0xFA, 0x60, 0xFA, 0x60, 0xFA, 0x60, 0xFA, 0x60, 0xFA,
    0x60, 0xFA, 0x60, 0xFA, 0x60, 0xFA, 0x60, 0xFA, 0x60, 0xFA, 0x60, 0xFA, 0x60, 0xFA, 0x60, 0xFA,
    0x60, 0xFA, 0x60, 0xFA, 0x60, 0xFA, 0x60, 0xFA, 0x60, 0xFA, 0x60, 0xFA, 0x60, 0xFA, 0x60, 0xFA,
    0x60, 0xFA, 0x60, 0xFA, 0x60, 0xFA, 0x60, 0xFA, 0x60, 0xFA, 0x60, 0xFA, 0x60, 0xFA, 0x60, 0xFA,
    0x60, 0xFA, 0x60, 0xFA, 0x60, 0xFA, 0x60, 0xFA, 0x60, 0xFA, 0x60, 0xFA, 0x60, 0xFA, 0x60, 0xFA,
    0x60, 0xFA, 0x60, 0xFA, 0x60, 0xFA, 0x60, 0xFA, 0x60, 0xFA, 0x60, 0xFA, 0x60, 0xFA, 0x60, 0xFA,
    0x60, 0xFA, 0x60, 0xFA, 0x60, 0xFA, 0x60, 0xFA, 0x60, 0xFA, 0x60, 0xFA, 0x60, 0xFA, 0x60, 0xFA,
    0x60, 0xFA, 0x60, 0xFA, 0x60, 0xFA, 0x60, 0xFA, 0x60, 0xFA, 0x60, 0xFA, 0x60, 0xFA, 0x60, 0xFA,
    0x60, 0xFA, 0x60, 0xFA, 0x60, 0xFA, 0x60, 0xFA, 0x60, 0xFA, 0x60, 0xFA, 0x60, 0xFA, 0x60, 0xFA,
    0x60, 0xFA, 0x60, 0xFA, 0x60, 0xFA, 0x60, 0xFA, 0x60, 0xFA, 0x60, 0xFA, 0x60, 0xFA, 0x60, 0xFA,
    0x60, 0xFA, 0x60, 0xFA, 0x60, 0xFA, 0x60, 0xFA, 0x60, 0xFA, 0x60, 0xFA, 0x60, 0xFA, 0x60, 0xFA,
    0x60, 0xFA, 0x60, 0xFA, 0x60, 0xFA, 0x60, 0xFA, 0x60, 0xFA, 0x60, 0xFA, 0x60, 0xFA, 0x60, 0xFA,
    0x60, 0xFA, 0x60, 0xFA, 0x60, 0xFA, 0x60, 0xFA, 0x60, 0xFA, 0x60, 0xFA, 0x60, 0xFA, 0x60, 0xFA,
    0x60, 0xFA, 0x60, 0xFA, 0x60, 0xFA, 0x60, 0xFA, 0x60, 0xFA, 0x60, 0xFA, 0x60, 0xFA, 0x60, 0xFA,
    0x60, 0xFA, 0x60, 0xFA, 0x60, 0xFA, 0x60, 0xFA, 0x60, 0xFA, 0x60, 0xFA, 0x60, 0xFA, 0x60, 0xFA,
    0x60, 0xFA, 0x60, 0xFA, 0x60, 0xFA, 0x60, 0xFA, 0x60, 0xFA, 0x60, 0xFA, 0x60, 0xFA, 0x60, 0xFA,
    0x60, 0xFA, 0x60, 0xFA, 0x60, 0xFA, 0x60, 0xFA, 0x60, 0xFA, 0x60, 0xFA, 0x60, 0xFA, 0x60, 0xFA,
    0x60, 0xFA, 0x60, 0xFA, 0x60, 0xFA, 0x60, 0xFA, 0x60, 0xFA, 0x60, 0xFA, 0x60, 0xFA, 0x60, 0xFA,
    0x60, 0xFA, 0x60, 0xFA, 0x60, 0xFA, 0x60, 0xFA, 0x60, 0xFA, 0x60, 0xFA, 0x60, 0xFA, 0x60, 0xFA,
    0x60, 0xFA, 0x60, 0xFA, 0x60, 0xFA, 0x60, 0xFA, 0x60, 0xFA, 0x60, 0xFA, 0x60, 0xFA, 0x60, 0xFA,
    0x60, 0xFA, 0x60, 0xFA, 0x60, 0xFA, 0x60, 0xFA, 0x60, 0xFA, 0x60, 0xFA, 0x60, 0xFA, 0x60, 0xFA,
    0x60, 0xFA, 0x60, 0xFA, 0x60, 0xFA, 0x60, 0xFA, 0x60, 0xFA, 0x60, 0xFA, 0x60, 0xFA, 0x60, 0xFA,
    0x60, 0xFA, 0x60, 0xFA, 0x60, 0xFA, 0x60, 0xFA, 0x60, 0xFA, 0x60, 0xFA, 0x60, 0xFA, 0x60, 0xFA,
    0x60, 0xFA, 0x60, 0xFA, 0x60, 0xFA, 0x60, 0xFA, 0x60, 0xFA, 0x60, 0xFA, 0x60, 0xFA, 0x60, 0xFA,
    0x60, 0xFA, 0x60, 0xFA, 0x60, 0xFA, 0x60, 0xFA, 0x60, 0xFA, 0x60, 0xFA, 0x60, 0xFA, 0x60, 0xFA,
    0x60, 0xFA, 0x60, 0xFA, 0x60, 0xFA, 0x60, 0xFA, 0x60, 0xFA, 0x60, 0xFA, 0x60, 0xFA, 0x60, 0xFA,
    0x60, 0xFA, 0x60, 0xFA, 0x60, 0xFA, 0x60, 0xFA, 0x60, 0xFA, 0x60, 0xFA, 0x60, 0xFA, 0x60, 0xFA,
    0x60, 0xFA, 0x60, 0xFA, 0x60, 0xFA, 0x60, 0xFA, 0x60, 0xFA, 0x60, 0xFA, 0x60, 0xFA, 0x60, 0xFA,
    0x60, 0xFA, 0x60, 0xFA, 0x60, 0xFA, 0x60, 0xFA, 0x60, 0xFA, 0x60, 0xFA, 0x60, 0xFA, 0x60, 0xFA,
    0x60, 0xFA, 0x60, 0xFA, 0x60, 0xFA, 0x60, 0xFA, 0x60, 0xFA, 0x60, 0xFA, 0x60, 0xFA, 0x60, 0xFA,
    0x60, 0xFA, 0x60, 0xFA, 0x60, 0xFA, 0x60, 0xFA, 0x60, 0xFA, 0x60, 0xFA, 0x60, 0xFA, 0x60, 0xFA,
    0x60, 0xFA, 0x60, 0xFA, 0x60, 0xFA, 0x60, 0xFA, 0x60, 0xFA, 0x60, 0xFA, 0x60, 0xFA, 0x60, 0xFA,
    0x60, 0xFA, 0x60, 0xFA, 0x60, 0xFA, 0x60, 0xFA, 0x60, 0xFA, 0x60, 0xFA, 0x60, 0xFA, 0x60, 0xFA,
    0x60, 0xFA, 0x60, 0xFA, 0x60, 0xFA, 0x60, 0xFA, 0x60, 0xFA, 0x60, 0xFA, 0x60, 0xFA, 0x60, 0xFA,
    0x60, 0xFA, 0x60, 0xFA, 0x60, 0xFA, 0x60, 0xFA, 0x60, 0xFA, 0x60, 0xFA, 0x60, 0xFA, 0x60, 0xFA,
    0x60, 0xFA, 0x60, 0xFA, 0x60, 0xFA, 0x60, 0xFA, 0x60, 0xFA, 0x60, 0xFA, 0x60, 0xFA, 0x60, 0xFA,
    0x60, 0xFA, 0x60, 0xFA, 0x60, 0xFA, 0x60, 0xFA, 0x60, 0xFA, 0x60, 0xFA, 0x60, 0xFA, 0x60, 0xFA,
    0x60, 0xFA, 0x60, 0xFA, 0x60, 0xFA, 0x60, 0xFA, 0x60, 0xFA, 0x60, 0xFA, 0x60, 0xFA, 0x60, 0xFA,
    0x60, 0xFA, 0x60, 0xFA, 0x60, 0xFA, 0x60, 0xFA, 0x60, 0xFA, 0x60, 0xFA, 0x60, 0xFA, 0x60, 0xFA,
    0x60, 0xFA, 0x60, 0xFA, 0x60, 0xFA, 0x60, 0xFA, 0x60, 0xFA, 0x60, 0xFA, 0x60, 0xFA, 0x60, 0xFA,
    0x60, 0xFA, 0x60, 0xFA, 0x60, 0xFA, 0x60, 0xFA, 0x60, 0xFA, 0x60, 0xFA, 0x60, 0xFA, 0x60, 0xFA,
    0x60, 0xFA, 0x60, 0xFA, 0x60, 0xFA, 0x60, 0xFA, 0x60, 0xFA, 0x60, 0xFA, 0x60, 0xFA, 0x60, 0xFA,
    0x60, 0xFA, 0x60, 0xFA, 0x60, 0xFA, 0x60, 0xFA, 0x60, 0xFA, 0x60, 0xFA, 0x60, 0xFA, 0x60, 0xFA,
    0x60, 0xFA, 0x60, 0xFA, 0x60, 0xFA, 0x60, 0xFA, 0x60, 0xFA, 0x60, 0xFA, 0x60, 0xFA, 0x60, 0xFA,
    0x60, 0xFA, 0x60, 0xFA, 0x60, 0xFA, 0x60, 0xFA, 0x60, 0xFA, 0x60, 0xFA, 0x60, 0xFA, 0x60, 0xFA,
    0x60, 0xFA, 0x60, 0xFA, 0x60, 0xFA, 0x60, 0xFA, 0x60, 0xFA, 0x60, 0xFA, 0x60, 0xFA, 0x60, 0xFA,
    0x60, 0xFA, 0x60, 0xFA, 0x60, 0xFA, 0x60, 0xFA, 0x60, 0xFA, 0x60, 0xFA, 0x60, 0xFA, 0x60, 0xFA,
    0x60, 0xFA, 0x60, 0xFA, 0x60, 0xFA, 0x60, 0xFA, 0x60, 0xFA, 0x60, 0xFA, 0x60, 0xFA, 0x60, 0xFA,
    0x60, 0xFA, 0x60, 0xFA, 0x60, 0xFA, 0x60, 0xFA, 0x60, 0xFA, 0x60, 0xFA, 0x60, 0xFA, 0x60, 0xFA,
    0x60, 0xFA, 0x60, 0xFA, 0x40, 0xFA, 0x40, 0xFA, 0x40, 0xFA, 0x40, 0xFA, 0x60, 0xFA, 0x60, 0xFA,
    0x60, 0xFA, 0x60, 0xFA, 0x60, 0xFA, 0x60, 0xFA, 0x60, 0xFA, 0x60, 0xFA, 0x60, 0xFA, 0x60, 0xFA,
    0x60, 0xFA, 0x60, 0xFA, 0x60, 0xFA, 0x60, 0xFA, 0x60, 0xFA, 0x60, 0xFA, 0x60, 0xFA, 0x60, 0xFA,
    0x60, 0xFA, 0x60, 0xFA, 0x60, 0xFA, 0x60, 0xFA, 0x60, 0xFA, 0x60, 0xFA, 0x60, 0xFA, 0x60, 0xFA,
    0x60, 0xFA, 0x60, 0xFA, 0x60, 0xFA, 0x60, 0xFA, 0x60, 0xFA, 0x60, 0xFA, 0x60, 0xFA, 0x60, 0xFA,
    0x60, 0xFA, 0x60, 0xFA, 0x60, 0xFA, 0x60, 0xFA, 0x60, 0xFA, 0x60, 0xFA, 0x60, 0xFA, 0x60, 0xFA,
    0x60, 0xFA, 0x60, 0xFA, 0x60, 0xFA, 0x60, 0xFA, 0x60, 0xFA, 0x60, 0xFA, 0x60, 0xFA, 0x60, 0xFA,
    0x60, 0xFA, 0x60, 0xFA, 0x60, 0xFA, 0x60, 0xFA, 0x60, 0xFA, 0x60, 0xFA, 0x60, 0xFA, 0x60, 0xFA,
    0x60, 0xFA, 0x60, 0xFA, 0x60, 0xFA, 0x60, 0xFA, 0x60, 0xFA, 0x60, 0xFA, 0x60, 0xFA, 0x60, 0xFA,
    0x60, 0xFA, 0x60, 0xFA, 0x60, 0xFA, 0x60, 0xFA, 0x60, 0xFA, 0x60, 0xFA, 0x60, 0xFA, 0x60, 0xFA,
    0x60, 0xFA, 0x60, 0xFA, 0x60, 0xFA, 0x60, 0xFA, 0x60, 0xFA, 0x60, 0xFA, 0x60, 0xFA, 0x60, 0xFA,
    0x60, 0xFA, 0x60, 0xFA, 0x60, 0xFA, 0x60, 0xFA, 0x60, 0xFA, 0x60, 0xFA, 0x60, 0xFA, 0x60, 0xFA,
    0x60, 0xFA, 0x60, 0xFA, 0x60, 0xFA, 0x60, 0xFA, 0x60, 0xFA, 0x60, 0xFA, 0x60, 0xFA, 0x60, 0xFA,
    0x60, 0xFA, 0x60, 0xFA, 0x60, 0xFA, 0x60, 0xFA, 0x60, 0xFA, 0x60, 0xFA, 0x60, 0xFA, 0x60, 0xFA,
    0x60, 0xFA, 0x60, 0xFA, 0x60, 0xFA, 0x60, 0xFA, 0x60, 0xFA, 0x60, 0xFA, 0x60, 0xFA, 0x60, 0xFA,
    0x60, 0xFA, 0x60, 0xFA, 0x60, 0xFA, 0x60, 0xFA, 0x60, 0xFA, 0x60, 0xFA, 0x60, 0xFA, 0x60, 0xFA,
    0x60, 0xFA, 0x60, 0xFA, 0x60, 0xFA, 0x60, 0xFA, 0x60, 0xFA, 0x60, 0xFA, 0x60, 0xFA, 0x60, 0xFA,
    0x60, 0xFA, 0x60, 0xFA, 0x60, 0xFA, 0x60, 0xFA, 0x60, 0xFA, 0x60, 0xFA, 0x60, 0xFA, 0x60, 0xFA,
    0x60, 0xFA, 0x60, 0xFA, 0x60, 0xFA, 0x60, 0xFA, 0x60, 0xFA, 0x60, 0xFA, 0x60, 0xFA, 0x60, 0xFA,
    0x60, 0xFA, 0x60, 0xFA, 0x60, 0xFA, 0x60, 0xFA, 0x60, 0xFA, 0x60, 0xFA, 0x60, 0xFA, 0x60, 0xFA,
    0x60, 0xFA, 0x60, 0xFA, 0x60, 0xFA, 0x60, 0xFA, 0x60, 0xFA, 0x60, 0xFA, 0x60, 0xFA, 0x60, 0xFA,
    0x60, 0xFA, 0x60, 0xFA, 0x60, 0xFA, 0x60, 0xFA, 0x60, 0xFA, 0x60, 0xFA, 0x60, 0xFA, 0x60, 0xFA,
    0x60, 0xFA, 0x60, 0xFA, 0x60, 0xFA, 0x60, 0xFA, 0x60, 0xFA, 0x60, 0xFA, 0x60, 0xFA, 0x60, 0xFA,
    0x60, 0xFA, 0x60, 0xFA, 0x60, 0xFA, 0x60, 0xFA, 0x60, 0xFA, 0x60, 0xFA, 0x60, 0xFA, 0x60, 0xFA,
    0x60, 0xFA, 0x60, 0xFA, 0x60, 0xFA, 0x60, 0xFA, 0x60, 0xFA, 0x60, 0xFA, 0x60, 0xFA, 0x60, 0xFA,
    0x60, 0xFA, 0x60, 0xFA, 0x60, 0xFA, 0x60, 0xFA, 0x60, 0xFA, 0x60, 0xFA, 0x60, 0xFA, 0x60, 0xFA,
    0x60, 0xFA, 0x60, 0xFA, 0x60, 0xFA, 0x60, 0xFA, 0x60, 0xFA, 0x60, 0xFA, 0x60, 0xFA, 0x60, 0xFA,
    0x60, 0xFA, 0x60, 0xFA, 0x60, 0xFA, 0x60, 0xFA, 0x60, 0xFA, 0x60, 0xFA, 0x60, 0xFA, 0x60, 0xFA,
    0x60, 0xFA, 0x60, 0xFA, 0x60, 0xFA, 0x60, 0xFA, 0x60, 0xFA, 0x60, 0xFA, 0x60, 0xFA, 0x60, 0xFA,
    0x60, 0xFA, 0x60, 0xFA, 0x60, 0xFA, 0x60, 0xFA, 0x60, 0xFA, 0x60, 0xFA, 0x60, 0xFA, 0x40, 0xFA,
    0x40, 0xFA, 0x60, 0xFA, 0xA2, 0xFA, 0xC3, 0xFA, 0xC2, 0xFA, 0xA2, 0xFA, 0x60, 0xFA, 0x40, 0xFA,
    0x40, 0xFA, 0x60, 0xFA, 0x60, 0xFA, 0x60, 0xFA, 0x60, 0xFA, 0x60, 0xFA, 0x60, 0xFA, 0x60, 0xFA,
    0x60, 0xFA, 0x60, 0xFA, 0x60, 0xFA, 0x60, 0xFA, 0x60, 0xFA, 0x60, 0xFA, 0x60, 0xFA, 0x60, 0xFA,
    0x60, 0xFA, 0x60, 0xFA, 0x60, 0xFA, 0x60, 0xFA, 0x60, 0xFA, 0x60, 0xFA, 0x60, 0xFA, 0x60, 0xFA,
    0x60, 0xFA, 0x60, 0xFA, 0x60, 0xFA, 0x60, 0xFA, 0x60, 0xFA, 0x60, 0xFA, 0x60, 0xFA, 0x60, 0xFA,
    0x60, 0xFA, 0x60, 0xFA, 0x60, 0xFA, 0x60, 0xFA, 0x60, 0xFA, 0x60, 0xFA, 0x60, 0xFA, 0x60, 0xFA,
    0x60, 0xFA, 0x60, 0xFA, 0x60, 0xFA, 0x60, 0xFA, 0x60, 0xFA, 0x60, 0xFA, 0x60, 0xFA, 0x60, 0xFA,
    0x60, 0xFA, 0x60, 0xFA, 0x60, 0xFA, 0x60, 0xFA, 0x60, 0xFA, 0x60, 0xFA, 0x60, 0xFA, 0x60, 0xFA,
    0x60, 0xFA, 0x60, 0xFA, 0x60, 0xFA, 0x60, 0xFA, 0x60, 0xFA, 0x60, 0xFA, 0x60, 0xFA, 0x60, 0xFA,
    0x60, 0xFA, 0x60, 0xFA, 0x60, 0xFA, 0x60, 0xFA, 0x60, 0xFA, 0x60, 0xFA, 0x60, 0xFA, 0x40, 0xFA,
    0x20, 0xFA, 0xA1, 0xFA, 0x66, 0xFB, 0xE9, 0xFB, 0xE9, 0xFB, 0x45, 0xFB, 0xA1, 0xFA, 0x20, 0xFA,
    0x40, 0xFA, 0x60, 0xFA, 0x60, 0xFA, 0x60, 0xFA, 0x60, 0xFA, 0x60, 0xFA, 0x60, 0xFA, 0x60, 0xFA,
    0x60, 0xFA, 0x60, 0xFA, 0x60, 0xFA, 0x60, 0xFA, 0x60, 0xFA, 0x60, 0xFA, 0x60, 0xFA, 0x60, 0xFA,
    0x60, 0xFA, 0x60, 0xFA, 0x60, 0xFA, 0x60, 0xFA, 0x60, 0xFA, 0x60, 0xFA, 0x60, 0xFA, 0x60, 0xFA,
    0x60, 0xFA, 0x60, 0xFA, 0x60, 0xFA, 0x60, 0xFA, 0x60, 0xFA, 0x60, 0xFA, 0x60, 0xFA, 0x60, 0xFA,
    0x60, 0xFA, 0x60, 0xFA, 0x60, 0xFA, 0x60, 0xFA, 0x60, 0xFA, 0x60, 0xFA, 0x60, 0xFA, 0x60, 0xFA,
    0x60, 0xFA, 0x60, 0xFA, 0x60, 0xFA, 0x60, 0xFA, 0x60, 0xFA, 0x60, 0xFA, 0x60, 0xFA, 0x60, 0xFA,
    0x60, 0xFA, 0x60, 0xFA, 0x60, 0xFA, 0x60, 0xFA, 0x60, 0xFA, 0x60, 0xFA, 0x60, 0xFA, 0x60, 0xFA,
    0x60, 0xFA, 0x60, 0xFA, 0x60, 0xFA, 0x60, 0xFA, 0x60, 0xFA, 0x60, 0xFA, 0x60, 0xFA, 0x60, 0xFA,
    0x60, 0xFA, 0x60, 0xFA, 0x60, 0xFA, 0x60, 0xFA, 0x60, 0xFA, 0x60, 0xFA, 0x60, 0xFA, 0x20, 0xFA,
    0x00, 0xFA, 0xE3, 0xFA, 0x8C, 0xFC, 0xB3, 0xFD, 0xB3, 0xFD, 0x6C, 0xFC, 0xE3, 0xFA, 0x00, 0xFA,
    0x20, 0xFA, 0x60, 0xFA, 0x60, 0xFA, 0x60, 0xFA, 0x60, 0xFA, 0x60, 0xFA, 0x60, 0xFA, 0x60, 0xFA,
    0x60, 0xFA, 0x60, 0xFA, 0x60, 0xFA, 0x60, 0xFA, 0x60, 0xFA, 0x60, 0xFA, 0x60, 0xFA, 0x60, 0xFA,
    0x60, 0xFA, 0x60, 0xFA, 0x60, 0xFA, 0x60, 0xFA, 0x60, 0xFA, 0x60, 0xFA, 0x60, 0xFA, 0x60, 0xFA,
    0x60, 0xFA, 0x60, 0xFA, 0x60, 0xFA, 0x60, 0xFA, 0x60, 0xFA, 0x60, 0xFA, 0x60, 0xFA, 0x60, 0xFA,
    0x60, 0xFA, 0x60, 0xFA, 0x60, 0xFA, 0x60, 0xFA, 0x60, 0xFA, 0x60, 0xFA, 0x60, 0xFA, 0x60, 0xFA,
    0x60, 0xFA, 0x60, 0xFA, 0x60, 0xFA, 0x60, 0xFA, 0x60, 0xFA, 0x60, 0xFA, 0x60, 0xFA, 0x60, 0xFA,
    0x60, 0xFA, 0x60, 0xFA, 0x60, 0xFA, 0x60, 0xFA, 0x60, 0xFA, 0x60, 0xFA, 0x60, 0xFA, 0x60, 0xFA,
    0x60, 0xFA, 0x60, 0xFA, 0x60, 0xFA, 0x60, 0xFA, 0x60, 0xFA, 0x60, 0xFA, 0x60, 0xFA, 0x60, 0xFA,
    0x60, 0xFA, 0x60, 0xFA, 0x60, 0xFA, 0x60, 0xFA, 0x60, 0xFA, 0x60, 0xFA, 0x80, 0xFA, 0x20, 0xFA,
    0xE0, 0xF9, 0x45, 0xFB, 0x92, 0xFD, 0x1B, 0xFF, 0x1A, 0xFF, 0x72, 0xFD, 0x25, 0xFB, 0xE0, 0xF9,
    0x20, 0xFA, 0x80, 0xFA, 0x60, 0xFA, 0x60, 0xFA, 0x60, 0xFA, 0x60, 0xFA, 0x60, 0xFA, 0x60, 0xFA,
    0x60, 0xFA, 0x60, 0xFA, 0x60, 0xFA, 0x60, 0xFA, 0x60, 0xFA, 0x60, 0xFA, 0x60, 0xFA, 0x60, 0xFA,
    0x60, 0xFA, 0x60, 0xFA, 0x60, 0xFA, 0x60, 0xFA, 0x60, 0xFA, 0x60, 0xFA, 0x60, 0xFA, 0x60, 0xFA,
    0x60, 0xFA, 0x60, 0xFA, 0x60, 0xFA, 0x60, 0xFA, 0x60, 0xFA, 0x60, 0xFA, 0x60, 0xFA, 0x60, 0xFA,
    0x60, 0xFA, 0x60, 0xFA, 0x60, 0xFA, 0x60, 0xFA, 0x60, 0xFA, 0x60, 0xFA, 0x60, 0xFA, 0x60, 0xFA,
    0x60, 0xFA, 0x60, 0xFA, 0x60, 0xFA, 0x60, 0xFA, 0x60, 0xFA, 0x60, 0xFA, 0x60, 0xFA, 0x60, 0xFA,
    0x60, 0xFA, 0x60, 0xFA, 0x60, 0xFA, 0x60, 0xFA, 0x60, 0xFA, 0x60, 0xFA, 0x60, 0xFA, 0x60, 0xFA,
    0x60, 0xFA, 0x60, 0xFA, 0x60, 0xFA, 0x60, 0xFA, 0x60, 0xFA, 0x60, 0xFA, 0x60, 0xFA, 0x60, 0xFA,
    0x60, 0xFA, 0x60, 0xFA, 0x60, 0xFA, 0x60, 0xFA, 0x60, 0xFA, 0x60, 0xFA, 0x80, 0xFA, 0x20, 0xFA,
    0x20, 0xFA, 0xC8, 0xFB, 0x97, 0xFE, 0xDF, 0xFF, 0xDF, 0xFF, 0x77, 0xFE, 0xA8, 0xFB, 0x20, 0xFA,
    0x20, 0xFA, 0x80, 0xFA, 0x60, 0xFA, 0x60, 0xFA, 0x60, 0xFA, 0x60, 0xFA, 0x60, 0xFA, 0x60, 0xFA,
    0x60, 0xFA, 0x60, 0xFA, 0x60, 0xFA, 0x60, 0xFA, 0x60, 0xFA, 0x60, 0xFA, 0x60, 0xFA, 0x60, 0xFA,
    0x60, 0xFA, 0x60, 0xFA, 0x60, 0xFA, 0x60, 0xFA, 0x60, 0xFA, 0x60, 0xFA, 0x60, 0xFA, 0x60, 0xFA,
    0x60, 0xFA, 0x60, 0xFA, 0x60, 0xFA, 0x60, 0xFA, 0x60, 0xFA, 0x60, 0xFA, 0x60, 0xFA, 0x60, 0xFA,
    0x60, 0xFA, 0x60, 0xFA, 0x60, 0xFA, 0x60, 0xFA, 0x60, 0xFA, 0x60, 0xFA, 0x60, 0xFA, 0x60, 0xFA,
    0x60, 0xFA, 0x60, 0xFA, 0x60, 0xFA, 0x60, 0xFA, 0x60, 0xFA, 0x60, 0xFA, 0x60, 0xFA, 0x60, 0xFA,
    0x60, 0xFA, 0x60, 0xFA, 0x60, 0xFA, 0x60, 0xFA, 0x60, 0xFA, 0x60, 0xFA, 0x60, 0xFA, 0x60, 0xFA,
    0x60, 0xFA, 0x60, 0xFA, 0x60, 0xFA, 0x60, 0xFA, 0x60, 0xFA, 0x60, 0xFA, 0x60, 0xFA, 0x60, 0xFA,
    0x60, 0xFA, 0x60, 0xFA, 0x60, 0xFA, 0x60, 0xFA, 0x60, 0xFA, 0x40, 0xFA, 0x40, 0xFA, 0x60, 0xFA,
    0x04, 0xFB, 0xCE, 0xFC, 0x3B, 0xFF, 0xFF, 0xFF, 0xFF, 0xFF, 0x1A, 0xFF, 0xAD, 0xFC, 0xE3, 0xFA,
    0x40, 0xFA, 0x40, 0xFA, 0x40, 0xFA, 0x60, 0xFA, 0x60, 0xFA, 0x60, 0xFA, 0x60, 0xFA, 0x60, 0xFA,
    0x60, 0xFA, 0x60, 0xFA, 0x60, 0xFA, 0x60, 0xFA, 0x60, 0xFA, 0x60, 0xFA, 0x60, 0xFA, 0x60, 0xFA,
    0x60, 0xFA, 0x60, 0xFA, 0x60, 0xFA, 0x60, 0xFA, 0x60, 0xFA, 0x60, 0xFA, 0x60, 0xFA, 0x60, 0xFA,
    0x60, 0xFA, 0x60, 0xFA, 0x60, 0xFA, 0x60, 0xFA, 0x60, 0xFA, 0x60, 0xFA, 0x60, 0xFA, 0x60, 0xFA,
    0x60, 0xFA, 0x60, 0xFA, 0x60, 0xFA, 0x60, 0xFA, 0x60, 0xFA, 0x60, 0xFA, 0x60, 0xFA, 0x60, 0xFA,
    0x60, 0xFA, 0x60, 0xFA, 0x60, 0xFA, 0x60, 0xFA, 0x60, 0xFA, 0x60, 0xFA, 0x60, 0xFA, 0x60, 0xFA,
    0x60, 0xFA, 0x60, 0xFA, 0x60, 0xFA, 0x60, 0xFA, 0x60, 0xFA, 0x60, 0xFA, 0x60, 0xFA, 0x60, 0xFA,
    0x60, 0xFA, 0x60, 0xFA, 0x60, 0xFA, 0x60, 0xFA, 0x60, 0xFA, 0x60, 0xFA, 0x60, 0xFA, 0x60, 0xFA,
    0x60, 0xFA, 0x60, 0xFA, 0x60, 0xFA, 0x60, 0xFA, 0x60, 0xFA, 0x20, 0xFA, 0x20, 0xFA, 0xC2, 0xFA,
    0x6B, 0xFC, 0x36, 0xFE, 0x9D, 0xFF, 0xFF, 0xFF, 0xFF, 0xFF, 0x9D, 0xFF, 0xF4, 0xFD, 0x2A, 0xFC,
    0xC2, 0xFA, 0x20, 0xFA, 0x40, 0xFA, 0x60, 0xFA, 0x60, 0xFA, 0x60, 0xFA, 0x60, 0xFA, 0x60, 0xFA,
    0x60, 0xFA, 0x60, 0xFA, 0x60, 0xFA, 0x60, 0xFA, 0x60, 0xFA, 0x60, 0xFA, 0x60, 0xFA, 0x60, 0xFA,
    0x60, 0xFA, 0x60, 0xFA, 0x60, 0xFA, 0x60, 0xFA, 0x60, 0xFA, 0x60, 0xFA, 0x60, 0xFA, 0x60, 0xFA,
    0x60, 0xFA, 0x60, 0xFA, 0x60, 0xFA, 0x60, 0xFA, 0x60, 0xFA, 0x60, 0xFA, 0x60, 0xFA, 0x60, 0xFA,
    0x60, 0xFA, 0x60, 0xFA, 0x60, 0xFA, 0x60, 0xFA, 0x60, 0xFA, 0x60, 0xFA, 0x60, 0xFA, 0x60, 0xFA,
    0x60, 0xFA, 0x60, 0xFA, 0x60, 0xFA, 0x60, 0xFA, 0x60, 0xFA, 0x60, 0xFA, 0x60, 0xFA, 0x60, 0xFA,
    0x60, 0xFA, 0x60, 0xFA, 0x60, 0xFA, 0x60, 0xFA, 0x60, 0xFA, 0x60, 0xFA, 0x60, 0xFA, 0x60, 0xFA,
    0x60, 0xFA, 0x60, 0xFA, 0x60, 0xFA, 0x60, 0xFA, 0x60, 0xFA, 0x60, 0xFA, 0x60, 0xFA, 0x60, 0xFA,
    0x60, 0xFA, 0x60, 0xFA, 0x60, 0xFA, 0x60, 0xFA, 0x80, 0xFA, 0x20, 0xFA, 0x00, 0xFA, 0x45, 0xFB,
    0xB3, 0xFD, 0x5C, 0xFF, 0xDF, 0xFF, 0xFF, 0xFF, 0xFF, 0xFF, 0xDE, 0xFF, 0x1A, 0xFF, 0x71, 0xFD,
    0x24, 0xFB, 0x00, 0xFA, 0x20, 0xFA, 0x80, 0xFA, 0x60, 0xFA, 0x60, 0xFA, 0x60, 0xFA, 0x60, 0xFA,
    0x60, 0xFA, 0x60, 0xFA, 0x60, 0xFA, 0x60, 0xFA, 0x60, 0xFA, 0x60, 0xFA, 0x60, 0xFA, 0x60, 0xFA,
    0x60, 0xFA, 0x60, 0xFA, 0x60, 0xFA, 0x60, 0xFA, 0x60, 0xFA, 0x60, 0xFA, 0x60, 0xFA, 0x60, 0xFA,
    0x60, 0xFA, 0x60, 0xFA, 0x60, 0xFA, 0x60, 0xFA, 0x60, 0xFA, 0x60, 0xFA, 0x60, 0xFA, 0x60, 0xFA,
    0x60, 0xFA, 0x60, 0xFA, 0x60, 0xFA, 0x60, 0xFA, 0x60, 0xFA, 0x60, 0xFA, 0x60, 0xFA, 0x60, 0xFA,
    0x60, 0xFA, 0x60, 0xFA, 0x60, 0xFA, 0x60, 0xFA, 0x60, 0xFA, 0x60, 0xFA, 0x60, 0xFA, 0x60, 0xFA,
    0x60, 0xFA, 0x60, 0xFA, 0x60, 0xFA, 0x60, 0xFA, 0x60, 0xFA, 0x60, 0xFA, 0x60, 0xFA, 0x60, 0xFA,
    0x60, 0xFA, 0x60, 0xFA, 0x60, 0xFA, 0x60, 0xFA, 0x60, 0xFA, 0x60, 0xFA, 0x60, 0xFA, 0x60, 0xFA,
    0x60, 0xFA, 0x60, 0xFA, 0x60, 0xFA, 0x60, 0xFA, 0x60, 0xFA, 0x20, 0xFA, 0x40, 0xFA, 0xE9, 0xFB,
    0xB8, 0xFE, 0xFF, 0xFF, 0xFF, 0xFF, 0xDF, 0xFF, 0xDF, 0xFF, 0xFF, 0xFF, 0xDF, 0xFF, 0x77, 0xFE,
    0xA7, 0xFB, 0x20, 0xFA, 0x20, 0xFA, 0x80, 0xFA, 0x60, 0xFA, 0x60, 0xFA, 0x60, 0xFA, 0x60, 0xFA,
    0x60, 0xFA, 0x60, 0xFA, 0x60, 0xFA, 0x60, 0xFA, 0x60, 0xFA, 0x60, 0xFA, 0x60, 0xFA, 0x60, 0xFA,
    0x60, 0xFA, 0x60, 0xFA, 0x60, 0xFA, 0x60, 0xFA, 0x60, 0xFA, 0x60, 0xFA, 0x60, 0xFA, 0x60, 0xFA,
    0x60, 0xFA, 0x60, 0xFA, 0x60, 0xFA, 0x60, 0xFA, 0x60, 0xFA, 0x60, 0xFA, 0x60, 0xFA, 0x60, 0xFA,
    0x60, 0xFA, 0x60, 0xFA, 0x60, 0xFA, 0x60, 0xFA, 0x60, 0xFA, 0x60, 0xFA, 0x60, 0xFA, 0x60, 0xFA,
    0x60, 0xFA, 0x60, 0xFA, 0x60, 0xFA, 0x60, 0xFA, 0x60, 0xFA, 0x60, 0xFA, 0x60, 0xFA, 0x60, 0xFA,
    0x60, 0xFA, 0x60, 0xFA, 0x60, 0xFA, 0x60, 0xFA, 0x60, 0xFA, 0x60, 0xFA, 0x60, 0xFA, 0x60, 0xFA,
    0x60, 0xFA, 0x60, 0xFA, 0x60, 0xFA, 0x60, 0xFA, 0x60, 0xFA, 0x60, 0xFA, 0x60, 0xFA, 0x60, 0xFA,
    0x60, 0xFA, 0x60, 0xFA, 0x60, 0xFA, 0x40, 0xFA, 0x40, 0xFA, 0x60, 0xFA, 0x24, 0xFB, 0xEF, 0xFC,
    0x5C, 0xFF, 0xFF, 0xFF, 0xFF, 0xFF, 0xDF, 0xFF, 0xDF, 0xFF, 0xFF, 0xFF, 0xFF, 0xFF, 0x3B, 0xFF,
    0x8D, 0xFC, 0xC2, 0xFA, 0x40, 0xFA, 0x60, 0xFA, 0x40, 0xFA, 0x60, 0xFA, 0x60, 0xFA, 0x60, 0xFA,
    0x60, 0xFA, 0x60, 0xFA, 0x60, 0xFA, 0x60, 0xFA, 0x60, 0xFA, 0x60, 0xFA, 0x60, 0xFA, 0x60, 0xFA,
    0x60, 0xFA, 0x60, 0xFA, 0x60, 0xFA, 0x60, 0xFA, 0x60, 0xFA, 0x60, 0xFA, 0x60, 0xFA, 0x60, 0xFA,
    0x60, 0xFA, 0x60, 0xFA, 0x60, 0xFA, 0x60, 0xFA, 0x60, 0xFA, 0x60, 0xFA, 0x60, 0xFA, 0x60, 0xFA,
    0x60, 0xFA, 0x60, 0xFA, 0x60, 0xFA, 0x60, 0xFA, 0x60, 0xFA, 0x60, 0xFA, 0x60, 0xFA, 0x60, 0xFA,
    0x60, 0xFA, 0x60, 0xFA, 0x60, 0xFA, 0x60, 0xFA, 0x60, 0xFA, 0x60, 0xFA, 0x60, 0xFA, 0x60, 0xFA,
    0x60, 0xFA, 0x60, 0xFA, 0x60, 0xFA, 0x60, 0xFA, 0x60, 0xFA, 0x60, 0xFA, 0x60, 0xFA, 0x60, 0xFA,
    0x60, 0xFA, 0x60, 0xFA, 0x60, 0xFA, 0x60, 0xFA, 0x60, 0xFA, 0x60, 0xFA, 0x60, 0xFA, 0x60, 0xFA,
    0x60, 0xFA, 0x60, 0xFA, 0x60, 0xFA, 0x20, 0xFA, 0x20, 0xFA, 0xC2, 0xFA, 0x6C, 0xFC, 0x57, 0xFE,
    0xBE, 0xFF, 0xFF, 0xFF, 0xFF, 0xFF, 0xFF, 0xFF, 0xDF, 0xFF, 0xFF, 0xFF, 0xFF, 0xFF, 0x9D, 0xFF,
    0xF4, 0xFD, 0x0A, 0xFC, 0xA2, 0xFA, 0x40, 0xFA, 0x40, 0xFA, 0x60, 0xFA, 0x60, 0xFA, 0x60, 0xFA,
    0x60, 0xFA, 0x60, 0xFA, 0x60, 0xFA, 0x60, 0xFA, 0x60, 0xFA, 0x60, 0xFA, 0x60, 0xFA, 0x60, 0xFA,
    0x60, 0xFA, 0x60, 0xFA, 0x60, 0xFA, 0x60, 0xFA, 0x60, 0xFA, 0x60, 0xFA, 0x60, 0xFA, 0x60, 0xFA,
    0x60, 0xFA, 0x60, 0xFA, 0x60, 0xFA, 0x60, 0xFA, 0x60, 0xFA, 0x60, 0xFA, 0x60, 0xFA, 0x60, 0xFA,
    0x60, 0xFA, 0x60, 0xFA, 0x60, 0xFA, 0x60, 0xFA, 0x60, 0xFA, 0x60, 0xFA, 0x60, 0xFA, 0x60, 0xFA,
    0x60, 0xFA, 0x60, 0xFA, 0x60, 0xFA, 0x60, 0xFA, 0x60, 0xFA, 0x60, 0xFA, 0x60, 0xFA, 0x60, 0xFA,
    0x60, 0xFA, 0x60, 0xFA, 0x60, 0xFA, 0x60, 0xFA, 0x60, 0xFA, 0x60, 0xFA, 0x60, 0xFA, 0x60, 0xFA,
    0x60, 0xFA, 0x60, 0xFA, 0x60, 0xFA, 0x60, 0xFA, 0x60, 0xFA, 0x60, 0xFA, 0x60, 0xFA, 0x60, 0xFA,
    0x60, 0xFA, 0x60, 0xFA, 0x80, 0xFA, 0x20, 0xFA, 0x00, 0xFA, 0x45, 0xFB, 0xB3, 0xFD, 0x5C, 0xFF,
    0xFF, 0xFF, 0xFF, 0xFF, 0xFF, 0xFF, 0xFF, 0xFF, 0xFF, 0xFF, 0xFF, 0xFF, 0xFF, 0xFF, 0xDE, 0xFF,
    0x1A, 0xFF, 0x51, 0xFD, 0x04, 0xFB, 0x00, 0xFA, 0x20, 0xFA, 0x81, 0xFA, 0x60, 0xFA, 0x60, 0xFA,
    0x60, 0xFA, 0x60, 0xFA, 0x60, 0xFA, 0x60, 0xFA, 0x60, 0xFA, 0x60, 0xFA, 0x60, 0xFA, 0x60, 0xFA,
    0x60, 0xFA, 0x60, 0xFA, 0x60, 0xFA, 0x60, 0xFA, 0x60, 0xFA, 0x60, 0xFA, 0x60, 0xFA, 0x60, 0xFA,
    0x60, 0xFA, 0x60, 0xFA, 0x60, 0xFA, 0x60, 0xFA, 0x60, 0xFA, 0x60, 0xFA, 0x60, 0xFA, 0x60, 0xFA,
    0x60, 0xFA, 0x60, 0xFA, 0x60, 0xFA, 0x60, 0xFA, 0x60, 0xFA, 0x60, 0xFA, 0x60, 0xFA, 0x60, 0xFA,
    0x60, 0xFA, 0x60, 0xFA, 0x60, 0xFA, 0x60, 0xFA, 0x60, 0xFA, 0x60, 0xFA, 0x60, 0xFA, 0x60, 0xFA,
    0x60, 0xFA, 0x60, 0xFA, 0x60, 0xFA, 0x60, 0xFA, 0x60, 0xFA, 0x60, 0xFA, 0x60, 0xFA, 0x60, 0xFA,
    0x60, 0xFA, 0x60, 0xFA, 0x60, 0xFA, 0x60, 0xFA, 0x60, 0xFA, 0x60, 0xFA, 0x60, 0xFA, 0x60, 0xFA,
    0x60, 0xFA, 0x60, 0xFA, 0x80, 0xFA, 0x40, 0xFA, 0x40, 0xFA, 0xE9, 0xFB, 0xB8, 0xFE, 0xFF, 0xFF,
    0xFF, 0xFF, 0xDF, 0xFF, 0xFF, 0xFF, 0xFF, 0xFF, 0xFF, 0xFF, 0xFF, 0xFF, 0xDF, 0xFF, 0xFF, 0xFF,
    0xDE, 0xFF, 0x77, 0xFE, 0xA7, 0xFB, 0x00, 0xFA, 0x20, 0xFA, 0x80, 0xFA, 0x60, 0xFA, 0x60, 0xFA,
    0x60, 0xFA, 0x60, 0xFA, 0x60, 0xFA, 0x60, 0xFA, 0x60, 0xFA, 0x60, 0xFA, 0x60, 0xFA, 0x60, 0xFA,
    0x60, 0xFA, 0x60, 0xFA, 0x60, 0xFA, 0x60, 0xFA, 0x60, 0xFA, 0x60, 0xFA, 0x60, 0xFA, 0x60, 0xFA,
    0x60, 0xFA, 0x60, 0xFA, 0x60, 0xFA, 0x60, 0xFA, 0x60, 0xFA, 0x60, 0xFA, 0x60, 0xFA, 0x60, 0xFA,
    0x60, 0xFA, 0x60, 0xFA, 0x60, 0xFA, 0x60, 0xFA, 0x60, 0xFA, 0x60, 0xFA, 0x60, 0xFA, 0x60, 0xFA,
    0x60, 0xFA, 0x60, 0xFA, 0x60, 0xFA, 0x60, 0xFA, 0x60, 0xFA, 0x60, 0xFA, 0x60, 0xFA, 0x60, 0xFA,
    0x60, 0xFA, 0x60, 0xFA, 0x60, 0xFA, 0x60, 0xFA, 0x60, 0xFA, 0x60, 0xFA, 0x60, 0xFA, 0x60, 0xFA,
    0x60, 0xFA, 0x60, 0xFA, 0x60, 0xFA, 0x60, 0xFA, 0x60, 0xFA, 0x60, 0xFA, 0x60, 0xFA, 0x60, 0xFA,
    0x60, 0xFA, 0x40, 0xFA, 0x40, 0xFA, 0x60, 0xFA, 0x25, 0xFB, 0x0F, 0xFD, 0x5C, 0xFF, 0xFF, 0xFF,
    0xFF, 0xFF, 0xDF, 0xFF, 0xFF, 0xFF, 0xFF, 0xFF, 0xFF, 0xFF, 0xFF, 0xFF, 0xDF, 0xFF, 0xFF, 0xFF,
    0xFF, 0xFF, 0x1B, 0xFF, 0x8C, 0xFC, 0xA2, 0xFA, 0x40, 0xFA, 0x60, 0xFA, 0x40, 0xFA, 0x60, 0xFA,
    0x60, 0xFA, 0x60, 0xFA, 0x60, 0xFA, 0x60, 0xFA, 0x60, 0xFA, 0x60, 0xFA, 0x60, 0xFA, 0x60, 0xFA,
    0x60, 0xFA, 0x60, 0xFA, 0x60, 0xFA, 0x60, 0xFA, 0x60, 0xFA, 0x60, 0xFA, 0x60, 0xFA, 0x60, 0xFA,
    0x60, 0xFA, 0x60, 0xFA, 0x60, 0xFA, 0x60, 0xFA, 0x60, 0xFA, 0x60, 0xFA, 0x60, 0xFA, 0x60, 0xFA,
    0x60, 0xFA, 0x60, 0xFA, 0x60, 0xFA, 0x60, 0xFA, 0x60, 0xFA, 0x60, 0xFA, 0x60, 0xFA, 0x60, 0xFA,
    0x60, 0xFA, 0x60, 0xFA, 0x60, 0xFA, 0x60, 0xFA, 0x60, 0xFA, 0x60, 0xFA, 0x60, 0xFA, 0x60, 0xFA,
    0x60, 0xFA, 0x60, 0xFA, 0x60, 0xFA, 0x60, 0xFA, 0x60, 0xFA, 0x60, 0xFA, 0x60, 0xFA, 0x60, 0xFA,
    0x60, 0xFA, 0x60, 0xFA, 0x60, 0xFA, 0x60, 0xFA, 0x60, 0xFA, 0x60, 0xFA, 0x60, 0xFA, 0x60, 0xFA,
    0x60, 0xFA, 0x20, 0xFA, 0x00, 0xFA, 0xC2, 0xFA, 0x8C, 0xFC, 0x77, 0xFE, 0xBE, 0xFF, 0xFF, 0xFF,
    0xFF, 0xFF, 0xFF, 0xFF, 0xFF, 0xFF, 0xFF, 0xFF, 0xFF, 0xFF, 0xFF, 0xFF, 0xFF, 0xFF, 0xFF, 0xFF,
    0xFF, 0xFF, 0x9D, 0xFF, 0xD3, 0xFD, 0xE9, 0xFB, 0xA2, 0xFA, 0x40, 0xFA, 0x40, 0xFA, 0x60, 0xFA,
    0x60, 0xFA, 0x60, 0xFA, 0x60, 0xFA, 0x60, 0xFA, 0x60, 0xFA, 0x60, 0xFA, 0x60, 0xFA, 0x60, 0xFA,
    0x60, 0xFA, 0x60, 0xFA, 0x60, 0xFA, 0x60, 0xFA, 0x60, 0xFA, 0x60, 0xFA, 0x60, 0xFA, 0x60, 0xFA,
    0x60, 0xFA, 0x60, 0xFA, 0x60, 0xFA, 0x60, 0xFA, 0x60, 0xFA, 0x60, 0xFA, 0x60, 0xFA, 0x60, 0xFA,
    0x60, 0xFA, 0x60, 0xFA, 0x60, 0xFA, 0x60, 0xFA, 0x60, 0xFA, 0x60, 0xFA, 0x60, 0xFA, 0x60, 0xFA,
    0x60, 0xFA, 0x60, 0xFA, 0x60, 0xFA, 0x60, 0xFA, 0x60, 0xFA, 0x60, 0xFA, 0x60, 0xFA, 0x60, 0xFA,
    0x60, 0xFA, 0x60, 0xFA, 0x60, 0xFA, 0x60, 0xFA, 0x60, 0xFA, 0x60, 0xFA, 0x60, 0xFA, 0x60, 0xFA,
    0x60, 0xFA, 0x60, 0xFA, 0x60, 0xFA, 0x60, 0xFA, 0x60, 0xFA, 0x60, 0xFA, 0x60, 0xFA, 0x60, 0xFA,
    0x80, 0xFA, 0x20, 0xFA, 0x00, 0xFA, 0x45, 0xFB, 0xD3, 0xFD, 0x7C, 0xFF, 0xFF, 0xFF, 0xFF, 0xFF,
    0xFF, 0xFF, 0xFF, 0xFF, 0xFF, 0xFF, 0xFF, 0xFF, 0xFF, 0xFF, 0xFF, 0xFF, 0xFF, 0xFF, 0xFF, 0xFF,
    0xFF, 0xFF, 0xDE, 0xFF, 0xFA, 0xFE, 0x50, 0xFD, 0x04, 0xFB, 0x00, 0xFA, 0x20, 0xFA, 0x80, 0xFA,
    0x60, 0xFA, 0x60, 0xFA, 0x60, 0xFA, 0x60, 0xFA, 0x60, 0xFA, 0x60, 0xFA, 0x60, 0xFA, 0x60, 0xFA,
    0x60, 0xFA, 0x60, 0xFA, 0x60, 0xFA, 0x60, 0xFA, 0x60, 0xFA, 0x60, 0xFA, 0x60, 0xFA, 0x60, 0xFA,
    0x60, 0xFA, 0x60, 0xFA, 0x60, 0xFA, 0x60, 0xFA, 0x60, 0xFA, 0x60, 0xFA, 0x60, 0xFA, 0x60, 0xFA,
    0x60, 0xFA, 0x60, 0xFA, 0x60, 0xFA, 0x60, 0xFA, 0x60, 0xFA, 0x60, 0xFA, 0x60, 0xFA, 0x60, 0xFA,
    0x60, 0xFA, 0x60, 0xFA, 0x60, 0xFA, 0x60, 0xFA, 0x60, 0xFA, 0x60, 0xFA, 0x60, 0xFA, 0x60, 0xFA,
    0x60, 0xFA, 0x60, 0xFA, 0x60, 0xFA, 0x60, 0xFA, 0x60, 0xFA, 0x60, 0xFA, 0x60, 0xFA, 0x60, 0xFA,
    0x60, 0xFA, 0x60, 0xFA, 0x60, 0xFA, 0x60, 0xFA, 0x60, 0xFA, 0x60, 0xFA, 0x60, 0xFA, 0x60, 0xFA,
    0x80, 0xFA, 0x40, 0xFA, 0x61, 0xFA, 0x09, 0xFC, 0xD9, 0xFE, 0xFF, 0xFF, 0xFF, 0xFF, 0xDF, 0xFF,
    0xFF, 0xFF, 0xFF, 0xFF, 0xFF, 0xFF, 0xFF, 0xFF, 0xFF, 0xFF, 0xFF, 0xFF, 0xFF, 0xFF, 0xFF, 0xFF,
    0xDF, 0xFF, 0xFF, 0xFF, 0xDE, 0xFF, 0x77, 0xFE, 0x87, 0xFB, 0x00, 0xFA, 0x20, 0xFA, 0x80, 0xFA,
    0x60, 0xFA, 0x60, 0xFA, 0x60, 0xFA, 0x60, 0xFA, 0x60, 0xFA, 0x60, 0xFA, 0x60, 0xFA, 0x60, 0xFA,
    0x60, 0xFA, 0x60, 0xFA, 0x60, 0xFA, 0x60, 0xFA, 0x60, 0xFA, 0x60, 0xFA, 0x60, 0xFA, 0x60, 0xFA,
    0x60, 0xFA, 0x60, 0xFA, 0x60, 0xFA, 0x60, 0xFA, 0x60, 0xFA, 0x60, 0xFA, 0x60, 0xFA, 0x60, 0xFA,
    0x60, 0xFA, 0x60, 0xFA, 0x60, 0xFA, 0x60, 0xFA, 0x60, 0xFA, 0x60, 0xFA, 0x60, 0xFA, 0x60, 0xFA,
    0x60, 0xFA, 0x60, 0xFA, 0x60, 0xFA, 0x60, 0xFA, 0x60, 0xFA, 0x60, 0xFA, 0x60, 0xFA, 0x60, 0xFA,
    0x60, 0xFA, 0x60, 0xFA, 0x60, 0xFA, 0x60, 0xFA, 0x60, 0xFA, 0x60, 0xFA, 0x60, 0xFA, 0x60, 0xFA,
    0x60, 0xFA, 0x60, 0xFA, 0x60, 0xFA, 0x60, 0xFA, 0x60, 0xFA, 0x60, 0xFA, 0x60, 0xFA, 0x40, 0xFA,
    0x40, 0xFA, 0x60, 0xFA, 0x45, 0xFB, 0x30, 0xFD, 0x5C, 0xFF, 0xFF, 0xFF, 0xFF, 0xFF, 0xDF, 0xFF,
    0xFF, 0xFF, 0xFF, 0xFF, 0xFF, 0xFF, 0xFF, 0xFF, 0xFF, 0xFF, 0xFF, 0xFF, 0xFF, 0xFF, 0xFF, 0xFF,
    0xDF, 0xFF, 0xFF, 0xFF, 0xFF, 0xFF, 0x1B, 0xFF, 0x6C, 0xFC, 0xA2, 0xFA, 0x40, 0xFA, 0x60, 0xFA,
    0x40, 0xFA, 0x60, 0xFA, 0x60, 0xFA, 0x60, 0xFA, 0x60, 0xFA, 0x60, 0xFA, 0x60, 0xFA, 0x60, 0xFA,
    0x60, 0xFA, 0x60, 0xFA, 0x60, 0xFA, 0x60, 0xFA, 0x60, 0xFA, 0x60, 0xFA, 0x60, 0xFA, 0x60, 0xFA,
    0x60, 0xFA, 0x60, 0xFA, 0x60, 0xFA, 0x60, 0xFA, 0x60, 0xFA, 0x60, 0xFA, 0x60, 0xFA, 0x60, 0xFA,
    0x60, 0xFA, 0x60, 0xFA, 0x60, 0xFA, 0x60, 0xFA, 0x60, 0xFA, 0x60, 0xFA, 0x60, 0xFA, 0x60, 0xFA,
    0x60, 0xFA, 0x60, 0xFA, 0x60, 0xFA, 0x60, 0xFA, 0x60, 0xFA, 0x60, 0xFA, 0x60, 0xFA, 0x60, 0xFA,
    0x60, 0xFA, 0x60, 0xFA, 0x60, 0xFA, 0x60, 0xFA, 0x60, 0xFA, 0x60, 0xFA, 0x60, 0xFA, 0x60, 0xFA,
    0x60, 0xFA, 0x60, 0xFA, 0x60, 0xFA, 0x60, 0xFA, 0x60, 0xFA, 0x60, 0xFA, 0x60, 0xFA, 0x20, 0xFA,
    0x00, 0xFA, 0xE3, 0xFA, 0xAD, 0xFC, 0x77, 0xFE, 0xDE, 0xFF, 0xFF, 0xFF, 0xFF, 0xFF, 0xFF, 0xFF,
    0xFF, 0xFF, 0xFF, 0xFF, 0xFF, 0xFF, 0xFF, 0xFF, 0xFF, 0xFF, 0xFF, 0xFF, 0xFF, 0xFF, 0xFF, 0xFF,
    0xFF, 0xFF, 0xFF, 0xFF, 0xFF, 0xFF, 0x9D, 0xFF, 0xB3, 0xFD, 0xE9, 0xFB, 0xA2, 0xFA, 0x40, 0xFA,
    0x40, 0xFA, 0x60, 0xFA, 0x60, 0xFA, 0x60, 0xFA, 0x60, 0xFA, 0x60, 0xFA, 0x60, 0xFA, 0x60, 0xFA,
    0x60, 0xFA, 0x60, 0xFA, 0x60, 0xFA, 0x60, 0xFA, 0x60, 0xFA, 0x60, 0xFA, 0x60, 0xFA, 0x60, 0xFA,
    0x60, 0xFA, 0x60, 0xFA, 0x60, 0xFA, 0x60, 0xFA, 0x60, 0xFA, 0x60, 0xFA, 0x60, 0xFA, 0x60, 0xFA,
    0x60, 0xFA, 0x60, 0xFA, 0x60, 0xFA, 0x60, 0xFA, 0x60, 0xFA, 0x60, 0xFA, 0x60, 0xFA, 0x60, 0xFA,
    0x60, 0xFA, 0x60, 0xFA, 0x60, 0xFA, 0x60, 0xFA, 0x60, 0xFA, 0x60, 0xFA, 0x60, 0xFA, 0x60, 0xFA,
    0x60, 0xFA, 0x60, 0xFA, 0x60, 0xFA, 0x60, 0xFA, 0x60, 0xFA, 0x60, 0xFA, 0x60, 0xFA, 0x60, 0xFA,
    0x60, 0xFA, 0x60, 0xFA, 0x60, 0xFA, 0x60, 0xFA, 0x60, 0xFA, 0x60, 0xFA, 0x80, 0xFA, 0x20, 0xFA,
    0x00, 0xFA, 0x45, 0xFB, 0xD4, 0xFD, 0x7D, 0xFF, 0xFF, 0xFF, 0xFF, 0xFF, 0xFF, 0xFF, 0xFF, 0xFF,
    0xFF, 0xFF, 0xFF, 0xFF, 0xBE, 0xFF, 0x9D, 0xFF, 0x9D, 0xFF, 0xBE, 0xFF, 0xFF, 0xFF, 0xFF, 0xFF,
    0xFF, 0xFF, 0xFF, 0xFF, 0xFF, 0xFF, 0xBE, 0xFF, 0xD9, 0xFE, 0x30, 0xFD, 0x04, 0xFB, 0x00, 0xFA,
    0x20, 0xFA, 0x80, 0xFA, 0x60, 0xFA, 0x60, 0xFA, 0x60, 0xFA, 0x60, 0xFA, 0x60, 0xFA, 0x60, 0xFA,
    0x60, 0xFA, 0x60, 0xFA, 0x60, 0xFA, 0x60, 0xFA, 0x60, 0xFA, 0x60, 0xFA, 0x60, 0xFA, 0x60, 0xFA,
    0x60, 0xFA, 0x60, 0xFA, 0x60, 0xFA, 0x60, 0xFA, 0x60, 0xFA, 0x60, 0xFA, 0x60, 0xFA, 0x60, 0xFA,
    0x60, 0xFA, 0x60, 0xFA, 0x60, 0xFA, 0x60, 0xFA, 0x60, 0xFA, 0x60, 0xFA, 0x60, 0xFA, 0x60, 0xFA,
    0x60, 0xFA, 0x60, 0xFA, 0x60, 0xFA, 0x60, 0xFA, 0x60, 0xFA, 0x60, 0xFA, 0x60, 0xFA, 0x60, 0xFA,
    0x60, 0xFA, 0x60, 0xFA, 0x60, 0xFA, 0x60, 0xFA, 0x60, 0xFA, 0x60, 0xFA, 0x60, 0xFA, 0x60, 0xFA,
    0x60, 0xFA, 0x60, 0xFA, 0x60, 0xFA, 0x60, 0xFA, 0x60, 0xFA, 0x60, 0xFA, 0x60, 0xFA, 0x40, 0xFA,
    0x61, 0xFA, 0x0A, 0xFC, 0xD9, 0xFE, 0xFF, 0xFF, 0xFF, 0xFF, 0xDF, 0xFF, 0xFF, 0xFF, 0xFF, 0xFF,
    0xFF, 0xFF, 0x9D, 0xFF, 0xD9, 0xFE, 0x56, 0xFE, 0x57, 0xFE, 0xFA, 0xFE, 0xBE, 0xFF, 0xFF, 0xFF,
    0xFF, 0xFF, 0xFF, 0xFF, 0xDF, 0xFF, 0xFF, 0xFF, 0xDE, 0xFF, 0x56, 0xFE, 0x87, 0xFB, 0x00, 0xFA,
    0x20, 0xFA, 0x80, 0xFA, 0x60, 0xFA, 0x60, 0xFA, 0x60, 0xFA, 0x60, 0xFA, 0x60, 0xFA, 0x60, 0xFA,
    0x60, 0xFA, 0x60, 0xFA, 0x60, 0xFA, 0x60, 0xFA, 0x60, 0xFA, 0x60, 0xFA, 0x60, 0xFA, 0x60, 0xFA,
    0x60, 0xFA, 0x60, 0xFA, 0x60, 0xFA, 0x60, 0xFA, 0x60, 0xFA, 0x60, 0xFA, 0x60, 0xFA, 0x60, 0xFA,
    0x60, 0xFA, 0x60, 0xFA, 0x60, 0xFA, 0x60, 0xFA, 0x60, 0xFA, 0x60, 0xFA, 0x60, 0xFA, 0x60, 0xFA,
    0x60, 0xFA, 0x60, 0xFA, 0x60, 0xFA, 0x60, 0xFA, 0x60, 0xFA, 0x60, 0xFA, 0x60, 0xFA, 0x60, 0xFA,
    0x60, 0xFA, 0x60, 0xFA, 0x60, 0xFA, 0x60, 0xFA, 0x60, 0xFA, 0x60, 0xFA, 0x60, 0xFA, 0x60, 0xFA,
    0x60, 0xFA, 0x60, 0xFA, 0x60, 0xFA, 0x60, 0xFA, 0x60, 0xFA, 0x40, 0xFA, 0x40, 0xFA, 0x60, 0xFA,
    0x66, 0xFB, 0x30, 0xFD, 0x5C, 0xFF, 0xFF, 0xFF, 0xFF, 0xFF, 0xDF, 0xFF, 0xDF, 0xFF, 0xFF, 0xFF,
    0xFF, 0xFF, 0x7C, 0xFF, 0xB3, 0xFD, 0x8D, 0xFC, 0xAD, 0xFC, 0xF4, 0xFD, 0x9D, 0xFF, 0xFF, 0xFF,
    0xFF, 0xFF, 0xDF, 0xFF, 0xDF, 0xFF, 0xFF, 0xFF, 0xFF, 0xFF, 0x1A, 0xFF, 0x6B, 0xFC, 0x81, 0xFA,
    0x40, 0xFA, 0x60, 0xFA, 0x40, 0xFA, 0x60, 0xFA, 0x60, 0xFA, 0x60, 0xFA, 0x60, 0xFA, 0x60, 0xFA,
    0x60, 0xFA, 0x60, 0xFA, 0x60, 0xFA, 0x60, 0xFA, 0x60, 0xFA, 0x60, 0xFA, 0x60, 0xFA, 0x60, 0xFA,
    0x60, 0xFA, 0x60, 0xFA, 0x60, 0xFA, 0x60, 0xFA, 0x60, 0xFA, 0x60, 0xFA, 0x60, 0xFA, 0x60, 0xFA,
    0x60, 0xFA, 0x60, 0xFA, 0x60, 0xFA, 0x60, 0xFA, 0x60, 0xFA, 0x60, 0xFA, 0x60, 0xFA, 0x60, 0xFA,
    0x60, 0xFA, 0x60, 0xFA, 0x60, 0xFA, 0x60, 0xFA, 0x60, 0xFA, 0x60, 0xFA, 0x60, 0xFA, 0x60, 0xFA,
    0x60, 0xFA, 0x60, 0xFA, 0x60, 0xFA, 0x60, 0xFA, 0x60, 0xFA, 0x60, 0xFA, 0x60, 0xFA, 0x60, 0xFA,
    0x60, 0xFA, 0x60, 0xFA, 0x60, 0xFA, 0x60, 0xFA, 0x61, 0xFA, 0x20, 0xFA, 0x00, 0xFA, 0xE3, 0xFA,
    0xCD, 0xFC, 0x98, 0xFE, 0xDF, 0xFF, 0xFF, 0xFF, 0xFF, 0xFF, 0xFF, 0xFF, 0xDF, 0xFF, 0xFF, 0xFF,
    0xFF, 0xFF, 0x1A, 0xFF, 0x8D, 0xFC, 0xE3, 0xFA, 0x04, 0xFB, 0xEE, 0xFC, 0x3B, 0xFF, 0xFF, 0xFF,
    0xFF, 0xFF, 0xDF, 0xFF, 0xDF, 0xFF, 0xFF, 0xFF, 0xFF, 0xFF, 0x7D, 0xFF, 0x92, 0xFD, 0xC8, 0xFB,
    0xA2, 0xFA, 0x40, 0xFA, 0x40, 0xFA, 0x60, 0xFA, 0x60, 0xFA, 0x60, 0xFA, 0x60, 0xFA, 0x60, 0xFA,
    0x60, 0xFA, 0x60, 0xFA, 0x60, 0xFA, 0x60, 0xFA, 0x60, 0xFA, 0x60, 0xFA, 0x60, 0xFA, 0x60, 0xFA,
    0x60, 0xFA, 0x60, 0xFA, 0x60, 0xFA, 0x60, 0xFA, 0x60, 0xFA, 0x60, 0xFA, 0x60, 0xFA, 0x60, 0xFA,
    0x60, 0xFA, 0x60, 0xFA, 0x60, 0xFA, 0x60, 0xFA, 0x60, 0xFA, 0x60, 0xFA, 0x60, 0xFA, 0x60, 0xFA,
    0x60, 0xFA, 0x60, 0xFA, 0x60, 0xFA, 0x60, 0xFA, 0x60, 0xFA, 0x60, 0xFA, 0x60, 0xFA, 0x60, 0xFA,
    0x60, 0xFA, 0x60, 0xFA, 0x60, 0xFA, 0x60, 0xFA, 0x60, 0xFA, 0x60, 0xFA, 0x60, 0xFA, 0x60, 0xFA,
    0x60, 0xFA, 0x60, 0xFA, 0x60, 0xFA, 0x60, 0xFA, 0x80, 0xFA, 0x20, 0xFA, 0x00, 0xFA, 0x66, 0xFB,
    0xF4, 0xFD, 0x9D, 0xFF, 0xFF, 0xFF, 0xFF, 0xFF, 0xFF, 0xFF, 0xFF, 0xFF, 0xDF, 0xFF, 0xFF, 0xFF,
    0xDE, 0xFF, 0x77, 0xFE, 0xC8, 0xFB, 0xE0, 0xF9, 0x00, 0xFA, 0x0A, 0xFC, 0xB9, 0xFE, 0xFF, 0xFF,
    0xFF, 0xFF, 0xDF, 0xFF, 0xFF, 0xFF, 0xFF, 0xFF, 0xFF, 0xFF, 0xBE, 0xFF, 0xD9, 0xFE, 0x0F, 0xFD,
    0x03, 0xFB, 0x00, 0xFA, 0x20, 0xFA, 0x80, 0xFA, 0x60, 0xFA, 0x60, 0xFA, 0x60, 0xFA, 0x60, 0xFA,
    0x60, 0xFA, 0x60, 0xFA, 0x60, 0xFA, 0x60, 0xFA, 0x60, 0xFA, 0x60, 0xFA, 0x60, 0xFA, 0x60, 0xFA,
    0x60, 0xFA, 0x60, 0xFA, 0x60, 0xFA, 0x60, 0xFA, 0x60, 0xFA, 0x60, 0xFA, 0x60, 0xFA, 0x60, 0xFA,
    0x60, 0xFA, 0x60, 0xFA, 0x60, 0xFA, 0x60, 0xFA, 0x60, 0xFA, 0x60, 0xFA, 0x60, 0xFA, 0x60, 0xFA,
    0x60, 0xFA, 0x60, 0xFA, 0x60, 0xFA, 0x60, 0xFA, 0x60, 0xFA, 0x60, 0xFA, 0x60, 0xFA, 0x60, 0xFA,
    0x60, 0xFA, 0x60, 0xFA, 0x60, 0xFA, 0x60, 0xFA, 0x60, 0xFA, 0x60, 0xFA, 0x60, 0xFA, 0x60, 0xFA,
    0x60, 0xFA, 0x60, 0xFA, 0x60, 0xFA, 0x60, 0xFA, 0x60, 0xFA, 0x40, 0xFA, 0x81, 0xFA, 0x2A, 0xFC,
    0xD9, 0xFE, 0xFF, 0xFF, 0xFF, 0xFF, 0xDF, 0xFF, 0xFF, 0xFF, 0xFF, 0xFF, 0xFF, 0xFF, 0xDE, 0xFF,
    0xFA, 0xFE, 0x51, 0xFD, 0x25, 0xFB, 0xC0, 0xF9, 0xC0, 0xF9, 0x66, 0xFB, 0xD3, 0xFD, 0x5C, 0xFF,
    0xFF, 0xFF, 0xFF, 0xFF, 0xFF, 0xFF, 0xFF, 0xFF, 0xFF, 0xFF, 0xFF, 0xFF, 0xBE, 0xFF, 0x56, 0xFE,
    0x86, 0xFB, 0x00, 0xFA, 0x20, 0xFA, 0x80, 0xFA, 0x60, 0xFA, 0x60, 0xFA, 0x60, 0xFA, 0x60, 0xFA,
    0x60, 0xFA, 0x60, 0xFA, 0x60, 0xFA, 0x60, 0xFA, 0x60, 0xFA, 0x60, 0xFA, 0x60, 0xFA, 0x60, 0xFA,
    0x60, 0xFA, 0x60, 0xFA, 0x60, 0xFA, 0x60, 0xFA, 0x60, 0xFA, 0x60, 0xFA, 0x60, 0xFA, 0x60, 0xFA,
    0x60, 0xFA, 0x60, 0xFA, 0x60, 0xFA, 0x60, 0xFA, 0x60, 0xFA, 0x60, 0xFA, 0x60, 0xFA, 0x60, 0xFA,
    0x60, 0xFA, 0x60, 0xFA, 0x60, 0xFA, 0x60, 0xFA, 0x60, 0xFA, 0x60, 0xFA, 0x60, 0xFA, 0x60, 0xFA,
    0x60, 0xFA, 0x60, 0xFA, 0x60, 0xFA, 0x60, 0xFA, 0x60, 0xFA, 0x60, 0xFA, 0x60, 0xFA, 0x60, 0xFA,
    0x60, 0xFA, 0x60, 0xFA, 0x60, 0xFA, 0x40, 0xFA, 0x40, 0xFA, 0x60, 0xFA, 0x66, 0xFB, 0x51, 0xFD,
    0x7C, 0xFF, 0xFF, 0xFF, 0xFF, 0xFF, 0xDF, 0xFF, 0xDF, 0xFF, 0xFF, 0xFF, 0xFF, 0xFF, 0x9D, 0xFF,
    0xD3, 0xFD, 0xE9, 0xFB, 0xC2, 0xFA, 0x00, 0xFA, 0x00, 0xFA, 0xE3, 0xFA, 0x8D, 0xFC, 0x77, 0xFE,
    0xBE, 0xFF, 0xFF, 0xFF, 0xFF, 0xFF, 0xFF, 0xFF, 0xDF, 0xFF, 0xFF, 0xFF, 0xFF, 0xFF, 0x1A, 0xFF,
    0x4B, 0xFC, 0x81, 0xFA, 0x40, 0xFA, 0x60, 0xFA, 0x40, 0xFA, 0x60, 0xFA, 0x60, 0xFA, 0x60, 0xFA,
    0x60, 0xFA, 0x60, 0xFA, 0x60, 0xFA, 0x60, 0xFA, 0x60, 0xFA, 0x60, 0xFA, 0x60, 0xFA, 0x60, 0xFA,
    0x60, 0xFA, 0x60, 0xFA, 0x60, 0xFA, 0x60, 0xFA, 0x60, 0xFA, 0x60, 0xFA, 0x60, 0xFA, 0x60, 0xFA,
    0x60, 0xFA, 0x60, 0xFA, 0x60, 0xFA, 0x60, 0xFA, 0x60, 0xFA, 0x60, 0xFA, 0x60, 0xFA, 0x60, 0xFA,
    0x60, 0xFA, 0x60, 0xFA, 0x60, 0xFA, 0x60, 0xFA, 0x60, 0xFA, 0x60, 0xFA, 0x60, 0xFA, 0x60, 0xFA,
    0x60, 0xFA, 0x60, 0xFA, 0x60, 0xFA, 0x60, 0xFA, 0x60, 0xFA, 0x60, 0xFA, 0x60, 0xFA, 0x60, 0xFA,
    0x60, 0xFA, 0x60, 0xFA, 0x61, 0xFA, 0x20, 0xFA, 0x00, 0xFA, 0xE3, 0xFA, 0xCE, 0xFC, 0xB8, 0xFE,
    0xDF, 0xFF, 0xFF, 0xFF, 0xFF, 0xFF, 0xFF, 0xFF, 0xDF, 0xFF, 0xFF, 0xFF, 0xFF, 0xFF, 0x1B, 0xFF,
    0x6C, 0xFC, 0xA2, 0xFA, 0x40, 0xFA, 0x40, 0xFA, 0x40, 0xFA, 0x60, 0xFA, 0x45, 0xFB, 0x30, 0xFD,
    0x5C, 0xFF, 0xFF, 0xFF, 0xFF, 0xFF, 0xDF, 0xFF, 0xDF, 0xFF, 0xFF, 0xFF, 0xFF, 0xFF, 0x7D, 0xFF,
    0x92, 0xFD, 0xA8, 0xFB, 0xA2, 0xFA, 0x40, 0xFA, 0x40, 0xFA, 0x60, 0xFA, 0x60, 0xFA, 0x60, 0xFA,
    0x60, 0xFA, 0x60, 0xFA, 0x60, 0xFA, 0x60, 0xFA, 0x60, 0xFA, 0x60, 0xFA, 0x60, 0xFA, 0x60, 0xFA,
    0x60, 0xFA, 0x60, 0xFA, 0x60, 0xFA, 0x60, 0xFA, 0x60, 0xFA, 0x60, 0xFA, 0x60, 0xFA, 0x60, 0xFA,
    0x60, 0xFA, 0x60, 0xFA, 0x60, 0xFA, 0x60, 0xFA, 0x60, 0xFA, 0x60, 0xFA, 0x60, 0xFA, 0x60, 0xFA,
    0x60, 0xFA, 0x60, 0xFA, 0x60, 0xFA, 0x60, 0xFA, 0x60, 0xFA, 0x60, 0xFA, 0x60, 0xFA, 0x60, 0xFA,
    0x60, 0xFA, 0x60, 0xFA, 0x60, 0xFA, 0x60, 0xFA, 0x60, 0xFA, 0x60, 0xFA, 0x60, 0xFA, 0x60, 0xFA,
    0x60, 0xFA, 0x60, 0xFA, 0x80, 0xFA, 0x20, 0xFA, 0x00, 0xFA, 0x46, 0xFB, 0xF4, 0xFD, 0x9D, 0xFF,
    0xFF, 0xFF, 0xFF, 0xFF, 0xFF, 0xFF, 0xFF, 0xFF, 0xDF, 0xFF, 0xFF, 0xFF, 0xBE, 0xFF, 0x56, 0xFE,
    0x87, 0xFB, 0x00, 0xFA, 0x20, 0xFA, 0x80, 0xFA, 0x80, 0xFA, 0x40, 0xFA, 0x61, 0xFA, 0x2A, 0xFC,
    0xD9, 0xFE, 0xFF, 0xFF, 0xFF, 0xFF, 0xDF, 0xFF, 0xDF, 0xFF, 0xFF, 0xFF, 0xDF, 0xFF, 0xBE, 0xFF,
    0xB8, 0xFE, 0xEF, 0xFC, 0xE3, 0xFA, 0x00, 0xFA, 0x20, 0xFA, 0x81, 0xFA, 0x60, 0xFA, 0x60, 0xFA,
    0x60, 0xFA, 0x60, 0xFA, 0x60, 0xFA, 0x60, 0xFA, 0x60, 0xFA, 0x60, 0xFA, 0x60, 0xFA, 0x60, 0xFA,
    0x60, 0xFA, 0x60, 0xFA, 0x60, 0xFA, 0x60, 0xFA, 0x60, 0xFA, 0x60, 0xFA, 0x60, 0xFA, 0x60, 0xFA,
    0x60, 0xFA, 0x60, 0xFA, 0x60, 0xFA, 0x60, 0xFA, 0x60, 0xFA, 0x60, 0xFA, 0x60, 0xFA, 0x60, 0xFA,
    0x60, 0xFA, 0x60, 0xFA, 0x60, 0xFA, 0x60, 0xFA, 0x60, 0xFA, 0x60, 0xFA, 0x60, 0xFA, 0x60, 0xFA,
    0x60, 0xFA, 0x60, 0xFA, 0x60, 0xFA, 0x60, 0xFA, 0x60, 0xFA, 0x60, 0xFA, 0x60, 0xFA, 0x60, 0xFA,
    0x60, 0xFA, 0x60, 0xFA, 0x60, 0xFA, 0x20, 0xFA, 0x61, 0xFA, 0x09, 0xFC, 0xB8, 0xFE, 0xDE, 0xFF,
    0xDF, 0xFF, 0xBE, 0xFF, 0xBE, 0xFF, 0xDE, 0xFF, 0xDE, 0xFF, 0xBE, 0xFF, 0xD9, 0xFE, 0x0F, 0xFD,
    0x03, 0xFB, 0x00, 0xFA, 0x20, 0xFA, 0x81, 0xFA, 0xA1, 0xFA, 0x40, 0xFA, 0x00, 0xFA, 0x66, 0xFB,
    0x15, 0xFE, 0x9D, 0xFF, 0xFF, 0xFF, 0xDE, 0xFF, 0xDE, 0xFF, 0xDE, 0xFF, 0xBE, 0xFF, 0xDE, 0xFF,
    0x9D, 0xFF, 0x15, 0xFE, 0x45, 0xFB, 0xE0, 0xF9, 0x20, 0xFA, 0x81, 0xFA, 0x80, 0xFA, 0x60, 0xFA,
    0x60, 0xFA, 0x60, 0xFA, 0x60, 0xFA, 0x60, 0xFA, 0x60, 0xFA, 0x60, 0xFA, 0x60, 0xFA, 0x60, 0xFA,
    0x60, 0xFA, 0x60, 0xFA, 0x60, 0xFA, 0x60, 0xFA, 0x60, 0xFA, 0x60, 0xFA, 0x60, 0xFA, 0x60, 0xFA,
    0x60, 0xFA, 0x60, 0xFA, 0x60, 0xFA, 0x60, 0xFA, 0x60, 0xFA, 0x60, 0xFA, 0x60, 0xFA, 0x60, 0xFA,
    0x60, 0xFA, 0x60, 0xFA, 0x60, 0xFA, 0x60, 0xFA, 0x60, 0xFA, 0x60, 0xFA, 0x60, 0xFA, 0x60, 0xFA,
    0x60, 0xFA, 0x60, 0xFA, 0x60, 0xFA, 0x60, 0xFA, 0x60, 0xFA, 0x60, 0xFA, 0x60, 0xFA, 0x60, 0xFA,
    0x60, 0xFA, 0x40, 0xFA, 0x40, 0xFA, 0xA1, 0xFA, 0xC8, 0xFB, 0xB3, 0xFD, 0xDE, 0xFF, 0xFF, 0xFF,
    0xFF, 0xFF, 0xFF, 0xFF, 0xFF, 0xFF, 0xFF, 0xFF, 0xFF, 0xFF, 0x9D, 0xFF, 0x92, 0xFD, 0xA8, 0xFB,
    0xA2, 0xFA, 0x40, 0xFA, 0x20, 0xFA, 0x40, 0xFA, 0x40, 0xFA, 0x00, 0xFA, 0xE0, 0xF9, 0xA2, 0xFA,
    0x8D, 0xFC, 0x98, 0xFE, 0xFF, 0xFF, 0xFF, 0xFF, 0xFF, 0xFF, 0xFF, 0xFF, 0xFF, 0xFF, 0xFF, 0xFF,
    0xFF, 0xFF, 0x5C, 0xFF, 0x8C, 0xFC, 0xA2, 0xFA, 0x20, 0xFA, 0x20, 0xFA, 0x20, 0xFA, 0x20, 0xFA,
    0x20, 0xFA, 0x20, 0xFA, 0x40, 0xFA, 0x40, 0xFA, 0x60, 0xFA, 0x60, 0xFA, 0x60, 0xFA, 0x60, 0xFA,
    0x60, 0xFA, 0x60, 0xFA, 0x60, 0xFA, 0x60, 0xFA, 0x60, 0xFA, 0x60, 0xFA, 0x60, 0xFA, 0x60, 0xFA,
    0x60, 0xFA, 0x60, 0xFA, 0x60, 0xFA, 0x60, 0xFA, 0x60, 0xFA, 0x60, 0xFA, 0x60, 0xFA, 0x60, 0xFA,
    0x60, 0xFA, 0x60, 0xFA, 0x60, 0xFA, 0x60, 0xFA, 0x60, 0xFA, 0x60, 0xFA, 0x60, 0xFA, 0x60, 0xFA,
    0x60, 0xFA, 0x60, 0xFA, 0x60, 0xFA, 0x60, 0xFA, 0x60, 0xFA, 0x60, 0xFA, 0x60, 0xFA, 0x60, 0xFA,
    0x81, 0xFA, 0x20, 0xFA, 0x00, 0xFA, 0x04, 0xFB, 0x51, 0xFD, 0x5C, 0xFF, 0xFF, 0xFF, 0xFF, 0xFF,
    0xFF, 0xFF, 0xFF, 0xFF, 0xFF, 0xFF, 0xFF, 0xFF, 0xFF, 0xFF, 0x3B, 0xFF, 0x4B, 0xFC, 0x81, 0xFA,
    0x40, 0xFA, 0x60, 0xFA, 0x20, 0xFA, 0x20, 0xFA, 0x20, 0xFA, 0xE0, 0xF9, 0xE0, 0xF9, 0x20, 0xFA,
    0x25, 0xFB, 0x30, 0xFD, 0xBE, 0xFF, 0xFF, 0xFF, 0xFF, 0xFF, 0xFF, 0xFF, 0xFF, 0xFF, 0xFF, 0xFF,
    0xFF, 0xFF, 0xFF, 0xFF, 0xF4, 0xFD, 0xC9, 0xFB, 0x60, 0xFA, 0xE0, 0xF9, 0xE0, 0xF9, 0x20, 0xFA,
    0x00, 0xFA, 0x00, 0xFA, 0x20, 0xFA, 0x40, 0xFA, 0x60, 0xFA, 0x60, 0xFA, 0x60, 0xFA, 0x60, 0xFA,
    0x60, 0xFA, 0x60, 0xFA, 0x60, 0xFA, 0x60, 0xFA, 0x60, 0xFA, 0x60, 0xFA, 0x60, 0xFA, 0x60, 0xFA,
    0x60, 0xFA, 0x60, 0xFA, 0x60, 0xFA, 0x60, 0xFA, 0x60, 0xFA, 0x60, 0xFA, 0x60, 0xFA, 0x60, 0xFA,
    0x60, 0xFA, 0x60, 0xFA, 0x60, 0xFA, 0x60, 0xFA, 0x60, 0xFA, 0x60, 0xFA, 0x60, 0xFA, 0x60, 0xFA,
    0x60, 0xFA, 0x60, 0xFA, 0x60, 0xFA, 0x60, 0xFA, 0x60, 0xFA, 0x60, 0xFA, 0x60, 0xFA, 0x60, 0xFA,
    0x60, 0xFA, 0x20, 0xFA, 0x00, 0xFA, 0x04, 0xFB, 0x0F, 0xFD, 0x77, 0xFE, 0xD9, 0xFE, 0xD9, 0xFE,
    0xD9, 0xFE, 0xB9, 0xFE, 0xB8, 0xFE, 0xD9, 0xFE, 0xD9, 0xFE, 0x92, 0xFD, 0x45, 0xFB, 0x00, 0xFA,
    0x20, 0xFA, 0x81, 0xFA, 0xA2, 0xFA, 0xE3, 0xFA, 0x04, 0xFB, 0x04, 0xFB, 0x24, 0xFB, 0x24, 0xFB,
    0x66, 0xFB, 0x8D, 0xFC, 0x56, 0xFE, 0xD9, 0xFE, 0xD9, 0xFE, 0xB8, 0xFE, 0xB8, 0xFE, 0xD9, 0xFE,
    0xB9, 0xFE, 0x77, 0xFE, 0xB3, 0xFD, 0x8C, 0xFC, 0x66, 0xFB, 0xE4, 0xFA, 0xE4, 0xFA, 0x25, 0xFB,
    0x25, 0xFB, 0x04, 0xFB, 0xC2, 0xFA, 0x81, 0xFA, 0x60, 0xFA, 0x60, 0xFA, 0x60, 0xFA, 0x60, 0xFA,
    0x60, 0xFA, 0x60, 0xFA, 0x60, 0xFA, 0x60, 0xFA, 0x60, 0xFA, 0x60, 0xFA, 0x60, 0xFA, 0x60, 0xFA,
    0x60, 0xFA, 0x60, 0xFA, 0x60, 0xFA, 0x60, 0xFA, 0x60, 0xFA, 0x60, 0xFA, 0x60, 0xFA, 0x60, 0xFA,
    0x60, 0xFA, 0x60, 0xFA, 0x60, 0xFA, 0x60, 0xFA, 0x60, 0xFA, 0x60, 0xFA, 0x60, 0xFA, 0x60, 0xFA,
    0x60, 0xFA, 0x60, 0xFA, 0x60, 0xFA, 0x60, 0xFA, 0x60, 0xFA, 0x60, 0xFA, 0x60, 0xFA, 0x60, 0xFA,
    0x60, 0xFA, 0x40, 0xFA, 0x40, 0xFA, 0x81, 0xFA, 0x25, 0xFB, 0x87, 0xFB, 0x87, 0xFB, 0x87, 0xFB,
    0x87, 0xFB, 0x87, 0xFB, 0x87, 0xFB, 0x87, 0xFB, 0x87, 0xFB, 0x25, 0xFB, 0x81, 0xFA, 0x20, 0xFA,
    0x20, 0xFA, 0xA1, 0xFA, 0x66, 0xFB, 0x2A, 0xFC, 0xCE, 0xFC, 0x0F, 0xFD, 0x0F, 0xFD, 0x0F, 0xFD,
    0x30, 0xFD, 0xEF, 0xFC, 0x6C, 0xFC, 0xE9, 0xFB, 0xA7, 0xFB, 0x87, 0xFB, 0x87, 0xFB, 0x87, 0xFB,
    0x87, 0xFB, 0xA8, 0xFB, 0x0A, 0xFC, 0x8D, 0xFC, 0xEE, 0xFC, 0x0F, 0xFD, 0xEF, 0xFC, 0x0F, 0xFD,
    0x30, 0xFD, 0xAD, 0xFC, 0x87, 0xFB, 0xA2, 0xFA, 0x60, 0xFA, 0x60, 0xFA, 0x40, 0xFA, 0x60, 0xFA,
    0x60, 0xFA, 0x60, 0xFA, 0x60, 0xFA, 0x60, 0xFA, 0x60, 0xFA, 0x60, 0xFA, 0x60, 0xFA, 0x60, 0xFA,
    0x60, 0xFA, 0x60, 0xFA, 0x60, 0xFA, 0x60, 0xFA, 0x60, 0xFA, 0x60, 0xFA, 0x60, 0xFA, 0x60, 0xFA,
    0x60, 0xFA, 0x60, 0xFA, 0x60, 0xFA, 0x60, 0xFA, 0x60, 0xFA, 0x60, 0xFA, 0x60, 0xFA, 0x60, 0xFA,
    0x60, 0xFA, 0x60, 0xFA, 0x60, 0xFA, 0x60, 0xFA, 0x60, 0xFA, 0x60, 0xFA, 0x60, 0xFA, 0x60, 0xFA,
    0x40, 0xFA, 0x60, 0xFA, 0x60, 0xFA, 0x40, 0xFA, 0x00, 0xFA, 0xC0, 0xF9, 0xC0, 0xF9, 0xC0, 0xF9,
    0xC0, 0xF9, 0xC0, 0xF9, 0xC0, 0xF9, 0xC0, 0xF9, 0xC0, 0xF9, 0x00, 0xFA, 0x40, 0xFA, 0x60, 0xFA,
    0x40, 0xFA, 0x81, 0xFA, 0x45, 0xFB, 0x6C, 0xFC, 0xB2, 0xFD, 0x36, 0xFE, 0x15, 0xFE, 0x35, 0xFE,
    0x35, 0xFE, 0x92, 0xFD, 0x09, 0xFC, 0xC2, 0xFA, 0xE0, 0xF9, 0xA0, 0xF9, 0xC0, 0xF9, 0xC0, 0xF9,
    0xA0, 0xF9, 0x20, 0xFA, 0x87, 0xFB, 0xEE, 0xFC, 0xD3, 0xFD, 0x35, 0xFE, 0x14, 0xFE, 0x35, 0xFE,
    0x35, 0xFE, 0x51, 0xFD, 0xC8, 0xFB, 0xA2, 0xFA, 0x40, 0xFA, 0x60, 0xFA, 0x40, 0xFA, 0x60, 0xFA,
    0x60, 0xFA, 0x60, 0xFA, 0x60, 0xFA, 0x60, 0xFA, 0x60, 0xFA, 0x60, 0xFA, 0x60, 0xFA, 0x60, 0xFA,
    0x60, 0xFA, 0x60, 0xFA, 0x60, 0xFA, 0x60, 0xFA, 0x60, 0xFA, 0x60, 0xFA, 0x60, 0xFA, 0x60, 0xFA,
    0x60, 0xFA, 0x60, 0xFA, 0x60, 0xFA, 0x60, 0xFA, 0x60, 0xFA, 0x60, 0xFA, 0x60, 0xFA, 0x60, 0xFA,
    0x60, 0xFA, 0x60, 0xFA, 0x60, 0xFA, 0x60, 0xFA, 0x60, 0xFA, 0x60, 0xFA, 0x60, 0xFA, 0x60, 0xFA,
    0x60, 0xFA, 0x60, 0xFA, 0x60, 0xFA, 0x40, 0xFA, 0x20, 0xFA, 0x00, 0xFA, 0x00, 0xFA, 0x00, 0xFA,
    0x00, 0xFA, 0x00, 0xFA, 0x00, 0xFA, 0x00, 0xFA, 0x00, 0xFA, 0x20, 0xFA, 0x40, 0xFA, 0x60, 0xFA,
    0x60, 0xFA, 0x40, 0xFA, 0x81, 0xFA, 0x87, 0xFB, 0x30, 0xFD, 0x15, 0xFE, 0x14, 0xFE, 0xF4, 0xFD,
    0xF4, 0xFD, 0xB3, 0xFD, 0x0F, 0xFD, 0xE9, 0xFB, 0x61, 0xFA, 0xC0, 0xF9, 0x00, 0xFA, 0x00, 0xFA,
    0xE0, 0xF9, 0xC2, 0xFA, 0x6C, 0xFC, 0xB2, 0xFD, 0xF4, 0xFD, 0xF4, 0xFD, 0xF4, 0xFD, 0xF4, 0xFD,
    0xB3, 0xFD, 0xAD, 0xFC, 0x24, 0xFB, 0x40, 0xFA, 0x40, 0xFA, 0x60, 0xFA, 0x60, 0xFA, 0x60, 0xFA,
    0x60, 0xFA, 0x60, 0xFA, 0x60, 0xFA, 0x60, 0xFA, 0x60, 0xFA, 0x60, 0xFA, 0x60, 0xFA, 0x60, 0xFA,
    0x60, 0xFA, 0x60, 0xFA, 0x60, 0xFA, 0x60, 0xFA, 0x60, 0xFA, 0x60, 0xFA, 0x60, 0xFA, 0x60, 0xFA,
    0x60, 0xFA, 0x60, 0xFA, 0x60, 0xFA, 0x60, 0xFA, 0x60, 0xFA, 0x60, 0xFA, 0x60, 0xFA, 0x60, 0xFA,
    0x60, 0xFA, 0x60, 0xFA, 0x60, 0xFA, 0x60, 0xFA, 0x60, 0xFA, 0x60, 0xFA, 0x60, 0xFA, 0x60, 0xFA,
    0x60, 0xFA, 0x60, 0xFA, 0x60, 0xFA, 0x60, 0xFA, 0x60, 0xFA, 0x81, 0xFA, 0x81, 0xFA, 0x81, 0xFA,
    0x81, 0xFA, 0x81, 0xFA, 0x81, 0xFA, 0x81, 0xFA, 0x81, 0xFA, 0x80, 0xFA, 0x60, 0xFA, 0x60, 0xFA,
    0x60, 0xFA, 0x20, 0xFA, 0x00, 0xFA, 0xC2, 0xFA, 0x4B, 0xFC, 0x51, 0xFD, 0xB2, 0xFD, 0xB2, 0xFD,
    0x92, 0xFD, 0xD3, 0xFD, 0xF4, 0xFD, 0x0F, 0xFD, 0x86, 0xFB, 0x61, 0xFA, 0x60, 0xFA, 0x81, 0xFA,
    0xA2, 0xFA, 0xC8, 0xFB, 0x50, 0xFD, 0xF4, 0xFD, 0xD3, 0xFD, 0xB2, 0xFD, 0xD3, 0xFD, 0x91, 0xFD,
    0xAD, 0xFC, 0xA7, 0xFB, 0x81, 0xFA, 0x20, 0xFA, 0x40, 0xFA, 0x60, 0xFA, 0x60, 0xFA, 0x60, 0xFA,
    0x60, 0xFA, 0x60, 0xFA, 0x60, 0xFA, 0x60, 0xFA, 0x60, 0xFA, 0x60, 0xFA, 0x60, 0xFA, 0x60, 0xFA,
    0x60, 0xFA, 0x60, 0xFA, 0x60, 0xFA, 0x60, 0xFA, 0x60, 0xFA, 0x60, 0xFA, 0x60, 0xFA, 0x60, 0xFA,
    0x60, 0xFA, 0x60, 0xFA, 0x60, 0xFA, 0x60, 0xFA, 0x60, 0xFA, 0x60, 0xFA, 0x60, 0xFA, 0x60, 0xFA,
    0x60, 0xFA, 0x60, 0xFA, 0x60, 0xFA, 0x60, 0xFA, 0x60, 0xFA, 0x60, 0xFA, 0x60, 0xFA, 0x60, 0xFA,
    0x60, 0xFA, 0x60, 0xFA, 0x60, 0xFA, 0x60, 0xFA, 0x60, 0xFA, 0x60, 0xFA, 0x60, 0xFA, 0x60, 0xFA,
    0x60, 0xFA, 0x60, 0xFA, 0x60, 0xFA, 0x60, 0xFA, 0x60, 0xFA, 0x60, 0xFA, 0x60, 0xFA, 0x60, 0xFA,
    0x60, 0xFA, 0x40, 0xFA, 0x20, 0xFA, 0x81, 0xFA, 0x86, 0xFB, 0x8C, 0xFC, 0x71, 0xFD, 0xD3, 0xFD,
    0xB3, 0xFD, 0xD3, 0xFD, 0xF4, 0xFD, 0x51, 0xFD, 0x2A, 0xFC, 0xE4, 0xFA, 0x60, 0xFA, 0x81, 0xFA,
    0x45, 0xFB, 0x6C, 0xFC, 0x71, 0xFD, 0xF4, 0xFD, 0xD3, 0xFD, 0xD3, 0xFD, 0xF4, 0xFD, 0x50, 0xFD,
    0xE9, 0xFB, 0xC3, 0xFA, 0x60, 0xFA, 0x40, 0xFA, 0x40, 0xFA, 0x60, 0xFA, 0x60, 0xFA, 0x60, 0xFA,
    0x60, 0xFA, 0x60, 0xFA, 0x60, 0xFA, 0x60, 0xFA, 0x60, 0xFA, 0x60, 0xFA, 0x60, 0xFA, 0x60, 0xFA,
    0x60, 0xFA, 0x60, 0xFA, 0x60, 0xFA, 0x60, 0xFA, 0x60, 0xFA, 0x60, 0xFA, 0x60, 0xFA, 0x60, 0xFA,
    0x60, 0xFA, 0x60, 0xFA, 0x60, 0xFA, 0x60, 0xFA, 0x60, 0xFA, 0x60, 0xFA, 0x60, 0xFA, 0x60, 0xFA,
    0x60, 0xFA, 0x60, 0xFA, 0x60, 0xFA, 0x60, 0xFA, 0x60, 0xFA, 0x60, 0xFA, 0x60, 0xFA, 0x60, 0xFA,
    0x60, 0xFA, 0x60, 0xFA, 0x60, 0xFA, 0x60, 0xFA, 0x60, 0xFA, 0x60, 0xFA, 0x60, 0xFA, 0x60, 0xFA,
    0x60, 0xFA, 0x60, 0xFA, 0x60, 0xFA, 0x60, 0xFA, 0x60, 0xFA, 0x60, 0xFA, 0x60, 0xFA, 0x60, 0xFA,
    0x60, 0xFA, 0x40, 0xFA, 0x60, 0xFA, 0x60, 0xFA, 0xC2, 0xFA, 0xC8, 0xFB, 0x30, 0xFD, 0xF4, 0xFD,
    0xD3, 0xFD, 0xB3, 0xFD, 0xD3, 0xFD, 0x92, 0xFD, 0xEF, 0xFC, 0xA8, 0xFB, 0x81, 0xFA, 0xA2, 0xFA,
    0x09, 0xFC, 0x30, 0xFD, 0xB2, 0xFD, 0xB3, 0xFD, 0xB3, 0xFD, 0xD3, 0xFD, 0xD3, 0xFD, 0xEE, 0xFC,
    0x45, 0xFB, 0x40, 0xFA, 0x40, 0xFA, 0x60, 0xFA, 0x60, 0xFA, 0x60, 0xFA, 0x60, 0xFA, 0x60, 0xFA,
    0x60, 0xFA, 0x60, 0xFA, 0x60, 0xFA, 0x60, 0xFA, 0x60, 0xFA, 0x60, 0xFA, 0x60, 0xFA, 0x60, 0xFA,
    0x60, 0xFA, 0x60, 0xFA, 0x60, 0xFA, 0x60, 0xFA, 0x60, 0xFA, 0x60, 0xFA, 0x60, 0xFA, 0x60, 0xFA,
    0x60, 0xFA, 0x60, 0xFA, 0x60, 0xFA, 0x60, 0xFA, 0x60, 0xFA, 0x60, 0xFA, 0x60, 0xFA, 0x60, 0xFA,
    0x60, 0xFA, 0x60, 0xFA, 0x60, 0xFA, 0x60, 0xFA, 0x60, 0xFA, 0x60, 0xFA, 0x60, 0xFA, 0x60, 0xFA,
    0x60, 0xFA, 0x60, 0xFA, 0x60, 0xFA, 0x60, 0xFA, 0x60, 0xFA, 0x60, 0xFA, 0x60, 0xFA, 0x60, 0xFA,
    0x60, 0xFA, 0x60, 0xFA, 0x60, 0xFA, 0x60, 0xFA, 0x60, 0xFA, 0x60, 0xFA, 0x60, 0xFA, 0x60, 0xFA,
    0x60, 0xFA, 0x60, 0xFA, 0x60, 0xFA, 0x40, 0xFA, 0x40, 0xFA, 0x24, 0xFB, 0xAD, 0xFC, 0xB3, 0xFD,
    0xD3, 0xFD, 0xB2, 0xFD, 0xB2, 0xFD, 0xD3, 0xFD, 0xB3, 0xFD, 0x8C, 0xFC, 0x04, 0xFB, 0x04, 0xFB,
    0xAD, 0xFC, 0xD4, 0xFD, 0xD3, 0xFD, 0xB2, 0xFD, 0xB3, 0xFD, 0xB2, 0xFD, 0x51, 0xFD, 0x4B, 0xFC,
    0xE3, 0xFA, 0x20, 0xFA, 0x40, 0xFA, 0x60, 0xFA, 0x60, 0xFA, 0x60, 0xFA, 0x60, 0xFA, 0x60, 0xFA,
    0x60, 0xFA, 0x60, 0xFA, 0x60, 0xFA, 0x60, 0xFA, 0x60, 0xFA, 0x60, 0xFA, 0x60, 0xFA, 0x60, 0xFA,
    0x60, 0xFA, 0x60, 0xFA, 0x60, 0xFA, 0x60, 0xFA, 0x60, 0xFA, 0x60, 0xFA, 0x60, 0xFA, 0x60, 0xFA,
    0x60, 0xFA, 0x60, 0xFA, 0x60, 0xFA, 0x60, 0xFA, 0x60, 0xFA, 0x60, 0xFA, 0x60, 0xFA, 0x60, 0xFA,
    0x60, 0xFA, 0x60, 0xFA, 0x60, 0xFA, 0x60, 0xFA, 0x60, 0xFA, 0x60, 0xFA, 0x60, 0xFA, 0x60, 0xFA,
    0x60, 0xFA, 0x60, 0xFA, 0x60, 0xFA, 0x60, 0xFA, 0x60, 0xFA, 0x60, 0xFA, 0x60, 0xFA, 0x60, 0xFA,
    0x60, 0xFA, 0x60, 0xFA, 0x60, 0xFA, 0x60, 0xFA, 0x60, 0xFA, 0x60, 0xFA, 0x60, 0xFA, 0x60, 0xFA,
    0x60, 0xFA, 0x60, 0xFA, 0x60, 0xFA, 0x20, 0xFA, 0x20, 0xFA, 0xA2, 0xFA, 0x09, 0xFC, 0x30, 0xFD,
    0xB3, 0xFD, 0xD3, 0xFD, 0xB3, 0xFD, 0xD3, 0xFD, 0xF4, 0xFD, 0x30, 0xFD, 0xE9, 0xFB, 0xE9, 0xFB,
    0x30, 0xFD, 0x14, 0xFE, 0xD3, 0xFD, 0xD3, 0xFD, 0xF3, 0xFD, 0x92, 0xFD, 0x8D, 0xFC, 0x86, 0xFB,
    0xA1, 0xFA, 0x40, 0xFA, 0x40, 0xFA, 0x60, 0xFA, 0x60, 0xFA, 0x60, 0xFA, 0x60, 0xFA, 0x60, 0xFA,
    0x60, 0xFA, 0x60, 0xFA, 0x60, 0xFA, 0x60, 0xFA, 0x60, 0xFA, 0x60, 0xFA, 0x60, 0xFA, 0x60, 0xFA,
    0x60, 0xFA, 0x60, 0xFA, 0x60, 0xFA, 0x60, 0xFA, 0x60, 0xFA, 0x60, 0xFA, 0x60, 0xFA, 0x60, 0xFA,
    0x60, 0xFA, 0x60, 0xFA, 0x60, 0xFA, 0x60, 0xFA, 0x60, 0xFA, 0x60, 0xFA, 0x60, 0xFA, 0x60, 0xFA,
    0x60, 0xFA, 0x60, 0xFA, 0x60, 0xFA, 0x60, 0xFA, 0x60, 0xFA, 0x60, 0xFA, 0x60, 0xFA, 0x60, 0xFA,
    0x60, 0xFA, 0x60, 0xFA, 0x60, 0xFA, 0x60, 0xFA, 0x60, 0xFA, 0x60, 0xFA, 0x60, 0xFA, 0x60, 0xFA,
    0x60, 0xFA, 0x60, 0xFA, 0x60, 0xFA, 0x60, 0xFA, 0x60, 0xFA, 0x60, 0xFA, 0x60, 0xFA, 0x60, 0xFA,
    0x60, 0xFA, 0x60, 0xFA, 0x60, 0xFA, 0x40, 0xFA, 0x40, 0xFA, 0x60, 0xFA, 0x24, 0xFB, 0x4B, 0xFC,
    0x71, 0xFD, 0xF4, 0xFD, 0xD3, 0xFD, 0xB3, 0xFD, 0xD3, 0xFD, 0xB2, 0xFD, 0x30, 0xFD, 0x30, 0xFD,
    0x92, 0xFD, 0xD3, 0xFD, 0xB3, 0xFD, 0xD3, 0xFD, 0xF4, 0xFD, 0x50, 0xFD, 0xC8, 0xFB, 0xA2, 0xFA,
    0x60, 0xFA, 0x40, 0xFA, 0x40, 0xFA, 0x60, 0xFA, 0x60, 0xFA, 0x60, 0xFA, 0x60, 0xFA, 0x60, 0xFA,
    0x60, 0xFA, 0x60, 0xFA, 0x60, 0xFA, 0x60, 0xFA, 0x60, 0xFA, 0x60, 0xFA, 0x60, 0xFA, 0x60, 0xFA,
    0x60, 0xFA, 0x60, 0xFA, 0x60, 0xFA, 0x60, 0xFA, 0x60, 0xFA, 0x60, 0xFA, 0x60, 0xFA, 0x60, 0xFA,
    0x60, 0xFA, 0x60, 0xFA, 0x60, 0xFA, 0x60, 0xFA, 0x60, 0xFA, 0x60, 0xFA, 0x60, 0xFA, 0x60, 0xFA,
    0x60, 0xFA, 0x60, 0xFA, 0x60, 0xFA, 0x60, 0xFA, 0x60, 0xFA, 0x60, 0xFA, 0x60, 0xFA, 0x60, 0xFA,
    0x60, 0xFA, 0x60, 0xFA, 0x60, 0xFA, 0x60, 0xFA, 0x60, 0xFA, 0x60, 0xFA, 0x60, 0xFA, 0x60, 0xFA,
    0x60, 0xFA, 0x60, 0xFA, 0x60, 0xFA, 0x60, 0xFA, 0x60, 0xFA, 0x60, 0xFA, 0x60, 0xFA, 0x60, 0xFA,
    0x60, 0xFA, 0x60, 0xFA, 0x60, 0xFA, 0x60, 0xFA, 0x60, 0xFA, 0x40, 0xFA, 0x81, 0xFA, 0x86, 0xFB,
    0x0F, 0xFD, 0xF4, 0xFD, 0xF3, 0xFD, 0xB2, 0xFD, 0xB2, 0xFD, 0xB3, 0xFD, 0xD3, 0xFD, 0xD3, 0xFD,
    0xB3, 0xFD, 0xB2, 0xFD, 0xB2, 0xFD, 0xD3, 0xFD, 0xD3, 0xFD, 0xCE, 0xFC, 0x24, 0xFB, 0x40, 0xFA,
    0x40, 0xFA, 0x60, 0xFA, 0x60, 0xFA, 0x60, 0xFA, 0x60, 0xFA, 0x60, 0xFA, 0x60, 0xFA, 0x60, 0xFA,
    0x60, 0xFA, 0x60, 0xFA, 0x60, 0xFA, 0x60, 0xFA, 0x60, 0xFA, 0x60, 0xFA, 0x60, 0xFA, 0x60, 0xFA,
    0x60, 0xFA, 0x60, 0xFA, 0x60, 0xFA, 0x60, 0xFA, 0x60, 0xFA, 0x60, 0xFA, 0x60, 0xFA, 0x60, 0xFA,
    0x60, 0xFA, 0x60, 0xFA, 0x60, 0xFA, 0x60, 0xFA, 0x60, 0xFA, 0x60, 0xFA, 0x60, 0xFA, 0x60, 0xFA,
    0x60, 0xFA, 0x60, 0xFA, 0x60, 0xFA, 0x60, 0xFA, 0x60, 0xFA, 0x60, 0xFA, 0x60, 0xFA, 0x60, 0xFA,
    0x60, 0xFA, 0x60, 0xFA, 0x60, 0xFA, 0x60, 0xFA, 0x60, 0xFA, 0x60, 0xFA, 0x60, 0xFA, 0x60, 0xFA,
    0x60, 0xFA, 0x60, 0xFA, 0x60, 0xFA, 0x60, 0xFA, 0x60, 0xFA, 0x60, 0xFA, 0x60, 0xFA, 0x60, 0xFA,
    0x60, 0xFA, 0x60, 0xFA, 0x60, 0xFA, 0x60, 0xFA, 0x60, 0xFA, 0x40, 0xFA, 0x20, 0xFA, 0x03, 0xFB,
    0x6C, 0xFC, 0x71, 0xFD, 0xB3, 0xFD, 0xB2, 0xFD, 0xB3, 0xFD, 0xB3, 0xFD, 0xD3, 0xFD, 0xD3, 0xFD,
    0xB3, 0xFD, 0xB3, 0xFD, 0xB3, 0xFD, 0xB2, 0xFD, 0x30, 0xFD, 0x2A, 0xFC, 0xC2, 0xFA, 0x20, 0xFA,
    0x40, 0xFA, 0x60, 0xFA, 0x60, 0xFA, 0x60, 0xFA, 0x60, 0xFA, 0x60, 0xFA, 0x60, 0xFA, 0x60, 0xFA,
    0x60, 0xFA, 0x60, 0xFA, 0x60, 0xFA, 0x60, 0xFA, 0x60, 0xFA, 0x60, 0xFA, 0x60, 0xFA, 0x60, 0xFA,
    0x60, 0xFA, 0x60, 0xFA, 0x60, 0xFA, 0x60, 0xFA, 0x60, 0xFA, 0x60, 0xFA, 0x60, 0xFA, 0x60, 0xFA,
    0x60, 0xFA, 0x60, 0xFA, 0x60, 0xFA, 0x60, 0xFA, 0x60, 0xFA, 0x60, 0xFA, 0x60, 0xFA, 0x60, 0xFA,
    0x60, 0xFA, 0x60, 0xFA, 0x60, 0xFA, 0x60, 0xFA, 0x60, 0xFA, 0x60, 0xFA, 0x60, 0xFA, 0x60, 0xFA,
    0x60, 0xFA, 0x60, 0xFA, 0x60, 0xFA, 0x60, 0xFA, 0x60, 0xFA, 0x60, 0xFA, 0x60, 0xFA, 0x60, 0xFA,
    0x60, 0xFA, 0x60, 0xFA, 0x60, 0xFA, 0x60, 0xFA, 0x60, 0xFA, 0x60, 0xFA, 0x60, 0xFA, 0x60, 0xFA,
    0x60, 0xFA, 0x60, 0xFA, 0x60, 0xFA, 0x60, 0xFA, 0x60, 0xFA, 0x40, 0xFA, 0x20, 0xFA, 0xA1, 0xFA,
    0xA7, 0xFB, 0xCE, 0xFC, 0x92, 0xFD, 0xF3, 0xFD, 0xD3, 0xFD, 0xB2, 0xFD, 0xB2, 0xFD, 0xB2, 0xFD,
    0xB2, 0xFD, 0xD3, 0xFD, 0xF4, 0xFD, 0x71, 0xFD, 0x6B, 0xFC, 0x45, 0xFB, 0x81, 0xFA, 0x40, 0xFA,
    0x40, 0xFA, 0x60, 0xFA, 0x60, 0xFA, 0x60, 0xFA, 0x60, 0xFA, 0x60, 0xFA, 0x60, 0xFA, 0x60, 0xFA,
    0x60, 0xFA, 0x60, 0xFA, 0x60, 0xFA, 0x60, 0xFA, 0x60, 0xFA, 0x60, 0xFA, 0x60, 0xFA, 0x60, 0xFA,
    0x60, 0xFA, 0x60, 0xFA, 0x60, 0xFA, 0x60, 0xFA, 0x60, 0xFA, 0x60, 0xFA, 0x60, 0xFA, 0x60, 0xFA,
    0x60, 0xFA, 0x60, 0xFA, 0x60, 0xFA, 0x60, 0xFA, 0x60, 0xFA, 0x60, 0xFA, 0x60, 0xFA, 0x60, 0xFA,
    0x60, 0xFA, 0x60, 0xFA, 0x60, 0xFA, 0x60, 0xFA, 0x60, 0xFA, 0x60, 0xFA, 0x60, 0xFA, 0x60, 0xFA,
    0x60, 0xFA, 0x60, 0xFA, 0x60, 0xFA, 0x60, 0xFA, 0x60, 0xFA, 0x60, 0xFA, 0x60, 0xFA, 0x60, 0xFA,
    0x60, 0xFA, 0x60, 0xFA, 0x60, 0xFA, 0x60, 0xFA, 0x60, 0xFA, 0x60, 0xFA, 0x60, 0xFA, 0x60, 0xFA,
    0x60, 0xFA, 0x60, 0xFA, 0x60, 0xFA, 0x60, 0xFA, 0x60, 0xFA, 0x40, 0xFA, 0x40, 0xFA, 0x60, 0xFA,
    0xC2, 0xFA, 0xE9, 0xFB, 0x50, 0xFD, 0xF4, 0xFD, 0xF4, 0xFD, 0xB2, 0xFD, 0xB3, 0xFD, 0xB2, 0xFD,
    0xB2, 0xFD, 0xD4, 0xFD, 0xF4, 0xFD, 0x30, 0xFD, 0x87, 0xFB, 0x81, 0xFA, 0x40, 0xFA, 0x60, 0xFA,
    0x40, 0xFA, 0x60, 0xFA, 0x60, 0xFA, 0x60, 0xFA, 0x60, 0xFA, 0x60, 0xFA, 0x60, 0xFA, 0x60, 0xFA,
    0x60, 0xFA, 0x60, 0xFA, 0x60, 0xFA, 0x60, 0xFA, 0x60, 0xFA, 0x60, 0xFA, 0x60, 0xFA, 0x60, 0xFA,
    0x60, 0xFA, 0x60, 0xFA, 0x60, 0xFA, 0x60, 0xFA, 0x60, 0xFA, 0x60, 0xFA, 0x60, 0xFA, 0x60, 0xFA,
    0x60, 0xFA, 0x60, 0xFA, 0x60, 0xFA, 0x60, 0xFA, 0x60, 0xFA, 0x60, 0xFA, 0x60, 0xFA, 0x60, 0xFA,
    0x60, 0xFA, 0x60, 0xFA, 0x60, 0xFA, 0x60, 0xFA, 0x60, 0xFA, 0x60, 0xFA, 0x60, 0xFA, 0x60, 0xFA,
    0x60, 0xFA, 0x60, 0xFA, 0x60, 0xFA, 0x60, 0xFA, 0x60, 0xFA, 0x60, 0xFA, 0x60, 0xFA, 0x60, 0xFA,
    0x60, 0xFA, 0x60, 0xFA, 0x60, 0xFA, 0x60, 0xFA, 0x60, 0xFA, 0x60, 0xFA, 0x60, 0xFA, 0x60, 0xFA,
    0x60, 0xFA, 0x60, 0xFA, 0x60, 0xFA, 0x60, 0xFA, 0x60, 0xFA, 0x60, 0xFA, 0x60, 0xFA, 0x40, 0xFA,
    0x40, 0xFA, 0x45, 0xFB, 0xCE, 0xFC, 0xD3, 0xFD, 0xD3, 0xFD, 0xB2, 0xFD, 0xB3, 0xFD, 0xB3, 0xFD,
    0xB2, 0xFD, 0xD3, 0xFD, 0xB3, 0xFD, 0xAD, 0xFC, 0x04, 0xFB, 0x20, 0xFA, 0x20, 0xFA, 0x60, 0xFA,
    0x60, 0xFA, 0x60, 0xFA, 0x60, 0xFA, 0x60, 0xFA, 0x60, 0xFA, 0x60, 0xFA, 0x60, 0xFA, 0x60, 0xFA,
    0x60, 0xFA, 0x60, 0xFA, 0x60, 0xFA, 0x60, 0xFA, 0x60, 0xFA, 0x60, 0xFA, 0x60, 0xFA, 0x60, 0xFA,
    0x60, 0xFA, 0x60, 0xFA, 0x60, 0xFA, 0x60, 0xFA, 0x60, 0xFA, 0x60, 0xFA, 0x60, 0xFA, 0x60, 0xFA,
    0x60, 0xFA, 0x60, 0xFA, 0x60, 0xFA, 0x60, 0xFA, 0x60, 0xFA, 0x60, 0xFA, 0x60, 0xFA, 0x60, 0xFA,
    0x60, 0xFA, 0x60, 0xFA, 0x60, 0xFA, 0x60, 0xFA, 0x60, 0xFA, 0x60, 0xFA, 0x60, 0xFA, 0x60, 0xFA,
    0x60, 0xFA, 0x60, 0xFA, 0x60, 0xFA, 0x60, 0xFA, 0x60, 0xFA, 0x60, 0xFA, 0x60, 0xFA, 0x60, 0xFA,
    0x60, 0xFA, 0x60, 0xFA, 0x60, 0xFA, 0x60, 0xFA, 0x60, 0xFA, 0x60, 0xFA, 0x60, 0xFA, 0x60, 0xFA,
    0x60, 0xFA, 0x60, 0xFA, 0x60, 0xFA, 0x60, 0xFA, 0x60, 0xFA, 0x60, 0xFA, 0x60, 0xFA, 0x40, 0xFA,
    0x20, 0xFA, 0xC2, 0xFA, 0x2A, 0xFC, 0x30, 0xFD, 0xB2, 0xFD, 0xB3, 0xFD, 0xB3, 0xFD, 0xD3, 0xFD,
    0xD3, 0xFD, 0x92, 0xFD, 0xEF, 0xFC, 0xE9, 0xFB, 0xA2, 0xFA, 0x20, 0xFA, 0x40, 0xFA, 0x60, 0xFA,
    0x60, 0xFA, 0x60, 0xFA, 0x60, 0xFA, 0x60, 0xFA, 0x60, 0xFA, 0x60, 0xFA, 0x60, 0xFA, 0x60, 0xFA,
    0x60, 0xFA, 0x60, 0xFA, 0x60, 0xFA, 0x60, 0xFA, 0x60, 0xFA, 0x60, 0xFA, 0x60, 0xFA, 0x60, 0xFA,
    0x60, 0xFA, 0x60, 0xFA, 0x60, 0xFA, 0x60, 0xFA, 0x60, 0xFA, 0x60, 0xFA, 0x60, 0xFA, 0x60, 0xFA,
    0x60, 0xFA, 0x60, 0xFA, 0x60, 0xFA, 0x60, 0xFA, 0x60, 0xFA, 0x60, 0xFA, 0x60, 0xFA, 0x60, 0xFA,
    0x60, 0xFA, 0x60, 0xFA, 0x60, 0xFA, 0x60, 0xFA, 0x60, 0xFA, 0x60, 0xFA, 0x60, 0xFA, 0x60, 0xFA,
    0x60, 0xFA, 0x60, 0xFA, 0x60, 0xFA, 0x60, 0xFA, 0x60, 0xFA, 0x60, 0xFA, 0x60, 0xFA, 0x60, 0xFA,
    0x60, 0xFA, 0x60, 0xFA, 0x60, 0xFA, 0x60, 0xFA, 0x60, 0xFA, 0x60, 0xFA, 0x60, 0xFA, 0x60, 0xFA,
    0x60, 0xFA, 0x60, 0xFA, 0x60, 0xFA, 0x60, 0xFA, 0x60, 0xFA, 0x60, 0xFA, 0x60, 0xFA, 0x40, 0xFA,
    0x40, 0xFA, 0x81, 0xFA, 0x46, 0xFB, 0x6C, 0xFC, 0x71, 0xFD, 0xF4, 0xFD, 0xD3, 0xFD, 0xD3, 0xFD,
    0xF4, 0xFD, 0x71, 0xFD, 0x2A, 0xFC, 0x04, 0xFB, 0x81, 0xFA, 0x40, 0xFA, 0x40, 0xFA, 0x60, 0xFA,
    0x60, 0xFA, 0x60, 0xFA, 0x60, 0xFA, 0x60, 0xFA, 0x60, 0xFA, 0x60, 0xFA, 0x60, 0xFA, 0x60, 0xFA,
    0x60, 0xFA, 0x60, 0xFA, 0x60, 0xFA, 0x60, 0xFA, 0x60, 0xFA, 0x60, 0xFA, 0x60, 0xFA, 0x60, 0xFA,
    0x60, 0xFA, 0x60, 0xFA, 0x60, 0xFA, 0x60, 0xFA, 0x60, 0xFA, 0x60, 0xFA, 0x60, 0xFA, 0x60, 0xFA,
    0x60, 0xFA, 0x60, 0xFA, 0x60, 0xFA, 0x60, 0xFA, 0x60, 0xFA, 0x60, 0xFA, 0x60, 0xFA, 0x60, 0xFA,
    0x60, 0xFA, 0x60, 0xFA, 0x60, 0xFA, 0x60, 0xFA, 0x60, 0xFA, 0x60, 0xFA, 0x60, 0xFA, 0x60, 0xFA,
    0x60, 0xFA, 0x60, 0xFA, 0x60, 0xFA, 0x60, 0xFA, 0x60, 0xFA, 0x60, 0xFA, 0x60, 0xFA, 0x60, 0xFA,
    0x60, 0xFA, 0x60, 0xFA, 0x60, 0xFA, 0x60, 0xFA, 0x60, 0xFA, 0x60, 0xFA, 0x60, 0xFA, 0x60, 0xFA,
    0x60, 0xFA, 0x60, 0xFA, 0x60, 0xFA, 0x60, 0xFA, 0x60, 0xFA, 0x60, 0xFA, 0x60, 0xFA, 0x40, 0xFA,
    0x60, 0xFA, 0x40, 0xFA, 0x81, 0xFA, 0x87, 0xFB, 0x30, 0xFD, 0xF4, 0xFD, 0xD3, 0xFD, 0xD3, 0xFD,
    0xF4, 0xFD, 0x0F, 0xFD, 0x66, 0xFB, 0x61, 0xFA, 0x40, 0xFA, 0x60, 0xFA, 0x60, 0xFA, 0x60, 0xFA,
    0x60, 0xFA, 0x60, 0xFA, 0x60, 0xFA, 0x60, 0xFA, 0x60, 0xFA, 0x60, 0xFA, 0x60, 0xFA, 0x60, 0xFA,
    0x60, 0xFA, 0x60, 0xFA, 0x60, 0xFA, 0x60, 0xFA, 0x60, 0xFA, 0x60, 0xFA, 0x60, 0xFA, 0x60, 0xFA,
    0x60, 0xFA, 0x60, 0xFA, 0x60, 0xFA, 0x60, 0xFA, 0x60, 0xFA, 0x60, 0xFA, 0x60, 0xFA, 0x60, 0xFA,
    0x60, 0xFA, 0x60, 0xFA, 0x60, 0xFA, 0x60, 0xFA, 0x60, 0xFA, 0x60, 0xFA, 0x60, 0xFA, 0x60, 0xFA,
    0x60, 0xFA, 0x60, 0xFA, 0x60, 0xFA, 0x60, 0xFA, 0x60, 0xFA, 0x60, 0xFA, 0x60, 0xFA, 0x60, 0xFA,
    0x60, 0xFA, 0x60, 0xFA, 0x60, 0xFA, 0x60, 0xFA, 0x60, 0xFA, 0x60, 0xFA, 0x60, 0xFA, 0x60, 0xFA,
    0x60, 0xFA, 0x60, 0xFA, 0x60, 0xFA, 0x60, 0xFA, 0x60, 0xFA, 0x60, 0xFA, 0x60, 0xFA, 0x60, 0xFA,
    0x60, 0xFA, 0x60, 0xFA, 0x60, 0xFA, 0x60, 0xFA, 0x60, 0xFA, 0x60, 0xFA, 0x60, 0xFA, 0x60, 0xFA,
    0x60, 0xFA, 0x20, 0xFA, 0x20, 0xFA, 0x04, 0xFB, 0x8D, 0xFC, 0xB2, 0xFD, 0xD3, 0xFD, 0xD3, 0xFD,
    0x92, 0xFD, 0x8C, 0xFC, 0xE3, 0xFA, 0x20, 0xFA, 0x40, 0xFA, 0x60, 0xFA, 0x60, 0xFA, 0x60, 0xFA,
    0x60, 0xFA, 0x60, 0xFA, 0x60, 0xFA, 0x60, 0xFA, 0x60, 0xFA, 0x60, 0xFA, 0x60, 0xFA, 0x60, 0xFA,
    0x60, 0xFA, 0x60, 0xFA, 0x60, 0xFA, 0x60, 0xFA, 0x60, 0xFA, 0x60, 0xFA, 0x60, 0xFA, 0x60, 0xFA,
    0x60, 0xFA, 0x60, 0xFA, 0x60, 0xFA, 0x60, 0xFA, 0x60, 0xFA, 0x60, 0xFA, 0x60, 0xFA, 0x60, 0xFA,
    0x60, 0xFA, 0x60, 0xFA, 0x60, 0xFA, 0x60, 0xFA, 0x60, 0xFA, 0x60, 0xFA, 0x60, 0xFA, 0x60, 0xFA,
    0x60, 0xFA, 0x60, 0xFA, 0x60, 0xFA, 0x60, 0xFA, 0x60, 0xFA, 0x60, 0xFA, 0x60, 0xFA, 0x60, 0xFA,
    0x60, 0xFA, 0x60, 0xFA, 0x60, 0xFA, 0x60, 0xFA, 0x60, 0xFA, 0x60, 0xFA, 0x60, 0xFA, 0x60, 0xFA,
    0x60, 0xFA, 0x60, 0xFA, 0x60, 0xFA, 0x60, 0xFA, 0x60, 0xFA, 0x60, 0xFA, 0x60, 0xFA, 0x60, 0xFA,
    0x60, 0xFA, 0x60, 0xFA, 0x60, 0xFA, 0x60, 0xFA, 0x60, 0xFA, 0x60, 0xFA, 0x60, 0xFA, 0x60, 0xFA,
    0x60, 0xFA, 0x40, 0xFA, 0x20, 0xFA, 0xA2, 0xFA, 0xC8, 0xFB, 0x0F, 0xFD, 0xB2, 0xFD, 0x92, 0xFD,
    0xCE, 0xFC, 0xA7, 0xFB, 0xA1, 0xFA, 0x20, 0xFA, 0x40, 0xFA, 0x60, 0xFA, 0x60, 0xFA, 0x60, 0xFA,
    0x60, 0xFA, 0x60, 0xFA, 0x60, 0xFA, 0x60, 0xFA, 0x60, 0xFA, 0x60, 0xFA, 0x60, 0xFA, 0x60, 0xFA,
    0x60, 0xFA, 0x60, 0xFA, 0x60, 0xFA, 0x60, 0xFA, 0x60, 0xFA, 0x60, 0xFA, 0x60, 0xFA, 0x60, 0xFA,
    0x60, 0xFA, 0x60, 0xFA, 0x60, 0xFA, 0x60, 0xFA, 0x60, 0xFA, 0x60, 0xFA, 0x60, 0xFA, 0x60, 0xFA,
    0x60, 0xFA, 0x60, 0xFA, 0x60, 0xFA, 0x60, 0xFA, 0x60, 0xFA, 0x60, 0xFA, 0x60, 0xFA, 0x60, 0xFA,
    0x60, 0xFA, 0x60, 0xFA, 0x60, 0xFA, 0x60, 0xFA, 0x60, 0xFA, 0x60, 0xFA, 0x60, 0xFA, 0x60, 0xFA,
    0x60, 0xFA, 0x60, 0xFA, 0x60, 0xFA, 0x60, 0xFA, 0x60, 0xFA, 0x60, 0xFA, 0x60, 0xFA, 0x60, 0xFA,
    0x60, 0xFA, 0x60, 0xFA, 0x60, 0xFA, 0x60, 0xFA, 0x60, 0xFA, 0x60, 0xFA, 0x60, 0xFA, 0x60, 0xFA,
    0x60, 0xFA, 0x60, 0xFA, 0x60, 0xFA, 0x60, 0xFA, 0x60, 0xFA, 0x60, 0xFA, 0x60, 0xFA, 0x60, 0xFA,
    0x60, 0xFA, 0x40, 0xFA, 0x40, 0xFA, 0x81, 0xFA, 0xE4, 0xFA, 0x2A, 0xFC, 0x92, 0xFD, 0x71, 0xFD,
    0x0A, 0xFC, 0xC3, 0xFA, 0x60, 0xFA, 0x40, 0xFA, 0x40, 0xFA, 0x60, 0xFA, 0x60, 0xFA, 0x60, 0xFA,
    0x60, 0xFA, 0x60, 0xFA, 0x60, 0xFA, 0x60, 0xFA, 0x60, 0xFA, 0x60, 0xFA, 0x60, 0xFA, 0x60, 0xFA,
    0x60, 0xFA, 0x60, 0xFA, 0x60, 0xFA, 0x60, 0xFA, 0x60, 0xFA, 0x60, 0xFA, 0x60, 0xFA, 0x60, 0xFA,
    0x60, 0xFA, 0x60, 0xFA, 0x60, 0xFA, 0x60, 0xFA, 0x60, 0xFA, 0x60, 0xFA, 0x60, 0xFA, 0x60, 0xFA,
    0x60, 0xFA, 0x60, 0xFA, 0x60, 0xFA, 0x60, 0xFA, 0x60, 0xFA, 0x60, 0xFA, 0x60, 0xFA, 0x60, 0xFA,
    0x60, 0xFA, 0x60, 0xFA, 0x60, 0xFA, 0x60, 0xFA, 0x60, 0xFA, 0x60, 0xFA, 0x60, 0xFA, 0x60, 0xFA,
    0x60, 0xFA, 0x60, 0xFA, 0x60, 0xFA, 0x60, 0xFA, 0x60, 0xFA, 0x60, 0xFA, 0x60, 0xFA, 0x60, 0xFA,
    0x60, 0xFA, 0x60, 0xFA, 0x60, 0xFA, 0x60, 0xFA, 0x60, 0xFA, 0x60, 0xFA, 0x60, 0xFA, 0x60, 0xFA,
    0x60, 0xFA, 0x60, 0xFA, 0x60, 0xFA, 0x60, 0xFA, 0x60, 0xFA, 0x60, 0xFA, 0x60, 0xFA, 0x60, 0xFA,
    0x60, 0xFA, 0x60, 0xFA, 0x60, 0xFA, 0x40, 0xFA, 0x40, 0xFA, 0x66, 0xFB, 0x0F, 0xFD, 0x0F, 0xFD,
    0x66, 0xFB, 0x40, 0xFA, 0x40, 0xFA, 0x60, 0xFA, 0x60, 0xFA, 0x60, 0xFA, 0x60, 0xFA, 0x60, 0xFA,
    0x60, 0xFA, 0x60, 0xFA, 0x60, 0xFA, 0x60, 0xFA, 0x60, 0xFA, 0x60, 0xFA, 0x60, 0xFA, 0x60, 0xFA,
    0x60, 0xFA, 0x60, 0xFA, 0x60, 0xFA, 0x60, 0xFA, 0x60, 0xFA, 0x60, 0xFA, 0x60, 0xFA, 0x60, 0xFA,
    0x60, 0xFA, 0x60, 0xFA, 0x60, 0xFA, 0x60, 0xFA, 0x60, 0xFA, 0x60, 0xFA, 0x60, 0xFA, 0x60, 0xFA,
    0x60, 0xFA, 0x60, 0xFA, 0x60, 0xFA, 0x60, 0xFA, 0x60, 0xFA, 0x60, 0xFA, 0x60, 0xFA, 0x60, 0xFA,
    0x60, 0xFA, 0x60, 0xFA, 0x60, 0xFA, 0x60, 0xFA, 0x60, 0xFA, 0x60, 0xFA, 0x60, 0xFA, 0x60, 0xFA,
    0x60, 0xFA, 0x60, 0xFA, 0x60, 0xFA, 0x60, 0xFA, 0x60, 0xFA, 0x60, 0xFA, 0x60, 0xFA, 0x60, 0xFA,
    0x60, 0xFA, 0x60, 0xFA, 0x60, 0xFA, 0x60, 0xFA, 0x60, 0xFA, 0x60, 0xFA, 0x60, 0xFA, 0x60, 0xFA,
    0x60, 0xFA, 0x60, 0xFA, 0x60, 0xFA, 0x60, 0xFA, 0x60, 0xFA, 0x60, 0xFA, 0x60, 0xFA, 0x60, 0xFA,
    0x60, 0xFA, 0x60, 0xFA, 0x60, 0xFA, 0x40, 0xFA, 0x20, 0xFA, 0xE3, 0xFA, 0x2A, 0xFC, 0x2A, 0xFC,
    0xE3, 0xFA, 0x00, 0xFA, 0x20, 0xFA, 0x60, 0xFA, 0x60, 0xFA, 0x60, 0xFA, 0x60, 0xFA, 0x60, 0xFA,
    0x60, 0xFA, 0x60, 0xFA, 0x60, 0xFA, 0x60, 0xFA, 0x60, 0xFA, 0x60, 0xFA, 0x60, 0xFA, 0x60, 0xFA,
    0x60, 0xFA, 0x60, 0xFA, 0x60, 0xFA, 0x60, 0xFA, 0x60, 0xFA, 0x60, 0xFA, 0x60, 0xFA, 0x60, 0xFA,
    0x60, 0xFA, 0x60, 0xFA, 0x60, 0xFA, 0x60, 0xFA, 0x60, 0xFA, 0x60, 0xFA, 0x60, 0xFA, 0x60, 0xFA,
    0x60, 0xFA, 0x60, 0xFA, 0x60, 0xFA, 0x60, 0xFA, 0x60, 0xFA, 0x60, 0xFA, 0x60, 0xFA, 0x60, 0xFA,
    0x60, 0xFA, 0x60, 0xFA, 0x60, 0xFA, 0x60, 0xFA, 0x60, 0xFA, 0x60, 0xFA, 0x60, 0xFA, 0x60, 0xFA,
    0x60, 0xFA, 0x60, 0xFA, 0x60, 0xFA, 0x60, 0xFA, 0x60, 0xFA, 0x60, 0xFA, 0x60, 0xFA, 0x60, 0xFA,
    0x60, 0xFA, 0x60, 0xFA, 0x60, 0xFA, 0x60, 0xFA, 0x60, 0xFA, 0x60, 0xFA, 0x60, 0xFA, 0x60, 0xFA,
    0x60, 0xFA, 0x60, 0xFA, 0x60, 0xFA, 0x60, 0xFA, 0x60, 0xFA, 0x60, 0xFA, 0x60, 0xFA, 0x60, 0xFA,
    0x60, 0xFA, 0x60, 0xFA, 0x60, 0xFA, 0x40, 0xFA, 0x40, 0xFA, 0x81, 0xFA, 0xE3, 0xFA, 0xE3, 0xFA,
    0x81, 0xFA, 0x40, 0xFA, 0x40, 0xFA, 0x60, 0xFA, 0x60, 0xFA, 0x60, 0xFA, 0x60, 0xFA, 0x60, 0xFA,
    0x60, 0xFA, 0x60, 0xFA, 0x60, 0xFA, 0x60, 0xFA, 0x60, 0xFA, 0x60, 0xFA, 0x60, 0xFA, 0x60, 0xFA,
    0x60, 0xFA, 0x60, 0xFA, 0x60, 0xFA, 0x60, 0xFA, 0x60, 0xFA, 0x60, 0xFA, 0x60, 0xFA, 0x60, 0xFA,
    0x60, 0xFA, 0x60, 0xFA, 0x60, 0xFA, 0x60, 0xFA, 0x60, 0xFA, 0x60, 0xFA, 0x60, 0xFA, 0x60, 0xFA,
    0x60, 0xFA, 0x60, 0xFA, 0x60, 0xFA, 0x60, 0xFA, 0x60, 0xFA, 0x60, 0xFA, 0x60, 0xFA, 0x60, 0xFA,
    0x60, 0xFA, 0x60, 0xFA, 0x60, 0xFA, 0x60, 0xFA, 0x60, 0xFA, 0x60, 0xFA, 0x60, 0xFA, 0x60, 0xFA,
    0x60, 0xFA, 0x60, 0xFA, 0x60, 0xFA, 0x60, 0xFA, 0x60, 0xFA, 0x60, 0xFA, 0x60, 0xFA, 0x60, 0xFA,
    0x60, 0xFA, 0x60, 0xFA, 0x60, 0xFA, 0x60, 0xFA, 0x60, 0xFA, 0x60, 0xFA, 0x60, 0xFA, 0x60, 0xFA,
    0x60, 0xFA, 0x60, 0xFA, 0x60, 0xFA, 0x60, 0xFA, 0x60, 0xFA, 0x60, 0xFA, 0x60, 0xFA, 0x60, 0xFA,
    0x60, 0xFA, 0x60, 0xFA, 0x60, 0xFA, 0x60, 0xFA, 0x60, 0xFA, 0x60, 0xFA, 0x40, 0xFA, 0x40, 0xFA,
    0x60, 0xFA, 0x60, 0xFA, 0x60, 0xFA, 0x60, 0xFA, 0x60, 0xFA, 0x60, 0xFA, 0x60, 0xFA, 0x60, 0xFA,
    0x60, 0xFA, 0x60, 0xFA, 0x60, 0xFA, 0x60, 0xFA, 0x60, 0xFA, 0x60, 0xFA, 0x60, 0xFA, 0x60, 0xFA,
    0x60, 0xFA, 0x60, 0xFA, 0x60, 0xFA, 0x60, 0xFA, 0x60, 0xFA, 0x60, 0xFA, 0x60, 0xFA, 0x60, 0xFA,
    0x60, 0xFA, 0x60, 0xFA, 0x60, 0xFA, 0x60, 0xFA, 0x60, 0xFA, 0x60, 0xFA, 0x60, 0xFA, 0x60, 0xFA,
    0x60, 0xFA, 0x60, 0xFA, 0x60, 0xFA, 0x60, 0xFA, 0x60, 0xFA, 0x60, 0xFA, 0x60, 0xFA, 0x60, 0xFA,
    0x60, 0xFA, 0x60, 0xFA, 0x60, 0xFA, 0x60, 0xFA, 0x60, 0xFA, 0x60, 0xFA, 0x60, 0xFA, 0x60, 0xFA,
    0x60, 0xFA, 0x60, 0xFA, 0x60, 0xFA, 0x60, 0xFA, 0x60, 0xFA, 0x60, 0xFA, 0x60, 0xFA, 0x60, 0xFA,
    0x60, 0xFA, 0x60, 0xFA, 0x60, 0xFA, 0x60, 0xFA, 0x60, 0xFA, 0x60, 0xFA, 0x60, 0xFA, 0x60, 0xFA,
    0x60, 0xFA, 0x60, 0xFA, 0x60, 0xFA, 0x60, 0xFA, 0x60, 0xFA, 0x60, 0xFA, 0x60, 0xFA, 0x60, 0xFA,
    0x60, 0xFA, 0x60, 0xFA, 0x60, 0xFA, 0x60, 0xFA, 0x60, 0xFA, 0x40, 0xFA, 0x40, 0xFA, 0x40, 0xFA,
    0x40, 0xFA, 0x60, 0xFA, 0x60, 0xFA, 0x60, 0xFA, 0x60, 0xFA, 0x60, 0xFA, 0x60, 0xFA, 0x60, 0xFA,
    0x60, 0xFA, 0x60, 0xFA, 0x60, 0xFA, 0x60, 0xFA, 0x60, 0xFA, 0x60, 0xFA, 0x60, 0xFA, 0x60, 0xFA,
    0x60, 0xFA, 0x60, 0xFA, 0x60, 0xFA, 0x60, 0xFA, 0x60, 0xFA, 0x60, 0xFA, 0x60, 0xFA, 0x60, 0xFA,
    0x60, 0xFA, 0x60, 0xFA, 0x60, 0xFA, 0x60, 0xFA, 0x60, 0xFA, 0x60, 0xFA, 0x60, 0xFA, 0x60, 0xFA,
    0x60, 0xFA, 0x60, 0xFA, 0x60, 0xFA, 0x60, 0xFA, 0x60, 0xFA, 0x60, 0xFA, 0x60, 0xFA, 0x60, 0xFA,
    0x60, 0xFA, 0x60, 0xFA, 0x60, 0xFA, 0x60, 0xFA, 0x60, 0xFA, 0x60, 0xFA, 0x60, 0xFA, 0x60, 0xFA,
    0x60, 0xFA, 0x60, 0xFA, 0x60, 0xFA, 0x60, 0xFA, 0x60, 0xFA, 0x60, 0xFA, 0x60, 0xFA, 0x60, 0xFA,
    0x60, 0xFA, 0x60, 0xFA, 0x60, 0xFA, 0x60, 0xFA, 0x60, 0xFA, 0x60, 0xFA, 0x60, 0xFA, 0x60, 0xFA,
    0x60, 0xFA, 0x60, 0xFA, 0x60, 0xFA, 0x60, 0xFA, 0x60, 0xFA, 0x60, 0xFA, 0x60, 0xFA, 0x60, 0xFA,
    0x60, 0xFA, 0x60, 0xFA, 0x60, 0xFA, 0x60, 0xFA, 0x60, 0xFA, 0x60, 0xFA, 0x60, 0xFA, 0x60, 0xFA,
    0x60, 0xFA, 0x60, 0xFA, 0x60, 0xFA, 0x60, 0xFA, 0x60, 0xFA, 0x60, 0xFA, 0x60, 0xFA, 0x60, 0xFA,
    0x60, 0xFA, 0x60, 0xFA, 0x60, 0xFA, 0x60, 0xFA, 0x60, 0xFA, 0x60, 0xFA, 0x60, 0xFA, 0x60, 0xFA,
    0x60, 0xFA, 0x60, 0xFA, 0x60, 0xFA, 0x60, 0xFA, 0x60, 0xFA, 0x60, 0xFA, 0x60, 0xFA, 0x60, 0xFA,
    0x60, 0xFA, 0x60, 0xFA, 0x60, 0xFA, 0x60, 0xFA, 0x60, 0xFA, 0x60, 0xFA, 0x60, 0xFA, 0x60, 0xFA,
    0x60, 0xFA, 0x60, 0xFA, 0x60, 0xFA, 0x60, 0xFA, 0x60, 0xFA, 0x60, 0xFA, 0x60, 0xFA, 0x60, 0xFA,
    0x60, 0xFA, 0x60, 0xFA, 0x60, 0xFA, 0x60, 0xFA, 0x60, 0xFA, 0x60, 0xFA, 0x60, 0xFA, 0x60, 0xFA,
    0x60, 0xFA, 0x60, 0xFA, 0x60, 0xFA, 0x60, 0xFA, 0x60, 0xFA, 0x60, 0xFA, 0x60, 0xFA, 0x60, 0xFA,
    0x60, 0xFA, 0x60, 0xFA, 0x60, 0xFA, 0x60, 0xFA, 0x60, 0xFA, 0x60, 0xFA, 0x60, 0xFA, 0x60, 0xFA,
    0x60, 0xFA, 0x60, 0xFA, 0x60, 0xFA, 0x60, 0xFA, 0x60, 0xFA, 0x60, 0xFA, 0x60, 0xFA, 0x60, 0xFA,
    0x60, 0xFA, 0x60, 0xFA, 0x60, 0xFA, 0x60, 0xFA, 0x60, 0xFA, 0x60, 0xFA, 0x60, 0xFA, 0x60, 0xFA,
    0x60, 0xFA, 0x60, 0xFA, 0x60, 0xFA, 0x60, 0xFA, 0x60, 0xFA, 0x60, 0xFA, 0x60, 0xFA, 0x60, 0xFA,
    0x60, 0xFA, 0x60, 0xFA, 0x60, 0xFA, 0x60, 0xFA, 0x60, 0xFA, 0x60, 0xFA, 0x60, 0xFA, 0x60, 0xFA,
    0x60, 0xFA, 0x60, 0xFA, 0x60, 0xFA, 0x60, 0xFA, 0x60, 0xFA, 0x60, 0xFA, 0x60, 0xFA, 0x60, 0xFA,
    0x60, 0xFA, 0x60, 0xFA, 0x60, 0xFA, 0x60, 0xFA, 0x60, 0xFA, 0x60, 0xFA, 0x60, 0xFA, 0x60, 0xFA,
    0x60, 0xFA, 0x60, 0xFA, 0x60, 0xFA, 0x60, 0xFA, 0x60, 0xFA, 0x60, 0xFA, 0x60, 0xFA, 0x60, 0xFA,
    0x60, 0xFA, 0x60, 0xFA, 0x60, 0xFA, 0x60, 0xFA, 0x60, 0xFA, 0x60, 0xFA, 0x60, 0xFA, 0x60, 0xFA,
    0x60, 0xFA, 0x60, 0xFA, 0x60, 0xFA, 0x60, 0xFA, 0x60, 0xFA, 0x60, 0xFA, 0x60, 0xFA, 0x60, 0xFA,
    0x60, 0xFA, 0x60, 0xFA, 0x60, 0xFA, 0x60, 0xFA, 0x60, 0xFA, 0x60, 0xFA, 0x60, 0xFA, 0x60, 0xFA,
    0x60, 0xFA, 0x60, 0xFA, 0x60, 0xFA, 0x60, 0xFA, 0x60, 0xFA, 0x60, 0xFA, 0x60, 0xFA, 0x60, 0xFA,
    0x60, 0xFA, 0x60, 0xFA, 0x60, 0xFA, 0x60, 0xFA, 0x60, 0xFA, 0x60, 0xFA, 0x60, 0xFA, 0x60, 0xFA,
    0x60, 0xFA, 0x60, 0xFA, 0x60, 0xFA, 0x60, 0xFA, 0x60, 0xFA, 0x60, 0xFA, 0x60, 0xFA, 0x60, 0xFA,
    0x60, 0xFA, 0x60, 0xFA, 0x60, 0xFA, 0x60, 0xFA, 0x60, 0xFA, 0x60, 0xFA, 0x60, 0xFA, 0x60, 0xFA,
    0x60, 0xFA, 0x60, 0xFA, 0x60, 0xFA, 0x60, 0xFA, 0x60, 0xFA, 0x60, 0xFA, 0x60, 0xFA, 0x60, 0xFA,
    0x60, 0xFA, 0x60, 0xFA, 0x60, 0xFA, 0x60, 0xFA, 0x60, 0xFA, 0x60, 0xFA, 0x60, 0xFA, 0x60, 0xFA,
    0x60, 0xFA, 0x60, 0xFA, 0x60, 0xFA, 0x60, 0xFA, 0x60, 0xFA, 0x60, 0xFA, 0x60, 0xFA, 0x60, 0xFA,
    0x60, 0xFA, 0x60, 0xFA, 0x60, 0xFA, 0x60, 0xFA, 0x60, 0xFA, 0x60, 0xFA, 0x60, 0xFA, 0x60, 0xFA,
    0x60, 0xFA, 0x60, 0xFA, 0x60, 0xFA, 0x60, 0xFA, 0x60, 0xFA, 0x60, 0xFA, 0x60, 0xFA, 0x60, 0xFA,
    0x60, 0xFA, 0x60, 0xFA, 0x60, 0xFA, 0x60, 0xFA, 0x60, 0xFA, 0x60, 0xFA, 0x60, 0xFA, 0x60, 0xFA,
    0x60, 0xFA, 0x60, 0xFA, 0x60, 0xFA, 0x60, 0xFA, 0x60, 0xFA, 0x60, 0xFA, 0x60, 0xFA, 0x60, 0xFA,
    0x60, 0xFA, 0x60, 0xFA, 0x60, 0xFA, 0x60, 0xFA, 0x60, 0xFA, 0x60, 0xFA, 0x60, 0xFA, 0x60, 0xFA,
    0x60, 0xFA, 0x60, 0xFA, 0x60, 0xFA, 0x60, 0xFA, 0x60, 0xFA, 0x60, 0xFA, 0x60, 0xFA, 0x60, 0xFA,
    0x60, 0xFA, 0x60, 0xFA, 0x60, 0xFA, 0x60, 0xFA, 0x60, 0xFA, 0x60, 0xFA, 0x60, 0xFA, 0x60, 0xFA,
    0x60, 0xFA, 0x60, 0xFA, 0x60, 0xFA, 0x60, 0xFA, 0x60, 0xFA, 0x60, 0xFA, 0x60, 0xFA, 0x60, 0xFA,
    0x60, 0xFA, 0x60, 0xFA, 0x60, 0xFA, 0x60, 0xFA, 0x60, 0xFA, 0x60, 0xFA, 0x60, 0xFA, 0x60, 0xFA,
    0x60, 0xFA, 0x60, 0xFA, 0x60, 0xFA, 0x60, 0xFA, 0x60, 0xFA, 0x60, 0xFA, 0x60, 0xFA, 0x60, 0xFA,
    0x60, 0xFA, 0x60, 0xFA, 0x60, 0xFA, 0x60, 0xFA, 0x60, 0xFA, 0x60, 0xFA, 0x60, 0xFA, 0x60, 0xFA,
    0x60, 0xFA, 0x60, 0xFA, 0x60, 0xFA, 0x60, 0xFA, 0x60, 0xFA, 0x60, 0xFA, 0x60, 0xFA, 0x60, 0xFA,
    0x60, 0xFA, 0x60, 0xFA, 0x60, 0xFA, 0x60, 0xFA, 0x60, 0xFA, 0x60, 0xFA, 0x60, 0xFA, 0x60, 0xFA,
    0x60, 0xFA, 0x60, 0xFA, 0x60, 0xFA, 0x60, 0xFA, 0x60, 0xFA, 0x60, 0xFA, 0x60, 0xFA, 0x60, 0xFA,
    0x60, 0xFA, 0x60, 0xFA, 0x60, 0xFA, 0x60, 0xFA, 0x60, 0xFA, 0x60, 0xFA, 0x60, 0xFA, 0x60, 0xFA,
    0x60, 0xFA, 0x60, 0xFA, 0x60, 0xFA, 0x60, 0xFA, 0x60, 0xFA, 0x60, 0xFA, 0x60, 0xFA, 0x60, 0xFA,
    0x60, 0xFA, 0x60, 0xFA, 0x60, 0xFA, 0x60, 0xFA, 0x60, 0xFA, 0x60, 0xFA, 0x60, 0xFA, 0x60, 0xFA,
    0x60, 0xFA, 0x60, 0xFA, 0x60, 0xFA, 0x60, 0xFA, 0x60, 0xFA, 0x60, 0xFA, 0x60, 0xFA, 0x60, 0xFA,
    0x60, 0xFA, 0x60, 0xFA, 0x60, 0xFA, 0x60, 0xFA, 0x60, 0xFA, 0x60, 0xFA, 0x60, 0xFA, 0x60, 0xFA,
    0x60, 0xFA, 0x60, 0xFA, 0x60, 0xFA, 0x60, 0xFA, 0x60, 0xFA, 0x60, 0xFA, 0x60, 0xFA, 0x60, 0xFA,
    0x60, 0xFA, 0x60, 0xFA, 0x60, 0xFA, 0x60, 0xFA, 0x60, 0xFA, 0x60, 0xFA, 0x60, 0xFA, 0x60, 0xFA,
    0x60, 0xFA, 0x60, 0xFA, 0x60, 0xFA, 0x60, 0xFA, 0x60, 0xFA, 0x60, 0xFA, 0x60, 0xFA, 0x60, 0xFA,
    0x60, 0xFA, 0x60, 0xFA, 0x60, 0xFA, 0x60, 0xFA, 0x60, 0xFA, 0x60, 0xFA, 0x60, 0xFA, 0x60, 0xFA,
    0x60, 0xFA, 0x60, 0xFA, 0x60, 0xFA, 0x60, 0xFA, 0x60, 0xFA, 0x60, 0xFA, 0x60, 0xFA, 0x60, 0xFA,
    0x60, 0xFA, 0x60, 0xFA, 0x60, 0xFA, 0x60, 0xFA, 0x60, 0xFA, 0x60, 0xFA, 0x60, 0xFA, 0x60, 0xFA,
    0x60, 0xFA, 0x60, 0xFA, 0x60, 0xFA, 0x60, 0xFA, 0x60, 0xFA, 0x60, 0xFA, 0x60, 0xFA, 0x60, 0xFA,
    0x60, 0xFA, 0x60, 0xFA, 0x60, 0xFA, 0x60, 0xFA, 0x60, 0xFA, 0x60, 0xFA, 0x60, 0xFA, 0x60, 0xFA,
    0x60, 0xFA, 0x60, 0xFA, 0x60, 0xFA, 0x60, 0xFA, 0x60, 0xFA, 0x60, 0xFA, 0x60, 0xFA, 0x60, 0xFA,
    0x60, 0xFA, 0x60, 0xFA, 0x60, 0xFA, 0x60, 0xFA, 0x60, 0xFA, 0x60, 0xFA, 0x60, 0xFA, 0x60, 0xFA,
    0x60, 0xFA, 0x60, 0xFA, 0x60, 0xFA, 0x60, 0xFA, 0x60, 0xFA, 0x60, 0xFA, 0x60, 0xFA, 0x60, 0xFA,
    0x60, 0xFA, 0x60, 0xFA, 0x60, 0xFA, 0x60, 0xFA, 0x60, 0xFA, 0x60, 0xFA, 0x60, 0xFA, 0x60, 0xFA,
    0x60, 0xFA, 0x60, 0xFA, 0x60, 0xFA, 0x60, 0xFA, 0x60, 0xFA, 0x60, 0xFA, 0x60, 0xFA, 0x60, 0xFA,
    0x60, 0xFA, 0x60, 0xFA, 0x60, 0xFA, 0x60, 0xFA, 0x60, 0xFA, 0x60, 0xFA, 0x60, 0xFA, 0x60, 0xFA,
    0x60, 0xFA, 0x60, 0xFA, 0x60, 0xFA, 0x60, 0xFA, 0x60, 0xFA, 0x60, 0xFA, 0x60, 0xFA, 0x60, 0xFA,
    0x60, 0xFA, 0x60, 0xFA, 0x60, 0xFA, 0x60, 0xFA, 0x60, 0xFA, 0x60, 0xFA, 0x60, 0xFA, 0x60, 0xFA,
    0x60, 0xFA, 0x60, 0xFA, 0x60, 0xFA, 0x60, 0xFA, 0x60, 0xFA, 0x60, 0xFA, 0x60, 0xFA, 0x60, 0xFA,
    0x60, 0xFA, 0x60, 0xFA, 0x60, 0xFA, 0x60, 0xFA, 0x60, 0xFA, 0x60, 0xFA, 0x60, 0xFA, 0x60, 0xFA,
    0x60, 0xFA, 0x60, 0xFA, 0x60, 0xFA, 0x60, 0xFA, 0x60, 0xFA, 0x60, 0xFA, 0x60, 0xFA, 0x60, 0xFA,
    0x60, 0xFA, 0x60, 0xFA, 0x60, 0xFA, 0x60, 0xFA, 0x60, 0xFA, 0x60, 0xFA, 0x60, 0xFA, 0x60, 0xFA,
    0x60, 0xFA, 0x60, 0xFA, 0x60, 0xFA, 0x60, 0xFA, 0x60, 0xFA, 0x60, 0xFA, 0x60, 0xFA, 0x60, 0xFA,
    0x60, 0xFA, 0x60, 0xFA, 0x60, 0xFA, 0x60, 0xFA, 0x60, 0xFA, 0x60, 0xFA, 0x60, 0xFA, 0x60, 0xFA,
    0x60, 0xFA, 0x60, 0xFA, 0x60, 0xFA, 0x60, 0xFA, 0x60, 0xFA, 0x60, 0xFA, 0x60, 0xFA, 0x60, 0xFA,
    0x60, 0xFA, 0x60, 0xFA, 0x60, 0xFA, 0x60, 0xFA, 0x60, 0xFA, 0x60, 0xFA, 0x60, 0xFA, 0x60, 0xFA,
    0x60, 0xFA, 0x60, 0xFA, 0x60, 0xFA, 0x60, 0xFA, 0x60, 0xFA, 0x60, 0xFA, 0x60, 0xFA, 0x60, 0xFA,
    0x60, 0xFA, 0x60, 0xFA, 0x60, 0xFA, 0x60, 0xFA, 0x60, 0xFA, 0x60, 0xFA, 0x60, 0xFA, 0x60, 0xFA,
    0x60, 0xFA, 0x60, 0xFA, 0x60, 0xFA, 0x60, 0xFA, 0x60, 0xFA, 0x60, 0xFA, 0x60, 0xFA, 0x60, 0xFA,
    0x60, 0xFA, 0x60, 0xFA, 0x60, 0xFA, 0x60, 0xFA, 0x60, 0xFA, 0x60, 0xFA, 0x60, 0xFA, 0x60, 0xFA,
    0x60, 0xFA, 0x60, 0xFA, 0x60, 0xFA, 0x60, 0xFA, 0x60, 0xFA, 0x60, 0xFA, 0x60, 0xFA, 0x60, 0xFA,
    0x60, 0xFA, 0x60, 0xFA, 0x60, 0xFA, 0x60, 0xFA, 0x60, 0xFA, 0x60, 0xFA, 0x60, 0xFA, 0x60, 0xFA,
    0x60, 0xFA, 0x60, 0xFA, 0x60, 0xFA, 0x60, 0xFA, 0x60, 0xFA, 0x60, 0xFA, 0x60, 0xFA, 0x60, 0xFA,
    0x60, 0xFA, 0x60, 0xFA, 0x60, 0xFA, 0x60, 0xFA, 0x60, 0xFA, 0x60, 0xFA, 0x60, 0xFA, 0x60, 0xFA,
    0x60, 0xFA, 0x60, 0xFA, 0x60, 0xFA, 0x60, 0xFA, 0x60, 0xFA, 0x60, 0xFA, 0x60, 0xFA, 0x60, 0xFA,
    0x60, 0xFA, 0x60, 0xFA, 0x60, 0xFA, 0x60, 0xFA, 0x60, 0xFA, 0x60, 0xFA, 0x60, 0xFA, 0x60, 0xFA,
    0x60, 0xFA, 0x60, 0xFA, 0x60, 0xFA, 0x60, 0xFA, 0x60, 0xFA, 0x60, 0xFA, 0x60, 0xFA, 0x60, 0xFA,
    0x60, 0xFA, 0x60, 0xFA, 0x60, 0xFA, 0x60, 0xFA, 0x60, 0xFA, 0x60, 0xFA, 0x60, 0xFA, 0x60, 0xFA,
    0x60, 0xFA, 0x60, 0xFA, 0x60, 0xFA, 0x60, 0xFA, 0x60, 0xFA, 0x60, 0xFA, 0x60, 0xFA, 0x60, 0xFA,
    0x60, 0xFA, 0x60, 0xFA, 0x60, 0xFA, 0x60, 0xFA, 0x60, 0xFA, 0x60, 0xFA, 0x60, 0xFA, 0x60, 0xFA,
    0x60, 0xFA, 0x60, 0xFA, 0x60, 0xFA, 0x60, 0xFA, 0x60, 0xFA, 0x60, 0xFA, 0x60, 0xFA, 0x60, 0xFA,
    0x60, 0xFA, 0x60, 0xFA, 0x60, 0xFA, 0x60, 0xFA, 0x60, 0xFA, 0x60, 0xFA, 0x60, 0xFA, 0x60, 0xFA,
    0x60, 0xFA, 0x60, 0xFA, 0x60, 0xFA, 0x60, 0xFA, 0x60, 0xFA, 0x60, 0xFA, 0x60, 0xFA, 0x60, 0xFA,
    0x60, 0xFA, 0x60, 0xFA, 0x60, 0xFA, 0x60, 0xFA, 0x60, 0xFA, 0x60, 0xFA, 0x60, 0xFA, 0x60, 0xFA,
    0x60, 0xFA, 0x60, 0xFA, 0x60, 0xFA, 0x60, 0xFA, 0x60, 0xFA, 0x60, 0xFA, 0x60, 0xFA, 0x60, 0xFA,
    0x60, 0xFA, 0x60, 0xFA, 0x60, 0xFA, 0x60, 0xFA, 0x60, 0xFA, 0x60, 0xFA, 0x60, 0xFA, 0x60, 0xFA,
    0x60, 0xFA, 0x60, 0xFA, 0x60, 0xFA, 0x60, 0xFA, 0x60, 0xFA, 0x60, 0xFA, 0x60, 0xFA, 0x60, 0xFA,
    0x60, 0xFA, 0x60, 0xFA, 0x60, 0xFA, 0x60, 0xFA, 0x60, 0xFA, 0x60, 0xFA, 0x60, 0xFA, 0x60, 0xFA,
    0x60, 0xFA, 0x60, 0xFA, 0x60, 0xFA, 0x60, 0xFA, 0x60, 0xFA, 0x60, 0xFA, 0x60, 0xFA, 0x60, 0xFA,
    0x60, 0xFA, 0x60, 0xFA, 0x60, 0xFA, 0x60, 0xFA, 0x60, 0xFA, 0x60, 0xFA, 0x60, 0xFA, 0x60, 0xFA,
    0x60, 0xFA, 0x60, 0xFA, 0x60, 0xFA, 0x60, 0xFA, 0x60, 0xFA, 0x60, 0xFA, 0x60, 0xFA, 0x60, 0xFA,
    0x60, 0xFA, 0x60, 0xFA, 0x60, 0xFA, 0x60, 0xFA, 0x60, 0xFA, 0x60, 0xFA, 0x60, 0xFA, 0x60, 0xFA,
    0x60, 0xFA, 0x60, 0xFA, 0x60, 0xFA, 0x60, 0xFA, 0x60, 0xFA, 0x60, 0xFA, 0x60, 0xFA, 0x60, 0xFA,
    0x60, 0xFA, 0x60, 0xFA, 0x60, 0xFA, 0x60, 0xFA, 0x60, 0xFA, 0x60, 0xFA, 0x60, 0xFA, 0x60, 0xFA,
    0x60, 0xFA, 0x60, 0xFA, 0x60, 0xFA, 0x60, 0xFA, 0x60, 0xFA, 0x60, 0xFA, 0x60, 0xFA, 0x60, 0xFA,
    0x60, 0xFA, 0x60, 0xFA, 0x60, 0xFA, 0x60, 0xFA, 0x60, 0xFA, 0x60, 0xFA, 0x60, 0xFA, 0x60, 0xFA,
    0x60, 0xFA, 0x60, 0xFA, 0x60, 0xFA, 0x60, 0xFA, 0x60, 0xFA, 0x60, 0xFA, 0x60, 0xFA, 0x60, 0xFA,
    0x60, 0xFA, 0x60, 0xFA, 0x60, 0xFA, 0x60, 0xFA, 0x60, 0xFA, 0x60, 0xFA, 0x60, 0xFA, 0x60, 0xFA,
    0x60, 0xFA, 0x60, 0xFA, 0x60, 0xFA, 0x60, 0xFA, 0x60, 0xFA, 0x60, 0xFA, 0x60, 0xFA, 0x60, 0xFA,
    0x60, 0xFA, 0x60, 0xFA, 0x60, 0xFA, 0x60, 0xFA, 0x60, 0xFA, 0x60, 0xFA, 0x60, 0xFA, 0x60, 0xFA,
    0x60, 0xFA, 0x60, 0xFA, 0x60, 0xFA, 0x60, 0xFA, 0x60, 0xFA, 0x60, 0xFA, 0x60, 0xFA, 0x60, 0xFA,
    0x60, 0xFA, 0x60, 0xFA, 0x60, 0xFA, 0x60, 0xFA, 0x60, 0xFA, 0x60, 0xFA, 0x60, 0xFA, 0x60, 0xFA,
    0xFF, 0xFF, 0xFF, 0xFF, 0xFF, 0xFF, 0xFF, 0xFF, 0xFF, 0xFF, 0xFF, 0xFF, 0xFF, 0xFF, 0xFF, 0xFF,
    0xFF, 0xFF, 0xFF, 0xFF, 0xFF, 0xFF, 0xFF, 0xFF, 0xFF, 0xFF, 0xFF, 0xFF, 0xFF, 0xFF, 0xFF, 0xFF,
    0xFF, 0xFF, 0xFF, 0xFF, 0xFF, 0xFF, 0xFF, 0xFF, 0xFF, 0xFF, 0xFF, 0xFF, 0xFF, 0xFF, 0xFF, 0xFF,
    0xFF, 0xFF, 0xFF, 0xFF, 0xFF, 0xFF, 0xFF, 0xFF, 0xFF, 0xFF, 0xFF, 0xFF, 0xFF, 0xFF, 0xFF, 0xFF,
    0xFF, 0xFF, 0xFF, 0xFF, 0xFF, 0xFF, 0xFF, 0xFF, 0xFF, 0xFF, 0xFF, 0xFF, 0xFF, 0xFF, 0xFF, 0xFF,
    0xFF, 0xFF, 0xFF, 0xFF, 0xFF, 0xFF, 0xFF, 0xFF, 0xFF, 0xFF, 0xFF, 0xFF, 0xFF, 0xFF, 0xFF, 0xFF,
    0xFF, 0xFF, 0xFF, 0xFF, 0xFF, 0xFF, 0xFF, 0xFF, 0xFF, 0xFF, 0xFF, 0xFF, 0xFF, 0xFF, 0xFF, 0xFF,
    0xFF, 0xFF, 0xFF, 0xFF, 0xFF, 0xFF, 0xFF, 0xFF, 0xFF, 0xFF, 0xFF, 0xFF, 0xFF, 0xFF, 0xFF, 0xFF,
    0xFF, 0xFF, 0xFF, 0xFF, 0xFF, 0xFF, 0xFF, 0xFF, 0xFF, 0xFF, 0xFF, 0xFF, 0xFF, 0xFF, 0xFF, 0xFF,
    0xFF, 0xFF, 0xFF, 0xFF, 0xFF, 0xFF, 0xFF, 0xFF, 0xFF, 0xFF, 0xFF, 0xFF, 0xFF, 0xFF, 0xFF, 0xFF,
    0xFF, 0xFF, 0xFF, 0xFF, 0xFF, 0xFF, 0xFF, 0xFF, 0xFF, 0xFF, 0xFF, 0xFF, 0xFF, 0xFF, 0xFF, 0xFF,
    0xFF, 0xFF, 0xFF, 0xFF, 0xFF, 0xFF, 0xFF, 0xFF, 0xFF, 0xFF, 0xFF, 0xFF, 0xFF, 0xFF, 0xFF, 0xFF,
    0xFF, 0xFF, 0xFF, 0xFF, 0xFF, 0xFF, 0xFF, 0xFF, 0xFF, 0xFF, 0xFF, 0xFF, 0xFF, 0xFF, 0xFF, 0xFF,
    0xFF, 0xFF, 0xFF, 0xFF, 0xFF, 0xFF, 0xFF, 0xFF, 0xFF, 0xFF, 0xFF, 0xFF, 0xFF, 0xFF, 0xFF, 0xFF,
    0xFF, 0xFF, 0xFF, 0xFF, 0xFF, 0xFF, 0xFF, 0xFF, 0xFF, 0xFF, 0xFF, 0xFF, 0xFF, 0xFF, 0xFF, 0xFF,
    0xFF, 0xFF, 0xFF, 0xFF, 0xFF, 0xFF, 0xFF, 0xFF, 0xFF, 0xFF, 0xFF, 0xFF, 0xFF, 0xFF, 0xFF, 0xFF,
    0xFF, 0xFF, 0xFF, 0xFF, 0xFF, 0xFF, 0xFF, 0xFF, 0xFF, 0xFF, 0xFF, 0xFF, 0xFF, 0xFF, 0xFF, 0xFF,
    0xFF, 0xFF, 0xFF, 0xFF, 0xFF, 0xFF, 0xFF, 0xFF, 0xFF, 0xFF, 0xFF, 0xFF, 0xFF, 0xFF, 0xFF, 0xFF,
    0xFF, 0xFF, 0xFF, 0xFF, 0xFF, 0xFF, 0xFF, 0xFF, 0xFF, 0xFF, 0xFF, 0xFF, 0xFF, 0xFF, 0xFF, 0xFF,
    0xFF, 0xFF, 0xFF, 0xFF, 0xFF, 0xFF, 0xFF, 0xFF, 0xFF, 0xFF, 0xFF, 0xFF, 0xFF, 0xFF, 0xFF, 0xFF,
    0xFF, 0xFF, 0xFF, 0xFF, 0xFF, 0xFF, 0xFF, 0xFF, 0xFF, 0xFF, 0xFF, 0xFF, 0xFF, 0xFF, 0xFF, 0xFF,
    0xFF, 0xFF, 0xFF, 0xFF, 0xFF, 0xFF, 0xFF, 0xFF, 0xFF, 0xFF, 0xFF, 0xFF, 0xFF, 0xFF, 0xFF, 0xFF,
    0xFF, 0xFF, 0xFF, 0xFF, 0xFF, 0xFF, 0xFF, 0xFF, 0xFF, 0xFF, 0xFF, 0xFF, 0xFF, 0xFF, 0xFF, 0xFF,
    0xFF, 0xFF, 0xFF, 0xFF, 0xFF, 0xFF, 0xFF, 0xFF, 0xFF, 0xFF, 0xFF, 0xFF, 0xFF, 0xFF, 0xFF, 0xFF,
    0xFF, 0xFF, 0xFF, 0xFF, 0xFF, 0xFF, 0xFF, 0xFF, 0xFF, 0xFF, 0xFF, 0xFF, 0xFF, 0xFF, 0xFF, 0xFF,
    0xFF, 0xFF, 0xFF, 0xFF, 0xFF, 0xFF, 0xFF, 0xFF, 0xFF, 0xFF, 0xFF, 0xFF, 0xFF, 0xFF, 0xFF, 0xFF,
    0xFF, 0xFF, 0xFF, 0xFF, 0xFF, 0xFF, 0xFF, 0xFF, 0xFF, 0xFF, 0xFF, 0xFF, 0xFF, 0xFF, 0xFF, 0xFF,
    0xFF, 0xFF, 0xFF, 0xFF, 0xFF, 0xFF, 0xFF, 0xFF, 0xFF, 0xFF, 0xFF, 0xFF, 0xFF, 0xFF, 0xFF, 0xFF,
    0xFF, 0xFF, 0xFF, 0xFF, 0xFF, 0xFF, 0xFF, 0xFF, 0xFF, 0xFF, 0xFF, 0xFF, 0xFF, 0xFF, 0xFF, 0xFF,
    0xFF, 0xFF, 0xFF, 0xFF, 0xFF, 0xFF, 0xFF, 0xFF, 0xFF, 0xFF, 0xFF, 0xFF, 0xFF, 0xFF, 0xFF, 0xFF,
    0xFF, 0xFF, 0xFF, 0xFF, 0xFF, 0xFF, 0xFF, 0xFF, 0xFF, 0xFF, 0xFF, 0xFF, 0xFF, 0xFF, 0xFF, 0xFF,
    0xFF, 0xFF, 0xFF, 0xFF, 0xFF, 0xFF, 0xFF, 0xFF, 0xFF, 0xFF, 0xFF, 0xFF, 0xFF, 0xFF, 0xFF, 0xFF,
    0xFF, 0xFF, 0xFF, 0xFF, 0xFF, 0xFF, 0xFF, 0xFF, 0xFF, 0xFF, 0xFF, 0xFF, 0xFF, 0xFF, 0xFF, 0xFF,
    0xFF, 0xFF, 0xFF, 0xFF, 0xFF, 0xFF, 0xFF, 0xFF, 0xFF, 0xFF, 0xFF, 0xFF, 0xFF, 0xFF, 0xFF, 0xFF,
    0xFF, 0xFF, 0xFF, 0xFF, 0xFF, 0xFF, 0xFF, 0xFF, 0xFF, 0xFF, 0xFF, 0xFF, 0xFF, 0xFF, 0xFF, 0xFF,
    0xFF, 0xFF, 0xFF, 0xFF, 0xFF, 0xFF, 0xFF, 0xFF, 0xFF, 0xFF, 0xFF, 0xFF, 0xFF, 0xFF, 0xFF, 0xFF,
    0xFF, 0xFF, 0xFF, 0xFF, 0xFF, 0xFF, 0xFF, 0xFF, 0xFF, 0xFF, 0xFF, 0xFF, 0xFF, 0xFF, 0xFF, 0xFF,
    0xFF, 0xFF, 0xFF, 0xFF, 0xFF, 0xFF, 0xFF, 0xFF, 0xFF, 0xFF, 0xFF, 0xFF, 0xFF, 0xFF, 0xFF, 0xFF,
    0xFF, 0xFF, 0xFF, 0xFF, 0xFF, 0xFF, 0xFF, 0xFF, 0xFF, 0xFF, 0xFF, 0xFF, 0xFF, 0xFF, 0xFF, 0xFF,
    0xFF, 0xFF, 0xFF, 0xFF, 0xFF, 0xFF, 0xFF, 0xFF, 0xFF, 0xFF, 0xFF, 0xFF, 0xFF, 0xFF, 0xFF, 0xFF,
    0xFF, 0xFF, 0xFF, 0xFF, 0xFF, 0xFF, 0xFF, 0xFF, 0xFF, 0xFF, 0xFF, 0xFF, 0xFF, 0xFF, 0xFF, 0xFF,
    0xFF, 0xFF, 0xFF, 0xFF, 0xFF, 0xFF, 0xFF, 0xFF, 0xFF, 0xFF, 0xFF, 0xFF, 0xFF, 0xFF, 0xFF, 0xFF,
    0xFF, 0xFF, 0xFF, 0xFF, 0xFF, 0xFF, 0xFF, 0xFF, 0xFF, 0xFF, 0xFF, 0xFF, 0xFF, 0xFF, 0xFF, 0xFF,
    0xFF, 0xFF, 0xFF, 0xFF, 0xFF, 0xFF, 0xFF, 0xFF, 0xFF, 0xFF, 0xFF, 0xFF, 0xFF, 0xFF, 0xFF, 0xFF,
    0xFF, 0xFF, 0xFF, 0xFF, 0xFF, 0xFF, 0xFF, 0xFF, 0xFF, 0xFF, 0xFF, 0xFF, 0xFF, 0xFF, 0xFF, 0xFF,
    0xFF, 0xFF, 0xFF, 0xFF, 0xFF, 0xFF, 0xFF, 0xFF, 0xFF, 0xFF, 0xFF, 0xFF, 0xFF, 0xFF, 0xFF, 0xFF,
    0xFF, 0xFF, 0xFF, 0xFF, 0xFF, 0xFF, 0xFF, 0xFF, 0xFF, 0xFF, 0xFF, 0xFF, 0xFF, 0xFF, 0xFF, 0xFF,
    0xFF, 0xFF, 0xFF, 0xFF, 0xFF, 0xFF, 0xFF, 0xFF, 0xFF, 0xFF, 0xFF, 0xFF, 0xFF, 0xFF, 0xFF, 0xFF,
    0xFF, 0xFF, 0xFF, 0xFF, 0xFF, 0xFF, 0xFF, 0xFF, 0xFF, 0xFF, 0xFF, 0xFF, 0xFF, 0xFF, 0xFF, 0xFF,
    0xFF, 0xFF, 0xFF, 0xFF, 0xFF, 0xFF, 0xFF, 0xFF, 0xFF, 0xFF, 0xFF, 0xFF, 0xFF, 0xFF, 0xFF, 0xFF,
    0xFF, 0xFF, 0xFF, 0xFF, 0xFF, 0xFF, 0xFF, 0xFF, 0xFF, 0xFF, 0xFF, 0xFF, 0xFF, 0xFF, 0xFF, 0xFF,
    0xFF, 0xFF, 0xFF, 0xFF, 0xFF, 0xFF, 0xFF, 0xFF, 0xFF, 0xFF, 0xFF, 0xFF, 0xFF, 0xFF, 0xFF, 0xFF,
    0xFF, 0xFF, 0xFF, 0xFF, 0xFF, 0xFF, 0xFF, 0xFF, 0xFF, 0xFF, 0xFF, 0xFF, 0xFF, 0xFF, 0xFF, 0xFF,
    0xFF, 0xFF, 0xFF, 0xFF, 0xFF, 0xFF, 0xFF, 0xFF, 0xFF, 0xFF, 0xFF, 0xFF, 0xFF, 0xFF, 0xFF, 0xFF,
    0xFF, 0xFF, 0xFF, 0xFF, 0xFF, 0xFF, 0xFF, 0xFF, 0xFF, 0xFF, 0xFF, 0xFF, 0xFF, 0xFF, 0xFF, 0xFF,
    0xFF, 0xFF, 0xFF, 0xFF, 0xFF, 0xFF, 0xFF, 0xFF, 0xFF, 0xFF, 0xFF, 0xFF, 0xFF, 0xFF, 0xFF, 0xFF,
    0xFF, 0xFF, 0xFF, 0xFF, 0xFF, 0xFF, 0xFF, 0xFF, 0xFF, 0xFF, 0xFF, 0xFF, 0xFF, 0xFF, 0xFF, 0xFF,
    0xFF, 0xFF, 0xFF, 0xFF, 0xFF, 0xFF, 0xFF, 0xFF, 0xFF, 0xFF, 0xFF, 0xFF, 0xFF, 0xFF, 0xFF, 0xFF,
    0xFF, 0xFF, 0xFF, 0xFF, 0xFF, 0xFF, 0xFF, 0xFF, 0xFF, 0xFF, 0xFF, 0xFF, 0xFF, 0xFF, 0xFF, 0xFF,
    0xFF, 0xFF, 0xFF, 0xFF, 0xFF, 0xFF, 0xFF, 0xFF, 0xFF, 0xFF, 0xFF, 0xFF, 0xFF, 0xFF, 0xFF, 0xFF,
    0xFF, 0xFF, 0xFF, 0xFF, 0xFF, 0xFF, 0xFF, 0xFF, 0xFF, 0xFF, 0xFF, 0xFF, 0xFF, 0xFF, 0xFF, 0xFF,
    0xFF, 0xFF, 0xFF, 0xFF, 0xFF, 0xFF, 0xFF, 0xFF, 0xFF, 0xFF, 0xFF, 0xFF, 0xFF, 0xFF, 0xFF, 0xFF,
    0xFF, 0xFF, 0xFF, 0xFF, 0xFF, 0xFF, 0xFF, 0xFF, 0xFF, 0xFF, 0xFF, 0xFF, 0xFF, 0xFF, 0xFF, 0xFF,
    0xFF, 0xFF, 0xFF, 0xFF, 0xFF, 0xFF, 0xFF, 0xFF, 0xFF, 0xFF, 0xFF, 0xFF, 0xFF, 0xFF, 0xFF, 0xFF,
    0xFF, 0xFF, 0xFF, 0xFF, 0xFF, 0xFF, 0xFF, 0xFF, 0xFF, 0xFF, 0xFF, 0xFF, 0xFF, 0xFF, 0xFF, 0xFF,
    0xFF, 0xFF, 0xFF, 0xFF, 0xFF, 0xFF, 0xFF, 0xFF, 0xFF, 0xFF, 0xFF, 0xFF, 0xFF, 0xFF, 0xFF, 0xFF,
    0xFF, 0xFF, 0xFF, 0xFF, 0xFF, 0xFF, 0xFF, 0xFF, 0xFF, 0xFF, 0xFF, 0xFF, 0xFF, 0xFF, 0xFF, 0xFF,
    0xFF, 0xFF, 0xFF, 0xFF, 0xFF, 0xFF, 0xFF, 0xFF, 0xFF, 0xFF, 0xFF, 0xFF, 0xFF, 0xFF, 0xFF, 0xFF,
    0xFF, 0xFF, 0xFF, 0xFF, 0xFF, 0xFF, 0xFF, 0xFF, 0xFF, 0xFF, 0xFF, 0xFF, 0xFF, 0xFF, 0xFF, 0xFF,
    0xFF, 0xFF, 0xFF, 0xFF, 0xFF, 0xFF, 0xFF, 0xFF, 0xFF, 0xFF, 0xFF, 0xFF, 0xFF, 0xFF, 0xFF, 0xFF,
    0xFF, 0xFF, 0xFF, 0xFF, 0xFF, 0xFF, 0xFF, 0xFF, 0xFF, 0xFF, 0xFF, 0xFF, 0xFF, 0xFF, 0xFF, 0xFF,
    0xFF, 0xFF, 0xFF, 0xFF, 0xFF, 0xFF, 0xFF, 0xFF, 0xFF, 0xFF, 0xFF, 0xFF, 0xFF, 0xFF, 0xFF, 0xFF,
    0xFF, 0xFF, 0xFF, 0xFF, 0xFF, 0xFF, 0xFF, 0xFF, 0xFF, 0xFF, 0xFF, 0xFF, 0xFF, 0xFF, 0xFF, 0xFF,
    0xFF, 0xFF, 0xFF, 0xFF, 0xFF, 0xFF, 0xFF, 0xFF, 0xFF, 0xFF, 0xFF, 0xFF, 0xFF, 0xFF, 0xFF, 0xFF,
    0xFF, 0xFF, 0xFF, 0xFF, 0xFF, 0xFF, 0xFF, 0xFF, 0xFF, 0xFF, 0xFF, 0xFF, 0xFF, 0xFF, 0xFF, 0xFF,
    0xFF, 0xFF, 0xFF, 0xFF, 0xFF, 0xFF, 0xFF, 0xFF, 0xFF, 0xFF, 0xFF, 0xFF, 0xFF, 0xFF, 0xFF, 0xFF,
    0xFF, 0xFF, 0xFF, 0xFF, 0xFF, 0xFF, 0xFF, 0xFF, 0xFF, 0xFF, 0xFF, 0xFF, 0xFF, 0xFF, 0xFF, 0xFF,
    0xFF, 0xFF, 0xFF, 0xFF, 0xFF, 0xFF, 0xFF, 0xFF, 0xFF, 0xFF, 0xFF, 0xFF, 0xFF, 0xFF, 0xFF, 0xFF,
    0xFF, 0xFF, 0xFF, 0xFF, 0xFF, 0xFF, 0xFF, 0xFF, 0xFF, 0xFF, 0xFF, 0xFF, 0xFF, 0xFF, 0xFF, 0xFF,
    0xFF, 0xFF, 0xFF, 0xFF, 0xFF, 0xFF, 0xFF, 0xFF, 0xFF, 0xFF, 0xFF, 0xFF, 0xFF, 0xFF, 0xFF, 0xFF,
    0xFF, 0xFF, 0xFF, 0xFF, 0xFF, 0xFF, 0xFF, 0xFF, 0xFF, 0xFF, 0xFF, 0xFF, 0xFF, 0xFF, 0xFF, 0xFF,
    0xFF, 0xFF, 0xFF, 0xFF, 0xFF, 0xFF, 0xFF, 0xFF, 0xFF, 0xFF, 0xFF, 0xFF, 0xFF, 0xFF, 0xFF, 0xFF,
    0xFF, 0xFF, 0xFF, 0xFF, 0xFF, 0xFF, 0xFF, 0xFF, 0xFF, 0xFF, 0xFF, 0xFF, 0xFF, 0xFF, 0xFF, 0xFF,
    0xFF, 0xFF, 0xFF, 0xFF, 0xFF, 0xFF, 0xFF, 0xFF, 0xFF, 0xFF, 0xFF, 0xFF, 0xFF, 0xFF, 0xFF, 0xFF,
    0xFF, 0xFF, 0xFF, 0xFF, 0xFF, 0xFF, 0xFF, 0xFF, 0xFF, 0xFF, 0xFF, 0xFF, 0xFF, 0xFF, 0xFF, 0xFF,
    0xFF, 0xFF, 0xFF, 0xFF, 0xFF, 0xFF, 0xFF, 0xFF, 0xFF, 0xFF, 0xFF, 0xFF, 0xFF, 0xFF, 0xFF, 0xFF,
    0xFF, 0xFF, 0xFF, 0xFF, 0xFF, 0xFF, 0xFF, 0xFF, 0xFF, 0xFF, 0xFF, 0xFF, 0xFF, 0xFF, 0xFF, 0xFF,
    0xFF, 0xFF, 0xFF, 0xFF, 0xFF, 0xFF, 0xFF, 0xFF, 0xFF, 0xFF, 0xFF, 0xFF, 0xFF, 0xFF, 0xFF, 0xFF,
    0xFF, 0xFF, 0xFF, 0xFF, 0xFF, 0xFF, 0xFF, 0xFF, 0xFF, 0xFF, 0xFF, 0xFF, 0xFF, 0xFF, 0xFF, 0xFF,
    0xFF, 0xFF, 0xFF, 0xFF, 0xFF, 0xFF, 0xFF, 0xFF, 0xFF, 0xFF, 0xFF, 0xFF, 0xFF, 0xFF, 0xFF, 0xFF,
    0xFF, 0xFF, 0xFF, 0xFF, 0xFF, 0xFF, 0xFF, 0xFF, 0xFF, 0xFF, 0xFF, 0xFF, 0xFF, 0xFF, 0xFF, 0xFF,
    0xFF, 0xFF, 0xFF, 0xFF, 0xFF, 0xFF, 0xFF, 0xFF, 0xFF, 0xFF, 0xFF, 0xFF, 0xFF, 0xFF, 0xFF, 0xFF,
    0xFF, 0xFF, 0xFF, 0xFF, 0xFF, 0xFF, 0xFF, 0xFF, 0xFF, 0xFF, 0xFF, 0xFF, 0xFF, 0xFF, 0xFF, 0xFF,
    0xFF, 0xFF, 0xFF, 0xFF, 0xFF, 0xFF, 0xFF, 0xFF, 0xFF, 0xFF, 0xFF, 0xFF, 0xFF, 0xFF, 0xFF, 0xFF,
    0xFF, 0xFF, 0xFF, 0xFF, 0xFF, 0xFF, 0xFF, 0xFF, 0xFF, 0xFF, 0xFF, 0xFF, 0xFF, 0xFF, 0xFF, 0xFF,
    0xFF, 0xFF, 0xFF, 0xFF, 0xFF, 0xFF, 0xFF, 0xFF, 0xFF, 0xFF, 0xFF, 0xFF, 0xFF, 0xFF, 0xFF, 0xFF,
    0xFF, 0xFF, 0xFF, 0xFF, 0xFF, 0xFF, 0xFF, 0xFF, 0xFF, 0xFF, 0xFF, 0xFF, 0xFF, 0xFF, 0xFF, 0xFF,
    0xFF, 0xFF, 0xFF, 0xFF, 0xFF, 0xFF, 0xFF, 0xFF, 0xFF, 0xFF, 0xFF, 0xFF, 0xFF, 0xFF, 0xFF, 0xFF,
    0xFF, 0xFF, 0xFF, 0xFF, 0xFF, 0xFF, 0xFF, 0xFF, 0xFF, 0xFF, 0xFF, 0xFF, 0xFF, 0xFF, 0xFF, 0xFF,
    0xFF, 0xFF, 0xFF, 0xFF, 0xFF, 0xFF, 0xFF, 0xFF, 0xFF, 0xFF, 0xFF, 0xFF, 0xFF, 0xFF, 0xFF, 0xFF,
    0xFF, 0xFF, 0xFF, 0xFF, 0xFF, 0xFF, 0xFF, 0xFF, 0xFF, 0xFF, 0xFF, 0xFF, 0xFF, 0xFF, 0xFF, 0xFF,
    0xFF, 0xFF, 0xFF, 0xFF, 0xFF, 0xFF, 0xFF, 0xFF, 0xFF, 0xFF, 0xFF, 0xFF, 0xFF, 0xFF, 0xFF, 0xFF,
    0xFF, 0xFF, 0xFF, 0xFF, 0xFF, 0xFF, 0xFF, 0xFF, 0xFF, 0xFF, 0xFF, 0xFF, 0xFF, 0xFF, 0xFF, 0xFF,
    0xFF, 0xFF, 0xFF, 0xFF, 0xFF, 0xFF, 0xFF, 0xFF, 0xFF, 0xFF, 0xFF, 0xFF, 0xFF, 0xFF, 0xFF, 0xFF,
    0xFF, 0xFF, 0xFF, 0xFF, 0xFF, 0xFF, 0xFF, 0xFF, 0xFF, 0xFF, 0xFF, 0xFF, 0xFF, 0xFF, 0xFF, 0xFF,
    0xFF, 0xFF, 0xFF, 0xFF, 0xFF, 0xFF, 0xFF, 0xFF, 0xFF, 0xFF, 0xFF, 0xFF, 0xFF, 0xFF, 0xFF, 0xFF,
    0xFF, 0xFF, 0xFF, 0xFF, 0xFF, 0xFF, 0xFF, 0xFF, 0xFF, 0xFF, 0xFF, 0xFF, 0xFF, 0xFF, 0xFF, 0xFF,
    0xFF, 0xFF, 0xFF, 0xFF, 0xFF, 0xFF, 0xFF, 0xFF, 0xFF, 0xFF, 0xFF, 0xFF, 0xFF, 0xFF, 0xFF, 0xFF,
    0xFF, 0xFF, 0xFF, 0xFF, 0xFF, 0xFF, 0xFF, 0xFF, 0xFF, 0xFF, 0xFF, 0xFF, 0xFF, 0xFF, 0xFF, 0xFF,
    0xFF, 0xFF, 0xFF, 0xFF, 0xFF, 0xFF, 0xFF, 0xFF, 0xFF, 0xFF, 0xFF, 0xFF, 0xFF, 0xFF, 0xFF, 0xFF,
    0xFF, 0xFF, 0xFF, 0xFF, 0xFF, 0xFF, 0xFF, 0xFF, 0xFF, 0xFF, 0xFF, 0xFF, 0xFF, 0xFF, 0xFF, 0xFF,
    0xFF, 0xFF, 0xFF, 0xFF, 0xFF, 0xFF, 0xFF, 0xFF, 0xFF, 0xFF, 0xFF, 0xFF, 0xFF, 0xFF, 0xFF, 0xFF,
    0xFF, 0xFF, 0xFF, 0xFF, 0xFF, 0xFF, 0xFF, 0xFF, 0xFF, 0xFF, 0xFF, 0xFF, 0xFF, 0xFF, 0xFF, 0xFF,
    0xFF, 0xFF, 0xFF, 0xFF, 0xFF, 0xFF, 0xFF, 0xFF, 0xFF, 0xFF, 0xFF, 0xFF, 0xFF, 0xFF, 0xFF, 0xFF,
    0xFF, 0xFF, 0xFF, 0xFF, 0xFF, 0xFF, 0xFF, 0xFF, 0xFF, 0xFF, 0xFF, 0xFF, 0xFF, 0xFF, 0xFF, 0xFF,
    0xFF, 0xFF, 0xFF, 0xFF, 0xFF, 0xFF, 0xFF, 0xFF, 0xFF, 0xFF, 0xFF, 0xFF, 0xFF, 0xFF, 0xFF, 0xFF,
    0xFF, 0xFF, 0xFF, 0xFF, 0xFF, 0xFF, 0xFF, 0xFF, 0xFF, 0xFF, 0xFF, 0xFF, 0xFF, 0xFF, 0xFF, 0xFF,
    0xFF, 0xFF, 0xFF, 0xFF, 0xFF, 0xFF, 0xFF, 0xFF, 0xFF, 0xFF, 0xFF, 0xFF, 0xFF, 0xFF, 0xFF, 0xFF,
    0xFF, 0xFF, 0xFF, 0xFF, 0xFF, 0xFF, 0xFF, 0xFF, 0xFF, 0xFF, 0xFF, 0xFF, 0xFF, 0xFF, 0xFF, 0xFF,
    0xFF, 0xFF, 0xFF, 0xFF, 0xFF, 0xFF, 0xFF, 0xFF, 0xFF, 0xFF, 0xFF, 0xFF, 0xFF, 0xFF, 0xFF, 0xFF,
    0xFF, 0xFF, 0xFF, 0xFF, 0xFF, 0xFF, 0xFF, 0xFF, 0xFF, 0xFF, 0xFF, 0xFF, 0xFF, 0xFF, 0xFF, 0xFF,
    0xFF, 0xFF, 0xFF, 0xFF, 0xFF, 0xFF, 0xFF, 0xFF, 0xFF, 0xFF, 0xFF, 0xFF, 0xFF, 0xFF, 0xFF, 0xFF,
    0xFF, 0xFF, 0xFF, 0xFF, 0xFF, 0xFF, 0xFF, 0xFF, 0xFF, 0xFF, 0xFF, 0xFF, 0xFF, 0xFF, 0xFF, 0xFF,
    0xFF, 0xFF, 0xFF, 0xFF, 0xFF, 0xFF, 0xFF, 0xFF, 0xFF, 0xFF, 0xFF, 0xFF, 0xFF, 0xFF, 0xFF, 0xFF,
    0xFF, 0xFF, 0xFF, 0xFF, 0xFF, 0xFF, 0xFF, 0xFF, 0xFF, 0xFF, 0xFF, 0xFF, 0xFF, 0xFF, 0xFF, 0xFF,
    0xFF, 0xFF, 0xFF, 0xFF, 0xFF, 0xFF, 0xFF, 0xFF, 0xFF, 0xFF, 0xFF, 0xFF, 0xFF, 0xFF, 0xFF, 0xFF,
    0xFF, 0xFF, 0xFF, 0xFF, 0xFF, 0xFF, 0xFF, 0xFF, 0xFF, 0xFF, 0xFF, 0xFF, 0xFF, 0xFF, 0xFF, 0xFF,
    0xFF, 0xFF, 0xFF, 0xFF, 0xFF, 0xFF, 0xFF, 0xFF, 0xFF, 0xFF, 0xFF, 0xFF, 0xFF, 0xFF, 0xFF, 0xFF,
    0xFF, 0xFF, 0xFF, 0xFF, 0xFF, 0xFF, 0xFF, 0xFF, 0xFF, 0xFF, 0xFF, 0xFF, 0xFF, 0xFF, 0xFF, 0xFF,
    0xFF, 0xFF, 0xFF, 0xFF, 0xFF, 0xFF, 0xFF, 0xFF, 0xFF, 0xFF, 0xFF, 0xFF, 0xFF, 0xFF, 0xFF, 0xFF,
    0xFF, 0xFF, 0xFF, 0xFF, 0xFF, 0xFF, 0xFF, 0xFF, 0xFF, 0xFF, 0xFF, 0xFF, 0xFF, 0xFF, 0xFF, 0xFF,
    0xFF, 0xFF, 0xFF, 0xFF, 0xFF, 0xFF, 0xFF, 0xFF, 0xFF, 0xFF, 0xFF, 0xFF, 0xFF, 0xFF, 0xFF, 0xFF,
    0xFF, 0xFF, 0xFF, 0xFF, 0xFF, 0xFF, 0xFF, 0xFF, 0xFF, 0xFF, 0xFF, 0xFF, 0xFF, 0xFF, 0xFF, 0xFF,
    0xFF, 0xFF, 0xFF, 0xFF, 0xFF, 0xFF, 0xFF, 0xFF, 0xFF, 0xFF, 0xFF, 0xFF, 0xFF, 0xFF, 0xFF, 0xFF,
    0xFF, 0xFF, 0xFF, 0xFF, 0xFF, 0xFF, 0xFF, 0xFF, 0xFF, 0xFF, 0xFF, 0xFF, 0xFF, 0xFF, 0xFF, 0xFF,
    0xFF, 0xFF, 0xFF, 0xFF, 0xFF, 0xFF, 0xFF, 0xFF, 0xFF, 0xFF, 0xFF, 0xFF, 0xFF, 0xFF, 0xFF, 0xFF,
    0xFF, 0xFF, 0xFF, 0xFF, 0xFF, 0xFF, 0xFF, 0xFF, 0xFF, 0xFF, 0xFF, 0xFF, 0xFF, 0xFF, 0xFF, 0xFF,
    0xFF, 0xFF, 0xFF, 0xFF, 0xFF, 0xFF, 0xFF, 0xFF, 0xFF, 0xFF, 0xFF, 0xFF, 0xFF, 0xFF, 0xFF, 0xFF,
    0xFF, 0xFF, 0xFF, 0xFF, 0xFF, 0xFF, 0xFF, 0xFF, 0xFF, 0xFF, 0xFF, 0xFF, 0xFF, 0xFF, 0xFF, 0xFF,
    0xFF, 0xFF, 0xFF, 0xFF, 0xFF, 0xFF, 0xFF, 0xFF, 0xFF, 0xFF, 0xFF, 0xFF, 0xFF, 0xFF, 0xFF, 0xFF,
    0xFF, 0xFF, 0xFF, 0xFF, 0xFF, 0xFF, 0xFF, 0xFF, 0xFF, 0xFF, 0xFF, 0xFF, 0xFF, 0xFF, 0xFF, 0xFF,
    0xFF, 0xFF, 0xFF, 0xFF, 0xFF, 0xFF, 0xFF, 0xFF, 0xFF, 0xFF, 0xFF, 0xFF, 0xFF, 0xFF, 0xFF, 0xFF,
    0xFF, 0xFF, 0xFF, 0xFF, 0xFF, 0xFF, 0xFF, 0xFF, 0xFF, 0xFF, 0xFF, 0xFF, 0xFF, 0xFF, 0xFF, 0xFF,
    0xFF, 0xFF, 0xFF, 0xFF, 0xFF, 0xFF, 0xFF, 0xFF, 0xFF, 0xFF, 0xFF, 0xFF, 0xFF, 0xFF, 0xFF, 0xFF,
    0xFF, 0xFF, 0xFF, 0xFF, 0xFF, 0xFF, 0xFF, 0xFF, 0xFF, 0xFF, 0xFF, 0xFF, 0xFF, 0xFF, 0xFF, 0xFF,
    0xFF, 0xFF, 0xFF, 0xFF, 0xFF, 0xFF, 0xFF, 0xFF, 0xFF, 0xFF, 0xFF, 0xFF, 0xFF, 0xFF, 0xFF, 0xFF,
    0xFF, 0xFF, 0xFF, 0xFF, 0xFF, 0xFF, 0xFF, 0xFF, 0xFF, 0xFF, 0xFF, 0xFF, 0xFF, 0xFF, 0xFF, 0xFF,
    0xFF, 0xFF, 0xFF, 0xFF, 0xFF, 0xFF, 0xFF, 0xFF, 0xFF, 0xFF, 0xFF, 0xFF, 0xFF, 0xFF, 0xFF, 0xFF,
    0xFF, 0xFF, 0xFF, 0xFF, 0xFF, 0xFF, 0xFF, 0xFF, 0xFF, 0xFF, 0xFF, 0xFF, 0xFF, 0xFF, 0xFF, 0xFF,
    0xFF, 0xFF, 0xFF, 0xFF, 0xFF, 0xFF, 0xFF, 0xFF, 0xFF, 0xFF, 0xFF, 0xFF, 0xFF, 0xFF, 0xFF, 0xFF,
    0xFF, 0xFF, 0xFF, 0xFF, 0xFF, 0xFF, 0xFF, 0xFF, 0xFF, 0xFF, 0xFF, 0xFF, 0xFF, 0xFF, 0xFF, 0xFF,
    0xFF, 0xFF, 0xFF, 0xFF, 0xFF, 0xFF, 0xFF, 0xFF, 0xFF, 0xFF, 0xFF, 0xFF, 0xFF, 0xFF, 0xFF, 0xFF,
    0xFF, 0xFF, 0xFF, 0xFF, 0xFF, 0xFF, 0xFF, 0xFF, 0xFF, 0xFF, 0xFF, 0xFF, 0xFF, 0xFF, 0xFF, 0xFF,
    0xFF, 0xFF, 0xFF, 0xFF, 0xFF, 0xFF, 0xFF, 0xFF, 0xFF, 0xFF, 0xFF, 0xFF, 0xFF, 0xFF, 0xFF, 0xFF,
    0xFF, 0xFF, 0xFF, 0xFF, 0xFF, 0xFF, 0xFF, 0xFF, 0xFF, 0xFF, 0xFF, 0xFF, 0xFF, 0xFF, 0xFF, 0xFF,
    0xFF, 0xFF, 0xFF, 0xFF, 0xFF, 0xFF, 0xFF, 0xFF, 0xFF, 0xFF, 0xFF, 0xFF, 0xFF, 0xFF, 0xFF, 0xFF,
    0xFF, 0xFF, 0xFF, 0xFF, 0xFF, 0xFF, 0xFF, 0xFF, 0xFF, 0xFF, 0xFF, 0xFF, 0xFF, 0xFF, 0xFF, 0xFF,
    0xFF, 0xFF, 0xFF, 0xFF, 0xFF, 0xFF, 0xFF, 0xFF, 0xFF, 0xFF, 0xFF, 0xFF, 0xFF, 0xFF, 0xFF, 0xFF,
    0xFF, 0xFF, 0xFF, 0xFF, 0xFF, 0xFF, 0xFF, 0xFF, 0xFF, 0xFF, 0xFF, 0xFF, 0xFF, 0xFF, 0xFF, 0xFF,
    0xFF, 0xFF, 0xFF, 0xFF, 0xFF, 0xFF, 0xFF, 0xFF, 0xFF, 0xFF, 0xFF, 0xFF, 0xFF, 0xFF, 0xFF, 0xFF,
    0xFF, 0xFF, 0xFF, 0xFF, 0xFF, 0xFF, 0xFF, 0xFF, 0xFF, 0xFF, 0xFF, 0xFF, 0xFF, 0xFF, 0xFF, 0xFF,
    0xFF, 0xFF, 0xFF, 0xFF, 0xFF, 0xFF, 0xFF, 0xFF, 0xFF, 0xFF, 0xFF, 0xFF, 0xFF, 0xFF, 0xFF, 0xFF,
    0xFF, 0xFF, 0xFF, 0xFF, 0xFF, 0xFF, 0xFF, 0xFF, 0xFF, 0xFF, 0xFF, 0xFF, 0xFF, 0xFF, 0xFF, 0xFF,
    0xFF, 0xFF, 0xFF, 0xFF, 0xFF, 0xFF, 0xFF, 0xFF, 0xFF, 0xFF, 0xFF, 0xFF, 0xFF, 0xFF, 0xFF, 0xFF,
    0xFF, 0xFF, 0xFF, 0xFF, 0xFF, 0xFF, 0xFF, 0xFF, 0xFF, 0xFF, 0xFF, 0xFF, 0xFF, 0xFF, 0xFF, 0xFF,
    0xFF, 0xFF, 0xFF, 0xFF, 0xFF, 0xFF, 0xFF, 0xFF, 0xFF, 0xFF, 0xFF, 0xFF, 0xFF, 0xFF, 0xFF, 0xFF,
    0xFF, 0xFF, 0xFF, 0xFF, 0xFF, 0xFF, 0xFF, 0xFF, 0xFF, 0xFF, 0xFF, 0xFF, 0xFF, 0xFF, 0xFF, 0xFF,
    0xFF, 0xFF, 0xFF, 0xFF, 0xFF, 0xFF, 0xFF, 0xFF, 0xFF, 0xFF, 0xFF, 0xFF, 0xFF, 0xFF, 0xFF, 0xFF,
    0xFF, 0xFF, 0xFF, 0xFF, 0xFF, 0xFF, 0xFF, 0xFF, 0xFF, 0xFF, 0xFF, 0xFF, 0xFF, 0xFF, 0xFF, 0xFF,
    0xFF, 0xFF, 0xFF, 0xFF, 0xFF, 0xFF, 0xFF, 0xFF, 0xFF, 0xFF, 0xFF, 0xFF, 0xFF, 0xFF, 0xFF, 0xFF,
    0xFF, 0xFF, 0xFF, 0xFF, 0xFF, 0xFF, 0xFF, 0xFF, 0xFF, 0xFF, 0xFF, 0xFF, 0xFF, 0xFF, 0xFF, 0xFF,
    0xFF, 0xFF, 0xFF, 0xFF, 0xFF, 0xFF, 0xFF, 0xFF, 0xFF, 0xFF, 0xFF, 0xFF, 0xFF, 0xFF, 0xFF, 0xFF,
    0xFF, 0xFF, 0xFF, 0xFF, 0xFF, 0xFF, 0xFF, 0xFF, 0xFF, 0xFF, 0xFF, 0xFF, 0xFF, 0xFF, 0xFF, 0xFF,
    0xFF, 0xFF, 0xFF, 0xFF, 0xFF, 0xFF, 0xFF, 0xFF, 0xFF, 0xFF, 0xFF, 0xFF, 0xFF, 0xFF, 0xFF, 0xFF,
    0xFF, 0xFF, 0xFF, 0xFF, 0xFF, 0xFF, 0xFF, 0xFF, 0xFF, 0xFF, 0xFF, 0xFF, 0xFF, 0xFF, 0xFF, 0xFF,
    0xFF, 0xFF, 0xFF, 0xFF, 0xFF, 0xFF, 0xFF, 0xFF, 0xFF, 0xFF, 0xFF, 0xFF, 0xFF, 0xFF, 0xFF, 0xFF,
    0xFF, 0xFF, 0xFF, 0xFF, 0xFF, 0xFF, 0xFF, 0xFF, 0xFF, 0xFF, 0xFF, 0xFF, 0xFF, 0xFF, 0xFF, 0xFF,
    0xFF, 0xFF, 0xFF, 0xFF, 0xFF, 0xFF, 0xFF, 0xFF, 0xFF, 0xFF, 0xFF, 0xFF, 0xFF, 0xFF, 0xFF, 0xFF,
    0xFF, 0xFF, 0xFF, 0xFF, 0xFF, 0xFF, 0xFF, 0xFF, 0xFF, 0xFF, 0xFF, 0xFF, 0xFF, 0xFF, 0xFF, 0xFF,
    0xFF, 0xFF, 0xFF, 0xFF, 0xFF, 0xFF, 0xFF, 0xFF, 0xFF, 0xFF, 0xFF, 0xFF, 0xFF, 0xFF, 0xFF, 0xFF,
    0xFF, 0xFF, 0xFF, 0xFF, 0xFF, 0xFF, 0xFF, 0xFF, 0xFF, 0xFF, 0xFF, 0xFF, 0xFF, 0xFF, 0xFF, 0xFF,
    0xFF, 0xFF, 0xFF, 0xFF, 0xFF, 0xFF, 0xFF, 0xFF, 0xFF, 0xFF, 0xFF, 0xFF, 0xFF, 0xFF, 0xFF, 0xFF,
    0xFF, 0xFF, 0xFF, 0xFF, 0xFF, 0xFF, 0xFF, 0xFF, 0xFF, 0xFF, 0xFF, 0xFF, 0xFF, 0xFF, 0xFF, 0xFF,
    0xFF, 0xFF, 0xFF, 0xFF, 0xFF, 0xFF, 0xFF, 0xFF, 0xFF, 0xFF, 0xFF, 0xFF, 0xFF, 0xFF, 0xFF, 0xFF,
    0xFF, 0xFF, 0xFF, 0xFF, 0xFF, 0xFF, 0xFF, 0xFF, 0xFF, 0xFF, 0xFF, 0xFF, 0xFF, 0xFF, 0xFF, 0xFF,
    0xFF, 0xFF, 0xFF, 0xFF, 0xFF, 0xFF, 0xFF, 0xFF, 0xFF, 0xFF, 0xFF, 0xFF, 0xFF, 0xFF, 0xFF, 0xFF,
    0xFF, 0xFF, 0xFF, 0xFF, 0xFF, 0xFF, 0xFF, 0xFF, 0xFF, 0xFF, 0xFF, 0xFF, 0xFF, 0xFF, 0xFF, 0xFF,
    0xFF, 0xFF, 0xFF, 0xFF, 0xFF, 0xFF, 0xFF, 0xFF, 0xFF, 0xFF, 0xFF, 0xFF, 0xFF, 0xFF, 0xFF, 0xFF,
    0xFF, 0xFF, 0xFF, 0xFF, 0xFF, 0xFF, 0xFF, 0xFF, 0xFF, 0xFF, 0xFF, 0xFF, 0xFF, 0xFF, 0xFF, 0xFF,
    0xFF, 0xFF, 0xFF, 0xFF, 0xFF, 0xFF, 0xFF, 0xFF, 0xFF, 0xFF, 0xFF, 0xFF, 0xFF, 0xFF, 0xFF, 0xFF,
    0xFF, 0xFF, 0xFF, 0xFF, 0xFF, 0xFF, 0xFF, 0xFF, 0xFF, 0xFF, 0xFF, 0xFF, 0xFF, 0xFF, 0xFF, 0xFF,
    0xFF, 0xFF, 0xFF, 0xFF, 0xFF, 0xFF, 0xFF, 0xFF, 0xFF, 0xFF, 0xFF, 0xFF, 0xFF, 0xFF, 0xFF, 0xFF,
    0xFF, 0xFF, 0xFF, 0xFF, 0xFF, 0xFF, 0xFF, 0xFF, 0xFF, 0xFF, 0xFF, 0xFF, 0xFF, 0xFF, 0xFF, 0xFF,
    0xFF, 0xFF, 0xFF, 0xFF, 0xFF, 0xFF, 0xFF, 0xFF, 0xFF, 0xFF, 0xFF, 0xFF, 0xFF, 0xFF, 0xFF, 0xFF,
    0xFF, 0xFF, 0xFF, 0xFF, 0xFF, 0xFF, 0xFF, 0xFF, 0xFF, 0xFF, 0xFF, 0xFF, 0xFF, 0xFF, 0xFF, 0xFF,
    0xFF, 0xFF, 0xFF, 0xFF, 0xFF, 0xFF, 0xFF, 0xFF, 0xFF, 0xFF, 0xFF, 0xFF, 0xFF, 0xFF, 0xFF, 0xFF,
    0xFF, 0xFF, 0xFF, 0xFF, 0xFF, 0xFF, 0xFF, 0xFF, 0xFF, 0xFF, 0xFF, 0xFF, 0xFF, 0xFF, 0xFF, 0xFF,
    0xFF, 0xFF, 0xFF, 0xFF, 0xFF, 0xFF, 0xFF, 0xFF, 0xFF, 0xFF, 0xFF, 0xFF, 0xFF, 0xFF, 0xFF, 0xFF,
    0xFF, 0xFF, 0xFF, 0xFF, 0xFF, 0xFF, 0xFF, 0xFF, 0xFF, 0xFF, 0xFF, 0xFF, 0xFF, 0xFF, 0xFF, 0xFF,
    0xFF, 0xFF, 0xFF, 0xFF, 0xFF, 0xFF, 0xFF, 0xFF, 0xFF, 0xFF, 0xFF, 0xFF, 0xFF, 0xFF, 0xFF, 0xFF,
    0xFF, 0xFF, 0xFF, 0xFF, 0xFF, 0xFF, 0xFF, 0xFF, 0xFF, 0xFF, 0xFF, 0xFF, 0xFF, 0xFF, 0xFF, 0xFF,
    0xFF, 0xFF, 0xFF, 0xFF, 0xFF, 0xFF, 0xFF, 0xFF, 0xFF, 0xFF, 0xFF, 0xFF, 0xFF, 0xFF, 0xFF, 0xFF,
    0xFF, 0xFF, 0xFF, 0xFF, 0xFF, 0xFF, 0xFF, 0xFF, 0xFF, 0xFF, 0xFF, 0xFF, 0xFF, 0xFF, 0xFF, 0xFF,
    0xFF, 0xFF, 0xFF, 0xFF, 0xFF, 0xFF, 0xFF, 0xFF, 0xFF, 0xFF, 0xFF, 0xFF, 0xFF, 0xFF, 0xFF, 0xFF,
    0xFF, 0xFF, 0xFF, 0xFF, 0xFF, 0xFF, 0xFF, 0xFF, 0xFF, 0xFF, 0xFF, 0xFF, 0xFF, 0xFF, 0xFF, 0xFF,
    0xFF, 0xFF, 0xFF, 0xFF, 0xFF, 0xFF, 0xFF, 0xFF, 0xFF, 0xFF, 0xFF, 0xFF, 0xFF, 0xFF, 0xFF, 0xFF,
    0xFF, 0xFF, 0xFF, 0xFF, 0xFF, 0xFF, 0xFF, 0xFF, 0xFF, 0xFF, 0xFF, 0xFF, 0xFF, 0xFF, 0xFF, 0xFF,
    0xFF, 0xFF, 0xFF, 0xFF, 0xFF, 0xFF, 0xFF, 0xFF, 0xFF, 0xFF, 0xFF, 0xFF, 0xFF, 0xFF, 0xFF, 0xFF,
    0xFF, 0xFF, 0xFF, 0xFF, 0xFF, 0xFF, 0xFF, 0xFF, 0xFF, 0xFF, 0xFF, 0xFF, 0xFF, 0xFF, 0xFF, 0xFF,
    0xFF, 0xFF, 0xFF, 0xFF, 0xFF, 0xFF, 0xFF, 0xFF, 0xFF, 0xFF, 0xFF, 0xFF, 0xFF, 0xFF, 0xFF, 0xFF,
    0xFF, 0xFF, 0xFF, 0xFF, 0xFF, 0xFF, 0xFF, 0xFF, 0xFF, 0xFF, 0xFF, 0xFF, 0xFF, 0xFF, 0xFF, 0xFF,
    0xFF, 0xFF, 0xFF, 0xFF, 0xFF, 0xFF, 0xFF, 0xFF, 0xFF, 0xFF, 0xFF, 0xFF, 0xFF, 0xFF, 0xFF, 0xFF,
    0xFF, 0xFF, 0xFF, 0xFF, 0xFF, 0xFF, 0xFF, 0xFF, 0xFF, 0xFF, 0xFF, 0xFF, 0xFF, 0xFF, 0xFF, 0xFF,
    0xFF, 0xFF, 0xFF, 0xFF, 0xFF, 0xFF, 0xFF, 0xFF, 0xFF, 0xFF, 0xFF, 0xFF, 0xFF, 0xFF, 0xFF, 0xFF,
    0xFF, 0xFF, 0xFF, 0xFF, 0xFF, 0xFF, 0xFF, 0xFF, 0xFF, 0xFF, 0xFF, 0xFF, 0xFF, 0xFF, 0xFF, 0xFF,
    0xFF, 0xFF, 0xFF, 0xFF, 0xFF, 0xFF, 0xFF, 0xFF, 0xFF, 0xFF, 0xFF, 0xFF, 0xFF, 0xFF, 0xFF, 0xFF,
    0xFF, 0xFF, 0xFF, 0xFF, 0xFF, 0xFF, 0xFF, 0xFF, 0xFF, 0xFF, 0xFF, 0xFF, 0xFF, 0xFF, 0xFF, 0xFF,
    0xFF, 0xFF, 0xFF, 0xFF, 0xFF, 0xFF, 0xFF, 0xFF, 0xFF, 0xFF, 0xFF, 0xFF, 0xFF, 0xFF, 0xFF, 0xFF,
    0xFF, 0xFF, 0xFF, 0xFF, 0xFF, 0xFF, 0xFF, 0xFF, 0xFF, 0xFF, 0xFF, 0xFF, 0xFF, 0xFF, 0xFF, 0xFF,
    0xFF, 0xFF, 0xFF, 0xFF, 0xFF, 0xFF, 0xFF, 0xFF, 0xFF, 0xFF, 0xFF, 0xFF, 0xFF, 0xFF, 0xFF, 0xFF,
    0xFF, 0xFF, 0xFF, 0xFF, 0xFF, 0xFF, 0xFF, 0xFF, 0xFF, 0xFF, 0xFF, 0xFF, 0xFF, 0xFF, 0xFF, 0xFF,
    0xFF, 0xFF, 0xFF, 0xFF, 0xFF, 0xFF, 0xFF, 0xFF, 0xFF, 0xFF, 0xFF, 0xFF, 0xFF, 0xFF, 0xFF, 0xFF,
    0xFF, 0xFF, 0xFF, 0xFF, 0xFF, 0xFF, 0xFF, 0xFF, 0xFF, 0xFF, 0xFF, 0xFF, 0xFF, 0xFF, 0xFF, 0xFF,
    0xFF, 0xFF, 0xFF, 0xFF, 0xFF, 0xFF, 0xFF, 0xFF, 0xFF, 0xFF, 0xFF, 0xFF, 0xFF, 0xFF, 0xFF, 0xFF,
    0xFF, 0xFF, 0xFF, 0xFF, 0xFF, 0xFF, 0xFF, 0xFF, 0xFF, 0xFF, 0xFF, 0xFF, 0xFF, 0xFF, 0xFF, 0xFF,
    0xFF, 0xFF, 0xFF, 0xFF, 0xFF, 0xFF, 0xFF, 0xFF, 0xFF, 0xFF, 0xFF, 0xFF, 0xFF, 0xFF, 0xFF, 0xFF,
    0xFF, 0xFF, 0xFF, 0xFF, 0xFF, 0xFF, 0xFF, 0xFF, 0xFF, 0xFF, 0xFF, 0xFF, 0xFF, 0xFF, 0xFF, 0xFF,
    0xFF, 0xFF, 0xFF, 0xFF, 0xFF, 0xFF, 0xFF, 0xFF, 0xFF, 0xFF, 0xFF, 0xFF, 0xFF, 0xFF, 0xFF, 0xFF,
    0xFF, 0xFF, 0xFF, 0xFF, 0xFF, 0xFF, 0xFF, 0xFF, 0xFF, 0xFF, 0xFF, 0xFF, 0xFF, 0xFF, 0xFF, 0xFF,
    0xFF, 0xFF, 0xFF, 0xFF, 0xFF, 0xFF, 0xFF, 0xFF, 0xFF, 0xFF, 0xFF, 0xFF, 0xFF, 0xFF, 0xFF, 0xFF,
    0xFF, 0xFF, 0xFF, 0xFF, 0xFF, 0xFF, 0xFF, 0xFF, 0xFF, 0xFF, 0xFF, 0xFF, 0xFF, 0xFF, 0xFF, 0xFF,
    0xFF, 0xFF, 0xFF, 0xFF, 0xFF, 0xFF, 0xFF, 0xFF, 0xFF, 0xFF, 0xFF, 0xFF, 0xFF, 0xFF, 0xFF, 0xFF,
    0xFF, 0xFF, 0xFF, 0xFF, 0xFF, 0xFF, 0xFF, 0xFF, 0xFF, 0xFF, 0xFF, 0xFF, 0xFF, 0xFF, 0xFF, 0xFF,
    0xFF, 0xFF, 0xFF, 0xFF, 0xFF, 0xFF, 0xFF, 0xFF, 0xFF, 0xFF, 0xFF, 0xFF, 0xFF, 0xFF, 0xFF, 0xFF,
    0xFF, 0xFF, 0xFF, 0xFF, 0xFF, 0xFF, 0xFF, 0xFF, 0xFF, 0xFF, 0xFF, 0xFF, 0xFF, 0xFF, 0xFF, 0xFF,
    0xFF, 0xFF, 0xFF, 0xFF, 0xFF, 0xFF, 0xFF, 0xFF, 0xFF, 0xFF, 0xFF, 0xFF, 0xFF, 0xFF, 0xFF, 0xFF,
    0xFF, 0xFF, 0xFF, 0xFF, 0xFF, 0xFF, 0xFF, 0xFF, 0xFF, 0xFF, 0xFF, 0xFF, 0xFF, 0xFF, 0xFF, 0xFF,
    0xFF, 0xFF, 0xFF, 0xFF, 0xFF, 0xFF, 0xFF, 0xFF, 0xFF, 0xFF, 0xFF, 0xFF, 0xFF, 0xFF, 0xFF, 0xFF,
    0xFF, 0xFF, 0xFF, 0xFF, 0xFF, 0xFF, 0xFF, 0xFF, 0xFF, 0xFF, 0xFF, 0xFF, 0xFF, 0xFF, 0xFF, 0xFF,
    0xFF, 0xFF, 0xFF, 0xFF, 0xFF, 0xFF, 0xFF, 0xFF, 0xFF, 0xFF, 0xFF, 0xFF, 0xFF, 0xFF, 0xFF, 0xFF,
    0xFF, 0xFF, 0xFF, 0xFF, 0xFF, 0xFF, 0xFF, 0xFF, 0xFF, 0xFF, 0xFF, 0xFF, 0xFF, 0xFF, 0xFF, 0xFF,
    0xFF, 0xFF, 0xFF, 0xFF, 0xFF, 0xFF, 0xFF, 0xFF, 0xFF, 0xFF, 0xFF, 0xFF, 0xFF, 0xFF, 0xFF, 0xFF,
    0xFF, 0xFF, 0xFF, 0xFF, 0xFF, 0xFF, 0xFF, 0xFF, 0xFF, 0xFF, 0xFF, 0xFF, 0xFF, 0xFF, 0xFF, 0xFF,
    0xFF, 0xFF, 0xFF, 0xFF, 0xFF, 0xFF, 0xFF, 0xFF, 0xFF, 0xFF, 0xFF, 0xFF, 0xFF, 0xFF, 0xFF, 0xFF,
    0xFF, 0xFF, 0xFF, 0xFF, 0xFF, 0xFF, 0xFF, 0xFF, 0xFF, 0xFF, 0xFF, 0xFF, 0xFF, 0xFF, 0xFF, 0xFF,
    0xFF, 0xFF, 0xFF, 0xFF, 0xFF, 0xFF, 0xFF, 0xFF, 0xFF, 0xFF, 0xFF, 0xFF, 0xFF, 0xFF, 0xFF, 0xFF,
    0xFF, 0xFF, 0xFF, 0xFF, 0xFF, 0xFF, 0xFF, 0xFF, 0xFF, 0xFF, 0xFF, 0xFF, 0xFF, 0xFF, 0xFF, 0xFF,
    0xFF, 0xFF, 0xFF, 0xFF, 0xFF, 0xFF, 0xFF, 0xFF, 0xFF, 0xFF, 0xFF, 0xFF, 0xFF, 0xFF, 0xFF, 0xFF,
    0xFF, 0xFF, 0xFF, 0xFF, 0xFF, 0xFF, 0xFF, 0xFF, 0xFF, 0xFF, 0xFF, 0xFF, 0xFF, 0xFF, 0xFF, 0xFF,
    0xFF, 0xFF, 0xFF, 0xFF, 0xFF, 0xFF, 0xFF, 0xFF, 0xFF, 0xFF, 0xFF, 0xFF, 0xFF, 0xFF, 0xFF, 0xFF,
    0xFF, 0xFF, 0xFF, 0xFF, 0xFF, 0xFF, 0xFF, 0xFF, 0xFF, 0xFF, 0xFF, 0xFF, 0xFF, 0xFF, 0xFF, 0xFF,
    0xFF, 0xFF, 0xFF, 0xFF, 0xFF, 0xFF, 0xFF, 0xFF, 0xFF, 0xFF, 0xFF, 0xFF, 0xFF, 0xFF, 0xFF, 0xFF,
    0xFF, 0xFF, 0xFF, 0xFF, 0xFF, 0xFF, 0xFF, 0xFF, 0xFF, 0xFF, 0xFF, 0xFF, 0xFF, 0xFF, 0xFF, 0xFF,
    0xFF, 0xFF, 0xFF, 0xFF, 0xFF, 0xFF, 0xFF, 0xFF, 0xFF, 0xFF, 0xFF, 0xFF, 0xFF, 0xFF, 0xFF, 0xFF,
    0xFF, 0xFF, 0xFF, 0xFF, 0xFF, 0xFF, 0xFF, 0xFF, 0xFF, 0xFF, 0xFF, 0xFF, 0xFF, 0xFF, 0xFF, 0xFF,
    0xFF, 0xFF, 0xFF, 0xFF, 0xFF, 0xFF, 0xFF, 0xFF, 0xFF, 0xFF, 0xFF, 0xFF, 0xFF, 0xFF, 0xFF, 0xFF,
    0xFF, 0xFF, 0xFF, 0xFF, 0xFF, 0xFF, 0xFF, 0xFF, 0xFF, 0xFF, 0xFF, 0xFF, 0xFF, 0xFF, 0xFF, 0xFF,
    0xFF, 0xFF, 0xFF, 0xFF, 0xFF, 0xFF, 0xFF, 0xFF, 0xFF, 0xFF, 0xFF, 0xFF, 0xFF, 0xFF, 0xFF, 0xFF,
    0xFF, 0xFF, 0xFF, 0xFF, 0xFF, 0xFF, 0xFF, 0xFF, 0xFF, 0xFF, 0xFF, 0xFF, 0xFF, 0xFF, 0xFF, 0xFF,
    0xFF, 0xFF, 0xFF, 0xFF, 0xFF, 0xFF, 0xFF, 0xFF, 0xFF, 0xFF, 0xFF, 0xFF, 0xFF, 0xFF, 0xFF, 0xFF,
    0xFF, 0xFF, 0xFF, 0xFF, 0xFF, 0xFF, 0xFF, 0xFF, 0xFF, 0xFF, 0xFF, 0xFF, 0xFF, 0xFF, 0xFF, 0xFF,
    0xFF, 0xFF, 0xFF, 0xFF, 0xFF, 0xFF, 0xFF, 0xFF, 0xFF, 0xFF, 0xFF, 0xFF, 0xFF, 0xFF, 0xFF, 0xFF,
    0xFF, 0xFF, 0xFF, 0xFF, 0xFF, 0xFF, 0xFF, 0xFF, 0xFF, 0xFF, 0xFF, 0xFF, 0xFF, 0xFF, 0xFF, 0xFF,
    0xFF, 0xFF, 0xFF, 0xFF, 0xFF, 0xFF, 0xFF, 0xFF, 0xFF, 0xFF, 0xFF, 0xFF, 0xFF, 0xFF, 0xFF, 0xFF,
    0xFF, 0xFF, 0xFF, 0xFF, 0xFF, 0xFF, 0xFF, 0xFF, 0xFF, 0xFF, 0xFF, 0xFF, 0xFF, 0xFF, 0xFF, 0xFF,
    0xFF, 0xFF, 0xFF, 0xFF, 0xFF, 0xFF, 0xFF, 0xFF, 0xFF, 0xFF, 0xFF, 0xFF, 0xFF, 0xFF, 0xFF, 0xFF,
    0xFF, 0xFF, 0xFF, 0xFF, 0xFF, 0xFF, 0xFF, 0xFF, 0xFF, 0xFF, 0xFF, 0xFF, 0xFF, 0xFF, 0xFF, 0xFF,
    0xFF, 0xFF, 0xFF, 0xFF, 0xFF, 0xFF, 0xFF, 0xFF, 0xFF, 0xFF, 0xFF, 0xFF, 0xFF, 0xFF, 0xFF, 0xFF,
    0xFF, 0xFF, 0xFF, 0xFF, 0xFF, 0xFF, 0xFF, 0xFF, 0xFF, 0xFF, 0xFF, 0xFF, 0xFF, 0xFF, 0xFF, 0xFF,
    0xFF, 0xFF, 0xFF, 0xFF, 0xFF, 0xFF, 0xFF, 0xFF, 0xFF, 0xFF, 0xFF, 0xFF, 0xFF, 0xFF, 0xFF, 0xFF,
    0xFF, 0xFF, 0xFF, 0xFF, 0xFF, 0xFF, 0xFF, 0xFF, 0xFF, 0xFF, 0xFF, 0xFF, 0xFF, 0xFF, 0xFF, 0xFF,
    0xFF, 0xFF, 0xFF, 0xFF, 0xFF, 0xFF, 0xFF, 0xFF, 0xFF, 0xFF, 0xFF, 0xFF, 0xFF, 0xFF, 0xFF, 0xFF,
    0xFF, 0xFF, 0xFF, 0xFF, 0xFF, 0xFF, 0xFF, 0xFF, 0xFF, 0xFF, 0xFF, 0xFF, 0xFF, 0xFF, 0xFF, 0xFF,
    0xFF, 0xFF, 0xFF, 0xFF, 0xFF, 0xFF, 0xFF, 0xFF, 0xFF, 0xFF, 0xFF, 0xFF, 0xFF, 0xFF, 0xFF, 0xFF,
    0xFF, 0xFF, 0xFF, 0xFF, 0xFF, 0xFF, 0xFF, 0xFF, 0xFF, 0xFF, 0xFF, 0xFF, 0xFF, 0xFF, 0xFF, 0xFF,
    0xFF, 0xFF, 0xFF, 0xFF, 0xFF, 0xFF, 0xFF, 0xFF, 0xFF, 0xFF, 0xFF, 0xFF, 0xFF, 0xFF, 0xFF, 0xFF,
    0xFF, 0xFF, 0xFF, 0xFF, 0xFF, 0xFF, 0xFF, 0xFF, 0xFF, 0xFF, 0xFF, 0xFF, 0xFF, 0xFF, 0xFF, 0xFF,
    0xFF, 0xFF, 0xFF, 0xFF, 0xFF, 0xFF, 0xFF, 0xFF, 0xFF, 0xFF, 0xFF, 0xFF, 0xFF, 0xFF, 0xFF, 0xFF,
    0xFF, 0xFF, 0xFF, 0xFF, 0xFF, 0xFF, 0xFF, 0xFF, 0xFF, 0xFF, 0xFF, 0xFF, 0xFF, 0xFF, 0xFF, 0xFF,
    0xFF, 0xFF, 0xFF, 0xFF, 0xFF, 0xFF, 0xFF, 0xFF, 0xFF, 0xFF, 0xFF, 0xFF, 0xFF, 0xFF, 0xFF, 0xFF,
    0xFF, 0xFF, 0xFF, 0xFF, 0xFF, 0xFF, 0xFF, 0xFF, 0xFF, 0xFF, 0xFF, 0xFF, 0xFF, 0xFF, 0xFF, 0xFF,
    0xFF, 0xFF, 0xFF, 0xFF, 0xFF, 0xFF, 0xFF, 0xFF, 0xFF, 0xFF, 0xFF, 0xFF, 0xFF, 0xFF, 0xFF, 0xFF,
    0xFF, 0xFF, 0xFF, 0xFF, 0xFF, 0xFF, 0xFF, 0xFF, 0xFF, 0xFF, 0xFF, 0xFF, 0xFF, 0xFF, 0xFF, 0xFF,
    0xFF, 0xFF, 0xFF, 0xFF, 0xFF, 0xFF, 0xFF, 0xFF, 0xFF, 0xFF, 0xFF, 0xFF, 0xFF, 0xFF, 0xFF, 0xFF,
    0xFF, 0xFF, 0xFF, 0xFF, 0xFF, 0xFF, 0xFF, 0xFF, 0xFF, 0xFF, 0xFF, 0xFF, 0xFF, 0xFF, 0xFF, 0xFF,
    0xFF, 0xFF, 0xFF, 0xFF, 0xFF, 0xFF, 0xFF, 0xFF, 0xFF, 0xFF, 0xFF, 0xFF, 0xFF, 0xFF, 0xFF, 0xFF,
    0xFF, 0xFF, 0xFF, 0xFF, 0xFF, 0xFF, 0xFF, 0xFF, 0xFF, 0xFF, 0xFF, 0xFF, 0xFF, 0xFF, 0xFF, 0xFF,
    0xFF, 0xFF, 0xFF, 0xFF, 0xFF, 0xFF, 0xFF, 0xFF, 0xFF, 0xFF, 0xFF, 0xFF, 0xFF, 0xFF, 0xFF, 0xFF,
    0xFF, 0xFF, 0xFF, 0xFF, 0xFF, 0xFF, 0xFF, 0xFF, 0xFF, 0xFF, 0xFF, 0xFF, 0xFF, 0xFF, 0xFF, 0xFF,
    0xFF, 0xFF, 0xFF, 0xFF, 0xFF, 0xFF, 0xFF, 0xFF, 0xFF, 0xFF, 0xFF, 0xFF, 0xFF, 0xFF, 0xFF, 0xFF,
    0xFF, 0xFF, 0xFF, 0xFF, 0xFF, 0xFF, 0xFF, 0xFF, 0xFF, 0xFF, 0xFF, 0xFF, 0xFF, 0xFF, 0xFF, 0xFF,
    0xFF, 0xFF, 0xFF, 0xFF, 0xFF, 0xFF, 0xFF, 0xFF, 0xFF, 0xFF, 0xFF, 0xFF, 0xFF, 0xFF, 0xFF, 0xFF,
    0xFF, 0xFF, 0xFF, 0xFF, 0xFF, 0xFF, 0xFF, 0xFF, 0xFF, 0xFF, 0xFF, 0xFF, 0xFF, 0xFF, 0xFF, 0xFF,
    0xFF, 0xFF, 0xFF, 0xFF, 0xFF, 0xFF, 0xFF, 0xFF, 0xFF, 0xFF, 0xFF, 0xFF, 0xFF, 0xFF, 0xFF, 0xFF,
    0xFF, 0xFF, 0xFF, 0xFF, 0xFF, 0xFF, 0xFF, 0xFF, 0xFF, 0xFF, 0xFF, 0xFF, 0xFF, 0xFF, 0xFF, 0xFF,
    0xFF, 0xFF, 0xFF, 0xFF, 0xFF, 0xFF, 0xFF, 0xFF, 0xFF, 0xFF, 0xFF, 0xFF, 0xFF, 0xFF, 0xFF, 0xFF,
    0xFF, 0xFF, 0xFF, 0xFF, 0xFF, 0xFF, 0xFF, 0xFF, 0xFF, 0xFF, 0xFF, 0xFF, 0xFF, 0xFF, 0xFF, 0xFF,
    0xFF, 0xFF, 0xFF, 0xFF, 0xFF, 0xFF, 0xFF, 0xFF, 0xFF, 0xFF, 0xFF, 0xFF, 0xFF, 0xFF, 0xFF, 0xFF,
    0xFF, 0xFF, 0xFF, 0xFF, 0xFF, 0xFF, 0xFF, 0xFF, 0xFF, 0xFF, 0xFF, 0xFF, 0xFF, 0xFF, 0xFF, 0xFF,
    0xFF, 0xFF, 0xFF, 0xFF, 0xFF, 0xFF, 0xFF, 0xFF, 0xFF, 0xFF, 0xFF, 0xFF, 0xFF, 0xFF, 0xFF, 0xFF,
    0xFF, 0xFF, 0xFF, 0xFF, 0xFF, 0xFF, 0xFF, 0xFF, 0xFF, 0xFF, 0xFF, 0xFF, 0xFF, 0xFF, 0xFF, 0xFF,
    0xFF, 0xFF, 0xFF, 0xFF, 0xFF, 0xFF, 0xFF, 0xFF, 0xFF, 0xFF, 0xFF, 0xFF, 0xFF, 0xFF, 0xFF, 0xFF,
    0xFF, 0xFF, 0xFF, 0xFF, 0xFF, 0xFF, 0xFF, 0xFF, 0xFF, 0xFF, 0xFF, 0xFF, 0xFF, 0xFF, 0xFF, 0xFF,
    0xFF, 0xFF, 0xFF, 0xFF, 0xFF, 0xFF, 0xFF, 0xFF, 0xFF, 0xFF, 0xFF, 0xFF, 0xFF, 0xFF, 0xFF, 0xFF,
    0xFF, 0xFF, 0xFF, 0xFF, 0xFF, 0xFF, 0xFF, 0xFF, 0xFF, 0xFF, 0xFF, 0xFF, 0xFF, 0xFF, 0xFF, 0xFF,
    0xFF, 0xFF, 0xFF, 0xFF, 0xFF, 0xFF, 0xFF, 0xFF, 0xFF, 0xFF, 0xFF, 0xFF, 0xFF, 0xFF, 0xFF, 0xFF,
    0xFF, 0xFF, 0xFF, 0xFF, 0xFF, 0xFF, 0xFF, 0xFF, 0xFF, 0xFF, 0xFF, 0xFF, 0xFF, 0xFF, 0xFF, 0xFF,
    0xFF, 0xFF, 0xFF, 0xFF, 0xFF, 0xFF, 0xFF, 0xFF, 0xFF, 0xFF, 0xFF, 0xFF, 0xFF, 0xFF, 0xFF, 0xFF,
    0xFF, 0xFF, 0xFF, 0xFF, 0xFF, 0xFF, 0xFF, 0xFF, 0xFF, 0xFF, 0xFF, 0xFF, 0xFF, 0xFF, 0xFF, 0xFF,
    0xFF, 0xFF, 0xFF, 0xFF, 0xFF, 0xFF, 0xFF, 0xFF, 0xFF, 0xFF, 0xFF, 0xFF, 0xFF, 0xFF, 0xFF, 0xFF,
    0xFF, 0xFF, 0xFF, 0xFF, 0xFF, 0xFF, 0xFF, 0xFF, 0xFF, 0xFF, 0xFF, 0xFF, 0xFF, 0xFF, 0xFF, 0xFF,
    0xFF, 0xFF, 0xFF, 0xFF, 0xFF, 0xFF, 0xFF, 0xFF, 0xFF, 0xFF, 0xFF, 0xFF, 0xFF, 0xFF, 0xFF, 0xFF,
    0xFF, 0xFF, 0xFF, 0xFF, 0xFF, 0xFF, 0xFF, 0xFF, 0xFF, 0xFF, 0xFF, 0xFF, 0xFF, 0xFF, 0xFF, 0xFF,
    0xFF, 0xFF, 0xFF, 0xFF, 0xFF, 0xFF, 0xFF, 0xFF, 0xFF, 0xFF, 0xFF, 0xFF, 0xFF, 0xFF, 0xFF, 0xFF,
    0xFF, 0xFF, 0xFF, 0xFF, 0xFF, 0xFF, 0xFF, 0xFF, 0xFF, 0xFF, 0xFF, 0xFF, 0xFF, 0xFF, 0xFF, 0xFF,
    0xFF, 0xFF, 0xFF, 0xFF, 0xFF, 0xFF, 0xFF, 0xFF, 0xFF, 0xFF, 0xFF, 0xFF, 0xFF, 0xFF, 0xFF, 0xFF,
    0xFF, 0xFF, 0xFF, 0xFF, 0xFF, 0xFF, 0xFF, 0xFF, 0xFF, 0xFF, 0xFF, 0xFF, 0xFF, 0xFF, 0xFF, 0xFF,
    0xFF, 0xFF, 0xFF, 0xFF, 0xFF, 0xFF, 0xFF, 0xFF, 0xFF, 0xFF, 0xFF, 0xFF, 0xFF, 0xFF, 0xFF, 0xFF,
    0xFF, 0xFF, 0xFF, 0xFF, 0xFF, 0xFF, 0xFF, 0xFF, 0xFF, 0xFF, 0xFF, 0xFF, 0xFF, 0xFF, 0xFF, 0xFF,
    0xFF, 0xFF, 0xFF, 0xFF, 0xFF, 0xFF, 0xFF, 0xFF, 0xFF, 0xFF, 0xFF, 0xFF, 0xFF, 0xFF, 0xFF, 0xFF,
    0xFF, 0xFF, 0xFF, 0xFF, 0xFF, 0xFF, 0xFF, 0xFF, 0xFF, 0xFF, 0xFF, 0xFF, 0xFF, 0xFF, 0xFF, 0xFF,
    0xFF, 0xFF, 0xFF, 0xFF, 0xFF, 0xFF, 0xFF, 0xFF, 0xFF, 0xFF, 0xFF, 0xFF, 0xFF, 0xFF, 0xFF, 0xFF,
    0xFF, 0xFF, 0xFF, 0xFF, 0xFF, 0xFF, 0xFF, 0xFF, 0xFF, 0xFF, 0xFF, 0xFF, 0xFF, 0xFF, 0xFF, 0xFF,
    0xFF, 0xFF, 0xFF, 0xFF, 0xFF, 0xFF, 0xFF, 0xFF, 0xFF, 0xFF, 0xFF, 0xFF, 0xFF, 0xFF, 0xFF, 0xFF,
    0xFF, 0xFF, 0xFF, 0xFF, 0xFF, 0xFF, 0xFF, 0xFF, 0xFF, 0xFF, 0xFF, 0xFF, 0xFF, 0xFF, 0xFF, 0xFF,
    0xFF, 0xFF, 0xFF, 0xFF, 0xFF, 0xFF, 0xFF, 0xFF, 0xFF, 0xFF, 0xFF, 0xFF, 0xFF, 0xFF, 0xFF, 0xFF,
    0xFF, 0xFF, 0xFF, 0xFF, 0xFF, 0xFF, 0xFF, 0xFF, 0xFF, 0xFF, 0xFF, 0xFF, 0xFF, 0xFF, 0xFF, 0xFF,
    0xFF, 0xFF, 0xFF, 0xFF, 0xFF, 0xFF, 0xFF, 0xFF, 0xFF, 0xFF, 0xFF, 0xFF, 0xFF, 0xFF, 0xFF, 0xFF,
    0xFF, 0xFF, 0xFF, 0xFF, 0xFF, 0xFF, 0xFF, 0xFF, 0xFF, 0xFF, 0xFF, 0xFF, 0xFF, 0xFF, 0xFF, 0xFF,
    0xFF, 0xFF, 0xFF, 0xFF, 0xFF, 0xFF, 0xFF, 0xFF, 0xFF, 0xFF, 0xFF, 0xFF, 0xFF, 0xFF, 0xFF, 0xFF,
    0xFF, 0xFF, 0xFF, 0xFF, 0xFF, 0xFF, 0xFF, 0xFF, 0xFF, 0xFF, 0xFF, 0xFF, 0xFF, 0xFF, 0xFF, 0xFF,
    0xFF, 0xFF, 0xFF, 0xFF, 0xFF, 0xFF, 0xFF, 0xFF, 0xFF, 0xFF, 0xFF, 0xFF, 0xFF, 0xFF, 0xFF, 0xFF,
    0xFF, 0xFF, 0xFF, 0xFF, 0xFF, 0xFF, 0xFF, 0xFF, 0xFF, 0xFF, 0xFF, 0xFF, 0xFF, 0xFF, 0xFF, 0xFF,
    0xFF, 0xFF, 0xFF, 0xFF, 0xFF, 0xFF, 0xFF, 0xFF, 0xFF, 0xFF, 0xFF, 0xFF, 0xFF, 0xFF, 0xFF, 0xFF,
    0xFF, 0xFF, 0xFF, 0xFF, 0xFF, 0xFF, 0xFF, 0xFF, 0xFF, 0xFF, 0xFF, 0xFF, 0xFF, 0xFF, 0xFF, 0xFF,
    0xFF, 0xFF, 0xFF, 0xFF, 0xFF, 0xFF, 0xFF, 0xFF, 0xFF, 0xFF, 0xFF, 0xFF, 0xFF, 0xFF, 0xFF, 0xFF,
    0xFF, 0xFF, 0xFF, 0xFF, 0xFF, 0xFF, 0xFF, 0xFF, 0xFF, 0xFF, 0xFF, 0xFF, 0xFF, 0xFF, 0xFF, 0xFF,
    0xFF, 0xFF, 0xFF, 0xFF, 0xFF, 0xFF, 0xFF, 0xFF, 0xFF, 0xFF, 0xFF, 0xFF, 0xFF, 0xFF, 0xFF, 0xFF,
    0xFF, 0xFF, 0xFF, 0xFF, 0xFF, 0xFF, 0xFF, 0xFF, 0xFF, 0xFF, 0xFF, 0xFF, 0xFF, 0xFF, 0xFF, 0xFF,
    0xFF, 0xFF, 0xFF, 0xFF, 0xFF, 0xFF, 0xFF, 0xFF, 0xFF, 0xFF, 0xFF, 0xFF, 0xFF, 0xFF, 0xFF, 0xFF,
    0xFF, 0xFF, 0xFF, 0xFF, 0xFF, 0xFF, 0xFF, 0xFF, 0xFF, 0xFF, 0xFF, 0xFF, 0xFF, 0xFF, 0xFF, 0xFF,
    0xFF, 0xFF, 0xFF, 0xFF, 0xFF, 0xFF, 0xFF, 0xFF, 0xFF, 0xFF, 0xFF, 0xFF, 0xFF, 0xFF, 0xFF, 0xFF,
    0xFF, 0xFF, 0xFF, 0xFF, 0xFF, 0xFF, 0xFF, 0xFF, 0xFF, 0xFF, 0xFF, 0xFF, 0xFF, 0xFF, 0xFF, 0xFF,
    0xFF, 0xFF, 0xFF, 0xFF, 0xFF, 0xFF, 0xFF, 0xFF, 0xFF, 0xFF, 0xFF, 0xFF, 0xFF, 0xFF, 0xFF, 0xFF,
    0xFF, 0xFF, 0xFF, 0xFF, 0xFF, 0xFF, 0xFF, 0xFF, 0xFF, 0xFF, 0xFF, 0xFF, 0xFF, 0xFF, 0xFF, 0xFF,
    0xFF, 0xFF, 0xFF, 0xFF, 0xFF, 0xFF, 0xFF, 0xFF, 0xFF, 0xFF, 0xFF, 0xFF, 0xFF, 0xFF, 0xFF, 0xFF,
    0xFF, 0xFF, 0xFF, 0xFF, 0xFF, 0xFF, 0xFF, 0xFF, 0xFF, 0xFF, 0xFF, 0xFF, 0xFF, 0xFF, 0xFF, 0xFF,
    0xFF, 0xFF, 0xFF, 0xFF, 0xFF, 0xFF, 0xFF, 0xFF, 0xFF, 0xFF, 0xFF, 0xFF, 0xFF, 0xFF, 0xFF, 0xFF,
    0xFF, 0xFF, 0xFF, 0xFF, 0xFF, 0xFF, 0xFF, 0xFF, 0xFF, 0xFF, 0xFF, 0xFF, 0xFF, 0xFF, 0xFF, 0xFF,
    0xFF, 0xFF, 0xFF, 0xFF, 0xFF, 0xFF, 0xFF, 0xFF, 0xFF, 0xFF, 0xFF, 0xFF, 0xFF, 0xFF, 0xFF, 0xFF,
    0xFF, 0xFF, 0xFF, 0xFF, 0xFF, 0xFF, 0xFF, 0xFF, 0xFF, 0xFF, 0xFF, 0xFF, 0xFF, 0xFF, 0xFF, 0xFF,
    0xFF, 0xFF, 0xFF, 0xFF, 0xFF, 0xFF, 0xFF, 0xFF, 0xFF, 0xFF, 0xFF, 0xFF, 0xFF, 0xFF, 0xFF, 0xFF,
    0xFF, 0xFF, 0xFF, 0xFF, 0xFF, 0xFF, 0xFF, 0xFF, 0xFF, 0xFF, 0xFF, 0xFF, 0xFF, 0xFF, 0xFF, 0xFF,
    0xFF, 0xFF, 0xFF, 0xFF, 0xFF, 0xFF, 0xFF, 0xFF, 0xFF, 0xFF, 0xFF, 0xFF, 0xFF, 0xFF, 0xFF, 0xFF,
    0xFF, 0xFF, 0xFF, 0xFF, 0xFF, 0xFF, 0xFF, 0xFF, 0xFF, 0xFF, 0xFF, 0xFF, 0xFF, 0xFF, 0xFF, 0xFF,
    0xFF, 0xFF, 0xFF, 0xFF, 0xFF, 0xFF, 0xFF, 0xFF, 0xFF, 0xFF, 0xFF, 0xFF, 0xFF, 0xFF, 0xFF, 0xFF,
    0xFF, 0xFF, 0xFF, 0xFF, 0xFF, 0xFF, 0xFF, 0xFF, 0xFF, 0xFF, 0xFF, 0xFF, 0xFF, 0xFF, 0xFF, 0xFF,
    0xFF, 0xFF, 0xFF, 0xFF, 0xFF, 0xFF, 0xFF, 0xFF, 0xFF, 0xFF, 0xFF, 0xFF, 0xFF, 0xFF, 0xFF, 0xFF,
    0xFF, 0xFF, 0xFF, 0xFF, 0xFF, 0xFF, 0xFF, 0xFF, 0xFF, 0xFF, 0xFF, 0xFF, 0xFF, 0xFF, 0xFF, 0xFF,
    0xFF, 0xFF, 0xFF, 0xFF, 0xFF, 0xFF, 0xFF, 0xFF, 0xFF, 0xFF, 0xFF, 0xFF, 0xFF, 0xFF, 0xFF, 0xFF,
    0xFF, 0xFF, 0xFF, 0xFF, 0xFF, 0xFF, 0xFF, 0xFF, 0xFF, 0xFF, 0xFF, 0xFF, 0xFF, 0xFF, 0xFF, 0xFF,
    0xFF, 0xFF, 0xFF, 0xFF, 0xFF, 0xFF, 0xFF, 0xFF, 0xFF, 0xFF, 0xFF, 0xFF, 0xFF, 0xFF, 0xFF, 0xFF,
    0xFF, 0xFF, 0xFF, 0xFF, 0xFF, 0xFF, 0xFF, 0xFF, 0xFF, 0xFF, 0xFF, 0xFF, 0xFF, 0xFF, 0xFF, 0xFF,
    0xFF, 0xFF, 0xFF, 0xFF, 0xFF, 0xFF, 0xFF, 0xFF, 0xFF, 0xFF, 0xFF, 0xFF, 0xFF, 0xFF, 0xFF, 0xFF,
    0xFF, 0xFF, 0xFF, 0xFF, 0xFF, 0xFF, 0xFF, 0xFF, 0xFF, 0xFF, 0xFF, 0xFF, 0xFF, 0xFF, 0xFF, 0xFF,
    0xFF, 0xFF, 0xFF, 0xFF, 0xFF, 0xFF, 0xFF, 0xFF, 0xFF, 0xFF, 0xFF, 0xFF, 0xFF, 0xFF, 0xFF, 0xFF,
    0xFF, 0xFF, 0xFF, 0xFF, 0xFF, 0xFF, 0xFF, 0xFF, 0xFF, 0xFF, 0xFF, 0xFF, 0xFF, 0xFF, 0xFF, 0xFF,
    0xFF, 0xFF, 0xFF, 0xFF, 0xFF, 0xFF, 0xFF, 0xFF, 0xFF, 0xFF, 0xFF, 0xFF, 0xFF, 0xFF, 0xFF, 0xFF,
    0xFF, 0xFF, 0xFF, 0xFF, 0xFF, 0xFF, 0xFF, 0xFF, 0xFF, 0xFF, 0xFF, 0xFF, 0xFF, 0xFF, 0xFF, 0xFF,
    0xFF, 0xFF, 0xFF, 0xFF, 0xFF, 0xFF, 0xFF, 0xFF, 0xFF, 0xFF, 0xFF, 0xFF, 0xFF, 0xFF, 0xFF, 0xFF,
    0xFF, 0xFF, 0xFF, 0xFF, 0xFF, 0xFF, 0xFF, 0xFF, 0xFF, 0xFF, 0xFF, 0xFF, 0xFF, 0xFF, 0xFF, 0xFF,
    0xFF, 0xFF, 0xFF, 0xFF, 0xFF, 0xFF, 0xFF, 0xFF, 0xFF, 0xFF, 0xFF, 0xFF, 0xFF, 0xFF, 0xFF, 0xFF,
    0xFF, 0xFF, 0xFF, 0xFF, 0xFF, 0xFF, 0xFF, 0xFF, 0xFF, 0xFF, 0xFF, 0xFF, 0xFF, 0xFF, 0xFF, 0xFF,
    0xFF, 0xFF, 0xFF, 0xFF, 0xFF, 0xFF, 0xFF, 0xFF, 0xFF, 0xFF, 0xFF, 0xFF, 0xFF, 0xFF, 0xFF, 0xFF,
    0xFF, 0xFF, 0xFF, 0xFF, 0xFF, 0xFF, 0xFF, 0xFF, 0xFF, 0xFF, 0xFF, 0xFF, 0xFF, 0xFF, 0xFF, 0xFF,
    0xFF, 0xFF, 0xFF, 0xFF, 0xFF, 0xFF, 0xFF, 0xFF, 0xFF, 0xFF, 0xFF, 0xFF, 0xFF, 0xFF, 0xFF, 0xFF,
    0xFF, 0xFF, 0xFF, 0xFF, 0xFF, 0xFF, 0xFF, 0xFF, 0xFF, 0xFF, 0xFF, 0xFF, 0xFF, 0xFF, 0xFF, 0xFF,
    0xFF, 0xFF, 0xFF, 0xFF, 0xFF, 0xFF, 0xFF, 0xFF, 0xFF, 0xFF, 0xFF, 0xFF, 0xFF, 0xFF, 0xFF, 0xFF,
    0xFF, 0xFF, 0xFF, 0xFF, 0xFF, 0xFF, 0xFF, 0xFF, 0xFF, 0xFF, 0xFF, 0xFF, 0xFF, 0xFF, 0xFF, 0xFF,
    0xFF, 0xFF, 0xFF, 0xFF, 0xFF, 0xFF, 0xFF, 0xFF, 0xFF, 0xFF, 0xFF, 0xFF, 0xFF, 0xFF, 0xFF, 0xFF,
    0xFF, 0xFF, 0xFF, 0xFF, 0xFF, 0xFF, 0xFF, 0xFF, 0xFF, 0xFF, 0xFF, 0xFF, 0xFF, 0xFF, 0xFF, 0xFF,
    0xFF, 0xFF, 0xFF, 0xFF, 0xFF, 0xFF, 0xFF, 0xFF, 0xFF, 0xFF, 0xFF, 0xFF, 0xFF, 0xFF, 0xFF, 0xFF,
    0xFF, 0xFF, 0xFF, 0xFF, 0xFF, 0xFF, 0xFF, 0xFF, 0xFF, 0xFF, 0xFF, 0xFF, 0xFF, 0xFF, 0xFF, 0xFF,
    0xFF, 0xFF, 0xFF, 0xFF, 0xFF, 0xFF, 0xFF, 0xFF, 0xFF, 0xFF, 0xFF, 0xFF, 0xFF, 0xFF, 0xFF, 0xFF,
    0xFF, 0xFF, 0xFF, 0xFF, 0xFF, 0xFF, 0xFF, 0xFF, 0xFF, 0xFF, 0xFF, 0xFF, 0xFF, 0xFF, 0xFF, 0xFF,
    0xFF, 0xFF, 0xFF, 0xFF, 0xFF, 0xFF, 0xFF, 0xFF, 0xFF, 0xFF, 0xFF, 0xFF, 0xFF, 0xFF, 0xFF, 0xFF,
    0xFF, 0xFF, 0xFF, 0xFF, 0xFF, 0xFF, 0xFF, 0xFF, 0xFF, 0xFF, 0xFF, 0xFF, 0xFF, 0xFF, 0xFF, 0xFF,
    0xFF, 0xFF, 0xFF, 0xFF, 0xFF, 0xFF, 0xFF, 0xFF, 0xFF, 0xFF, 0xFF, 0xFF, 0xFF, 0xFF, 0xFF, 0xFF,
    0xFF, 0xFF, 0xFF, 0xFF, 0xFF, 0xFF, 0xFF, 0xFF, 0xFF, 0xFF, 0xFF, 0xFF, 0xFF, 0xFF, 0xFF, 0xFF,
    0xFF, 0xFF, 0xFF, 0xFF, 0xFF, 0xFF, 0xFF, 0xFF, 0xFF, 0xFF, 0xFF, 0xFF, 0xFF, 0xFF, 0xFF, 0xFF,
    0xFF, 0xFF, 0xFF, 0xFF, 0xFF, 0xFF, 0xFF, 0xFF, 0xFF, 0xFF, 0xFF, 0xFF, 0xFF, 0xFF, 0xFF, 0xFF,
    0xFF, 0xFF, 0xFF, 0xFF, 0xFF, 0xFF, 0xFF, 0xFF, 0xFF, 0xFF, 0xFF, 0xFF, 0xFF, 0xFF, 0xFF, 0xFF,
    0xFF, 0xFF, 0xFF, 0xFF, 0xFF, 0xFF, 0xFF, 0xFF, 0xFF, 0xFF, 0xFF, 0xFF, 0xFF, 0xFF, 0xFF, 0xFF,
    0xFF, 0xFF, 0xFF, 0xFF, 0xFF, 0xFF, 0xFF, 0xFF, 0xFF, 0xFF, 0xFF, 0xFF, 0xFF, 0xFF, 0xFF, 0xFF,
    0xFF, 0xFF, 0xFF, 0xFF, 0xFF, 0xFF, 0xFF, 0xFF, 0xFF, 0xFF, 0xFF, 0xFF, 0xFF, 0xFF, 0xFF, 0xFF,
    0xFF, 0xFF, 0xFF, 0xFF, 0xFF, 0xFF, 0xFF, 0xFF, 0xFF, 0xFF, 0xFF, 0xFF, 0xFF, 0xFF, 0xFF, 0xFF,
    0xFF, 0xFF, 0xFF, 0xFF, 0xFF, 0xFF, 0xFF, 0xFF, 0xFF, 0xFF, 0xFF, 0xFF, 0xFF, 0xFF, 0xFF, 0xFF,
    0xFF, 0xFF, 0xFF, 0xFF, 0xFF, 0xFF, 0xFF, 0xFF, 0xFF, 0xFF, 0xFF, 0xFF, 0xFF, 0xFF, 0xFF, 0xFF,
    0xFF, 0xFF, 0xFF, 0xFF, 0xFF, 0xFF, 0xFF, 0xFF, 0xFF, 0xFF, 0xFF, 0xFF, 0xFF, 0xFF, 0xFF, 0xFF,
    0xFF, 0xFF, 0xFF, 0xFF, 0xFF, 0xFF, 0xFF, 0xFF, 0xFF, 0xFF, 0xFF, 0xFF, 0xFF, 0xFF, 0xFF, 0xFF
};
#define APP_ICON_PHOTOS_W 80
#define APP_ICON_PHOTOS_H 80
// RGB565A8: 6400 RGB565 pixels (little-endian) followed by 6400 alpha bytes
static const uint8_t app_icon_photos_data[19200] = {
    0xFF, 0xFF, 0xFF, 0xFF, 0xFF, 0xFF, 0xFF, 0xFF, 0xFF, 0xFF, 0xFF, 0xFF, 0xFF, 0xFF, 0xFF, 0xFF,
    0xFF, 0xFF, 0xFF, 0xFF, 0xFF, 0xFF, 0xFF, 0xFF, 0xFF, 0xFF, 0xFF, 0xFF, 0xFF, 0xFF, 0xFF, 0xFF,
    0xFF, 0xFF, 0xFF, 0xFF, 0xFF, 0xFF, 0xFF, 0xFF, 0xFF, 0xFF, 0xFF, 0xFF, 0xFF, 0xFF, 0xFF, 0xFF,
    0xFF, 0xFF, 0xFF, 0xFF, 0xFF, 0xFF, 0xFF, 0xFF, 0xFF, 0xFF, 0xFF, 0xFF, 0xFF, 0xFF, 0xFF, 0xFF,
    0xFF, 0xFF, 0xFF, 0xFF, 0xFF, 0xFF, 0xFF, 0xFF, 0xFF, 0xFF, 0xFF, 0xFF, 0xFF, 0xFF, 0xFF, 0xFF,
    0xFF, 0xFF, 0xFF, 0xFF, 0xFF, 0xFF, 0xFF, 0xFF, 0xFF, 0xFF, 0xFF, 0xFF, 0xFF, 0xFF, 0xFF, 0xFF,
    0xFF, 0xFF, 0xFF, 0xFF, 0xFF, 0xFF, 0xFF, 0xFF, 0xFF, 0xFF, 0xFF, 0xFF, 0xFF, 0xFF, 0xFF, 0xFF,
    0xFF, 0xFF, 0xFF, 0xFF, 0xFF, 0xFF, 0xFF, 0xFF, 0xFF, 0xFF, 0xFF, 0xFF, 0xFF, 0xFF, 0xFF, 0xFF,
    0xFF, 0xFF, 0xFF, 0xFF, 0xFF, 0xFF, 0xFF, 0xFF, 0xFF, 0xFF, 0xFF, 0xFF, 0xFF, 0xFF, 0xFF, 0xFF,
    0xFF, 0xFF, 0xFF, 0xFF, 0xFF, 0xFF, 0xFF, 0xFF, 0xFF, 0xFF, 0xFF, 0xFF, 0xFF, 0xFF, 0xFF, 0xFF,
    0xFF, 0xFF, 0xFF, 0xFF, 0xFF, 0xFF, 0xFF, 0xFF, 0xFF, 0xFF, 0xFF, 0xFF, 0xFF, 0xFF, 0xFF, 0xFF,
    0xFF, 0xFF, 0xFF, 0xFF, 0xFF, 0xFF, 0xFF, 0xFF, 0xFF, 0xFF, 0xFF, 0xFF, 0xFF, 0xFF, 0xFF, 0xFF,
    0xFF, 0xFF, 0xFF, 0xFF, 0xFF, 0xFF, 0xFF, 0xFF, 0xFF, 0xFF, 0xFF, 0xFF, 0xFF, 0xFF, 0xFF, 0xFF,
    0xFF, 0xFF, 0xFF, 0xFF, 0xFF, 0xFF, 0xFF, 0xFF, 0xFF, 0xFF, 0xFF, 0xFF, 0xFF, 0xFF, 0xFF, 0xFF,
    0xFF, 0xFF, 0xFF, 0xFF, 0xFF, 0xFF, 0xFF, 0xFF, 0xFF, 0xFF, 0xFF, 0xFF, 0xFF, 0xFF, 0xFF, 0xFF,
    0xFF, 0xFF, 0xFF, 0xFF, 0xFF, 0xFF, 0xFF, 0xFF, 0xFF, 0xFF, 0xFF, 0xFF, 0xFF, 0xFF, 0xFF, 0xFF,
    0xFF, 0xFF, 0xFF, 0xFF, 0xFF, 0xFF, 0xFF, 0xFF, 0xFF, 0xFF, 0xFF, 0xFF, 0xFF, 0xFF, 0xFF, 0xFF,
    0xFF, 0xFF, 0xFF, 0xFF, 0xFF, 0xFF, 0xFF, 0xFF, 0xFF, 0xFF, 0xFF, 0xFF, 0xFF, 0xFF, 0xFF, 0xFF,
    0xFF, 0xFF, 0xFF, 0xFF, 0xFF, 0xFF, 0xFF, 0xFF, 0xFF, 0xFF, 0xFF, 0xFF, 0xFF, 0xFF, 0xFF, 0xFF,
    0xFF, 0xFF, 0xFF, 0xFF, 0xFF, 0xFF, 0xFF, 0xFF, 0xFF, 0xFF, 0xFF, 0xFF, 0xFF, 0xFF, 0xFF, 0xFF,
    0xFF, 0xFF, 0xFF, 0xFF, 0xFF, 0xFF, 0xFF, 0xFF, 0xFF, 0xFF, 0xFF, 0xFF, 0xFF, 0xFF, 0xFF, 0xFF,
    0xFF, 0xFF, 0xFF, 0xFF, 0xFF, 0xFF, 0xFF, 0xFF, 0xFF, 0xFF, 0xFF, 0xFF, 0xFF, 0xFF, 0xFF, 0xFF,
    0xFF, 0xFF, 0xFF, 0xFF, 0xFF, 0xFF, 0xFF, 0xFF, 0xFF, 0xFF, 0xFF, 0xFF, 0xFF, 0xFF, 0xFF, 0xFF,
    0xFF, 0xFF, 0xFF, 0xFF, 0xFF, 0xFF, 0xFF, 0xFF, 0xFF, 0xFF, 0xFF, 0xFF, 0xFF, 0xFF, 0xFF, 0xFF,
    0xFF, 0xFF, 0xFF, 0xFF, 0xFF, 0xFF, 0xFF, 0xFF, 0xFF, 0xFF, 0xFF, 0xFF, 0xFF, 0xFF, 0xFF, 0xFF,
    0xFF, 0xFF, 0xFF, 0xFF, 0xFF, 0xFF, 0xFF, 0xFF, 0xFF, 0xFF, 0xFF, 0xFF, 0xFF, 0xFF, 0xFF, 0xFF,
    0xFF, 0xFF, 0xFF, 0xFF, 0xFF, 0xFF, 0xFF, 0xFF, 0xFF, 0xFF, 0xFF, 0xFF, 0xFF, 0xFF, 0xFF, 0xFF,
    0xFF, 0xFF, 0xFF, 0xFF, 0xFF, 0xFF, 0xFF, 0xFF, 0xFF, 0xFF, 0xFF, 0xFF, 0xFF, 0xFF, 0xFF, 0xFF,
    0xFF, 0xFF, 0xFF, 0xFF, 0xFF, 0xFF, 0xFF, 0xFF, 0xFF, 0xFF, 0xFF, 0xFF, 0xFF, 0xFF, 0xFF, 0xFF,
    0xFF, 0xFF, 0xFF, 0xFF, 0xFF, 0xFF, 0xFF, 0xFF, 0xFF, 0xFF, 0xFF, 0xFF, 0xFF, 0xFF, 0xFF, 0xFF,
    0xFF, 0xFF, 0xFF, 0xFF, 0xFF, 0xFF, 0xFF, 0xFF, 0xFF, 0xFF, 0xFF, 0xFF, 0xFF, 0xFF, 0xFF, 0xFF,
    0xFF, 0xFF, 0xFF, 0xFF, 0xFF, 0xFF, 0xFF, 0xFF, 0xFF, 0xFF, 0xFF, 0xFF, 0xFF, 0xFF, 0xFF, 0xFF,
    0xFF, 0xFF, 0xFF, 0xFF, 0xFF, 0xFF, 0xFF, 0xFF, 0xFF, 0xFF, 0xFF, 0xFF, 0xFF, 0xFF, 0xFF, 0xFF,
    0xFF, 0xFF, 0xFF, 0xFF, 0xFF, 0xFF, 0xFF, 0xFF, 0xFF, 0xFF, 0xFF, 0xFF, 0xFF, 0xFF, 0xFF, 0xFF,
    0xFF, 0xFF, 0xFF, 0xFF, 0xFF, 0xFF, 0xFF, 0xFF, 0xFF, 0xFF, 0xFF, 0xFF, 0xFF, 0xFF, 0xFF, 0xFF,
    0xFF, 0xFF, 0xFF, 0xFF, 0xFF, 0xFF, 0xFF, 0xFF, 0xFF, 0xFF, 0xFF, 0xFF, 0xFF, 0xFF, 0xFF, 0xFF,
    0xFF, 0xFF, 0xFF, 0xFF, 0xFF, 0xFF, 0xFF, 0xFF, 0xFF, 0xFF, 0xFF, 0xFF, 0xFF, 0xFF, 0xFF, 0xFF,
    0xFF, 0xFF, 0xFF, 0xFF, 0xFF, 0xFF, 0xFF, 0xFF, 0xFF, 0xFF, 0xFF, 0xFF, 0xFF, 0xFF, 0xFF, 0xFF,
    0xFF, 0xFF, 0xFF, 0xFF, 0xFF, 0xFF, 0xFF, 0xFF, 0xFF, 0xFF, 0xFF, 0xFF, 0xFF, 0xFF, 0xFF, 0xFF,
    0xFF, 0xFF, 0xFF, 0xFF, 0xFF, 0xFF, 0xFF, 0xFF, 0xFF, 0xFF, 0xFF, 0xFF, 0xFF, 0xFF, 0xFF, 0xFF,
    0xFF, 0xFF, 0xFF, 0xFF, 0xFF, 0xFF, 0xFF, 0xFF, 0xFF, 0xFF, 0xFF, 0xFF, 0xFF, 0xFF, 0xFF, 0xFF,
    0xFF, 0xFF, 0xFF, 0xFF, 0xFF, 0xFF, 0xFF, 0xFF, 0xFF, 0xFF, 0xFF, 0xFF, 0xFF, 0xFF, 0xFF, 0xFF,
    0xFF, 0xFF, 0xFF, 0xFF, 0xFF, 0xFF, 0xFF, 0xFF, 0xFF, 0xFF, 0xFF, 0xFF, 0xFF, 0xFF, 0xFF, 0xFF,
    0xFF, 0xFF, 0xFF, 0xFF, 0xFF, 0xFF, 0xFF, 0xFF, 0xFF, 0xFF, 0xFF, 0xFF, 0xFF, 0xFF, 0xFF, 0xFF,
    0xFF, 0xFF, 0xFF, 0xFF, 0xFF, 0xFF, 0xFF, 0xFF, 0xFF, 0xFF, 0xFF, 0xFF, 0xFF, 0xFF, 0xFF, 0xFF,
    0xFF, 0xFF, 0xFF, 0xFF, 0xFF, 0xFF, 0xFF, 0xFF, 0xFF, 0xFF, 0xFF, 0xFF, 0xFF, 0xFF, 0xFF, 0xFF,
    0xFF, 0xFF, 0xFF, 0xFF, 0xFF, 0xFF, 0xFF, 0xFF, 0xFF, 0xFF, 0xFF, 0xFF, 0xFF, 0xFF, 0xFF, 0xFF,
    0xFF, 0xFF, 0xFF, 0xFF, 0xFF, 0xFF, 0xFF, 0xFF, 0xFF, 0xFF, 0xFF, 0xFF, 0xFF, 0xFF, 0xFF, 0xFF,
    0xFF, 0xFF, 0xFF, 0xFF, 0xFF, 0xFF, 0xFF, 0xFF, 0xFF, 0xFF, 0xFF, 0xFF, 0xFF, 0xFF, 0xFF, 0xFF,
    0xFF, 0xFF, 0xFF, 0xFF, 0xFF, 0xFF, 0xFF, 0xFF, 0xFF, 0xFF, 0xFF, 0xFF, 0xFF, 0xFF, 0xFF, 0xFF,
    0xFF, 0xFF, 0xFF, 0xFF, 0xFF, 0xFF, 0xFF, 0xFF, 0xFF, 0xFF, 0xFF, 0xFF, 0xFF, 0xFF, 0xFF, 0xFF,
    0xFF, 0xFF, 0xFF, 0xFF, 0xFF, 0xFF, 0xFF, 0xFF, 0xFF, 0xFF, 0xFF, 0xFF, 0xFF, 0xFF, 0xFF, 0xFF,
    0xFF, 0xFF, 0xFF, 0xFF, 0xFF, 0xFF, 0xFF, 0xFF, 0xFF, 0xFF, 0xFF, 0xFF, 0xFF, 0xFF, 0xFF, 0xFF,
    0xFF, 0xFF, 0xFF, 0xFF, 0xFF, 0xFF, 0xFF, 0xFF, 0xFF, 0xFF, 0xFF, 0xFF, 0xFF, 0xFF, 0xFF, 0xFF,
    0xFF, 0xFF, 0xFF, 0xFF, 0xFF, 0xFF, 0xFF, 0xFF, 0xFF, 0xFF, 0xFF, 0xFF, 0xFF, 0xFF, 0xFF, 0xFF,
    0xFF, 0xFF, 0xFF, 0xFF, 0xFF, 0xFF, 0xFF, 0xFF, 0xFF, 0xFF, 0xFF, 0xFF, 0xFF, 0xFF, 0xFF, 0xFF,
    0xFF, 0xFF, 0xFF, 0xFF, 0xFF, 0xFF, 0xFF, 0xFF, 0xFF, 0xFF, 0xFF, 0xFF, 0xFF, 0xFF, 0xFF, 0xFF,
    0xFF, 0xFF, 0xFF, 0xFF, 0xFF, 0xFF, 0xFF, 0xFF, 0xFF, 0xFF, 0xFF, 0xFF, 0xFF, 0xFF, 0xFF, 0xFF,
    0xFF, 0xFF, 0xFF, 0xFF, 0xFF, 0xFF, 0xFF, 0xFF, 0xFF, 0xFF, 0xFF, 0xFF, 0xFF, 0xFF, 0xFF, 0xFF,
    0xFF, 0xFF, 0xFF, 0xFF, 0xFF, 0xFF, 0xFF, 0xFF, 0xFF, 0xFF, 0xFF, 0xFF, 0xFF, 0xFF, 0xFF, 0xFF,
    0xFF, 0xFF, 0xFF, 0xFF, 0xFF, 0xFF, 0xFF, 0xFF, 0xFF, 0xFF, 0xFF, 0xFF, 0xFF, 0xFF, 0xFF, 0xFF,
    0xFF, 0xFF, 0xFF, 0xFF, 0xFF, 0xFF, 0xFF, 0xFF, 0xFF, 0xFF, 0xFF, 0xFF, 0xFF, 0xFF, 0xFF, 0xFF,
    0xFF, 0xFF, 0xFF, 0xFF, 0xFF, 0xFF, 0xFF, 0xFF, 0xFF, 0xFF, 0xFF, 0xFF, 0xFF, 0xFF, 0xFF, 0xFF,
    0xFF, 0xFF, 0xFF, 0xFF, 0xFF, 0xFF, 0xFF, 0xFF, 0xFF, 0xFF, 0xFF, 0xFF, 0xFF, 0xFF, 0xFF, 0xFF,
    0xFF, 0xFF, 0xFF, 0xFF, 0xFF, 0xFF, 0xFF, 0xFF, 0xFF, 0xFF, 0xFF, 0xFF, 0xFF, 0xFF, 0xFF, 0xFF,
    0xFF, 0xFF, 0xFF, 0xFF, 0xFF, 0xFF, 0xFF, 0xFF, 0xFF, 0xFF, 0xFF, 0xFF, 0xFF, 0xFF, 0xFF, 0xFF,
    0xFF, 0xFF, 0xFF, 0xFF, 0xFF, 0xFF, 0xFF, 0xFF, 0xFF, 0xFF, 0xFF, 0xFF, 0xFF, 0xFF, 0xFF, 0xFF,
    0xFF, 0xFF, 0xFF, 0xFF, 0xFF, 0xFF, 0xFF, 0xFF, 0xFF, 0xFF, 0xFF, 0xFF, 0xFF, 0xFF, 0xFF, 0xFF,
    0xFF, 0xFF, 0xFF, 0xFF, 0xFF, 0xFF, 0xFF, 0xFF, 0xFF, 0xFF, 0xFF, 0xFF, 0xFF, 0xFF, 0xFF, 0xFF,
    0xFF, 0xFF, 0xFF, 0xFF, 0xFF, 0xFF, 0xFF, 0xFF, 0xFF, 0xFF, 0xFF, 0xFF, 0xFF, 0xFF, 0xFF, 0xFF,
    0xFF, 0xFF, 0xFF, 0xFF, 0xFF, 0xFF, 0xFF, 0xFF, 0xFF, 0xFF, 0xFF, 0xFF, 0xFF, 0xFF, 0xFF, 0xFF,
    0xFF, 0xFF, 0xFF, 0xFF, 0xFF, 0xFF, 0xFF, 0xFF, 0xFF, 0xFF, 0xFF, 0xFF, 0xFF, 0xFF, 0xFF, 0xFF,
    0xFF, 0xFF, 0xFF, 0xFF, 0xFF, 0xFF, 0xFF, 0xFF, 0xFF, 0xFF, 0xFF, 0xFF, 0xFF, 0xFF, 0xFF, 0xFF,
    0xFF, 0xFF, 0xFF, 0xFF, 0xFF, 0xFF, 0xFF, 0xFF, 0xFF, 0xFF, 0xFF, 0xFF, 0xFF, 0xFF, 0xFF, 0xFF,
    0xFF, 0xFF, 0xFF, 0xFF, 0xFF, 0xFF, 0xFF, 0xFF, 0xFF, 0xFF, 0xFF, 0xFF, 0xFF, 0xFF, 0xFF, 0xFF,
    0xFF, 0xFF, 0xFF, 0xFF, 0xFF, 0xFF, 0xFF, 0xFF, 0xFF, 0xFF, 0xFF, 0xFF, 0xFF, 0xFF, 0xFF, 0xFF,
    0xFF, 0xFF, 0xFF, 0xFF, 0xFF, 0xFF, 0xFF, 0xFF, 0xFF, 0xFF, 0xFF, 0xFF, 0xFF, 0xFF, 0xFF, 0xFF,
    0xFF, 0xFF, 0xFF, 0xFF, 0xFF, 0xFF, 0xFF, 0xFF, 0xFF, 0xFF, 0xFF, 0xFF, 0xFF, 0xFF, 0xFF, 0xFF,
    0xFF, 0xFF, 0xFF, 0xFF, 0xFF, 0xFF, 0xFF, 0xFF, 0xFF, 0xFF, 0xFF, 0xFF, 0xFF, 0xFF, 0xFF, 0xFF,
    0xFF, 0xFF, 0xFF, 0xFF, 0xFF, 0xFF, 0xFF, 0xFF, 0xFF, 0xFF, 0xFF, 0xFF, 0xFF, 0xFF, 0xFF, 0xFF,
    0xFF, 0xFF, 0xFF, 0xFF, 0xFF, 0xFF, 0xFF, 0xFF, 0xFF, 0xFF, 0xFF, 0xFF, 0xFF, 0xFF, 0xFF, 0xFF,
    0xFF, 0xFF, 0xFF, 0xFF, 0xFF, 0xFF, 0xFF, 0xFF, 0xFF, 0xFF, 0xFF, 0xFF, 0xFF, 0xFF, 0xFF, 0xFF,
    0xFF, 0xFF, 0xFF, 0xFF, 0xFF, 0xFF, 0xFF, 0xFF, 0xFF, 0xFF, 0xFF, 0xFF, 0xFF, 0xFF, 0xFF, 0xFF,
    0xFF, 0xFF, 0xFF, 0xFF, 0xFF, 0xFF, 0xFF, 0xFF, 0xFF, 0xFF, 0xFF, 0xFF, 0xFF, 0xFF, 0xFF, 0xFF,
    0xFF, 0xFF, 0xFF, 0xFF, 0xFF, 0xFF, 0xFF, 0xFF, 0xFF, 0xFF, 0xFF, 0xFF, 0xFF, 0xFF, 0xFF, 0xFF,
    0xFF, 0xFF, 0xFF, 0xFF, 0xFF, 0xFF, 0xFF, 0xFF, 0xFF, 0xFF, 0xFF, 0xFF, 0xFF, 0xFF, 0xFF, 0xFF,
    0xFF, 0xFF, 0xFF, 0xFF, 0xFF, 0xFF, 0xFF, 0xFF, 0xFF, 0xFF, 0xFF, 0xFF, 0xFF, 0xFF, 0xFF, 0xFF,
    0xFF, 0xFF, 0xFF, 0xFF, 0xFF, 0xFF, 0xFF, 0xFF, 0xFF, 0xFF, 0xFF, 0xFF, 0xFF, 0xFF, 0xFF, 0xFF,
    0xFF, 0xFF, 0xFF, 0xFF, 0xFF, 0xFF, 0xFF, 0xFF, 0xFF, 0xFF, 0xFF, 0xFF, 0xFF, 0xFF, 0xFF, 0xFF,
    0xFF, 0xFF, 0xFF, 0xFF, 0xFF, 0xFF, 0xFF, 0xFF, 0xFF, 0xFF, 0xFF, 0xFF, 0xFF, 0xFF, 0xFF, 0xFF,
    0xFF, 0xFF, 0xFF, 0xFF, 0xFF, 0xFF, 0xFF, 0xFF, 0xFF, 0xFF, 0xFF, 0xFF, 0xFF, 0xFF, 0xFF, 0xFF,
    0xFF, 0xFF, 0xFF, 0xFF, 0xFF, 0xFF, 0xFF, 0xFF, 0xFF, 0xFF, 0xFF, 0xFF, 0xFF, 0xFF, 0xFF, 0xFF,
    0xFF, 0xFF, 0xFF, 0xFF, 0xFF, 0xFF, 0xFF, 0xFF, 0xFF, 0xFF, 0xFF, 0xFF, 0xFF, 0xFF, 0xFF, 0xFF,
    0xFF, 0xFF, 0xFF, 0xFF, 0xFF, 0xFF, 0xFF, 0xFF, 0xFF, 0xFF, 0xFF, 0xFF, 0xFF, 0xFF, 0xFF, 0xFF,
    0xFF, 0xFF, 0xFF, 0xFF, 0xFF, 0xFF, 0xDE, 0xFF, 0x9C, 0xFF, 0x7B, 0xFF, 0x59, 0xFF, 0x59, 0xFF,
    0x39, 0xFF, 0x59, 0xFF, 0x7A, 0xFF, 0x9C, 0xFF, 0xBD, 0xFF, 0xFF, 0xFF, 0xFF, 0xFF, 0xFF, 0xFF,
    0xFF, 0xFF, 0xFF, 0xFF, 0xFF, 0xFF, 0xFF, 0xFF, 0xFF, 0xFF, 0xFF, 0xFF, 0xFF, 0xFF, 0xFF, 0xFF,
    0xFF, 0xFF, 0xFF, 0xFF, 0xFF, 0xFF, 0xFF, 0xFF, 0xFF, 0xFF, 0xFF, 0xFF, 0xFF, 0xFF, 0xFF, 0xFF,
    0xFF, 0xFF, 0xFF, 0xFF, 0xFF, 0xFF, 0xFF, 0xFF, 0xFF, 0xFF, 0xFF, 0xFF, 0xFF, 0xFF, 0xFF, 0xFF,
    0xFF, 0xFF, 0xFF, 0xFF, 0xFF, 0xFF, 0xFF, 0xFF, 0xFF, 0xFF, 0xFF, 0xFF, 0xFF, 0xFF, 0xFF, 0xFF,
    0xFF, 0xFF, 0xFF, 0xFF, 0xFF, 0xFF, 0xFF, 0xFF, 0xFF, 0xFF, 0xFF, 0xFF, 0xFF, 0xFF, 0xFF, 0xFF,
    0xFF, 0xFF, 0xFF, 0xFF, 0xFF, 0xFF, 0xFF, 0xFF, 0xFF, 0xFF, 0xFF, 0xFF, 0xFF, 0xFF, 0xFF, 0xFF,
    0xFF, 0xFF, 0xFF, 0xFF, 0xFF, 0xFF, 0xFF, 0xFF, 0xFF, 0xFF, 0xFF, 0xFF, 0xFF, 0xFF, 0xFF, 0xFF,
    0xFF, 0xFF, 0xFF, 0xFF, 0xFF, 0xFF, 0xFF, 0xFF, 0xFF, 0xFF, 0xFF, 0xFF, 0xFF, 0xFF, 0xFF, 0xFF,
    0xFF, 0xFF, 0xFF, 0xFF, 0xBC, 0xFF, 0x37, 0xFF, 0x91, 0xFE, 0x2D, 0xFE, 0xEB, 0xFD, 0xCB, 0xFD,
    0xCA, 0xFD, 0xEB, 0xFD, 0x0D, 0xFE, 0x70, 0xFE, 0xF6, 0xFE, 0x9B, 0xFF, 0xFF, 0xFF, 0xFF, 0xFF,
    0xFF, 0xFF, 0xFF, 0xFF, 0xFF, 0xFF, 0xFF, 0xFF, 0xFF, 0xFF, 0xFF, 0xFF, 0xFF, 0xFF, 0xFF, 0xFF,
    0xFF, 0xFF, 0xFF, 0xFF, 0xFF, 0xFF, 0xFF, 0xFF, 0xFF, 0xFF, 0xFF, 0xFF, 0xFF, 0xFF, 0xFF, 0xFF,
    0xFF, 0xFF, 0xFF, 0xFF, 0xFF, 0xFF, 0xFF, 0xFF, 0xFF, 0xFF, 0xFF, 0xFF, 0xFF, 0xFF, 0xFF, 0xFF,
    0xFF, 0xFF, 0xFF, 0xFF, 0xFF, 0xFF, 0xFF, 0xFF, 0xFF, 0xFF, 0xFF, 0xFF, 0xFF, 0xFF, 0xFF, 0xFF,
    0xFF, 0xFF, 0xFF, 0xFF, 0xFF, 0xFF, 0xFF, 0xFF, 0xFF, 0xFF, 0xFF, 0xFF, 0xFF, 0xFF, 0xFF, 0xFF,
    0xFF, 0xFF, 0xFF, 0xFF, 0xFF, 0xFF, 0xFF, 0xFF, 0xFF, 0xFF, 0xFF, 0xFF, 0xFF, 0xFF, 0xFF, 0xFF,
    0xFF, 0xFF, 0xFF, 0xFF, 0xFF, 0xFF, 0xFF, 0xFF, 0xFF, 0xFF, 0xFF, 0xFF, 0xFF, 0xFF, 0xFF, 0xFF,
    0xFF, 0xFF, 0xFF, 0xFF, 0xFF, 0xFF, 0xFF, 0xFF, 0xFF, 0xFF, 0xFF, 0xFF, 0xFF, 0xFF, 0xFF, 0xFF,
    0xDE, 0xFF, 0x9B, 0xFF, 0xF5, 0xFE, 0x4F, 0xFE, 0xA9, 0xFD, 0x46, 0xFD, 0x04, 0xFD, 0x03, 0xFD,
    0x03, 0xFD, 0x03, 0xFD, 0x45, 0xFD, 0x88, 0xFD, 0x0D, 0xFE, 0xD4, 0xFE, 0x7A, 0xFF, 0xDD, 0xFF,
    0xFF, 0xFF, 0xFF, 0xFF, 0xFF, 0xFF, 0xFF, 0xFF, 0xFF, 0xFF, 0xFF, 0xFF, 0xFF, 0xFF, 0xFF, 0xFF,
    0xFF, 0xFF, 0xFF, 0xFF, 0xFF, 0xFF, 0xFF, 0xFF, 0xFF, 0xFF, 0xFF, 0xFF, 0xFF, 0xFF, 0xFF, 0xFF,
    0xFF, 0xFF, 0xFF, 0xFF, 0xFF, 0xFF, 0xFF, 0xFF, 0xFF, 0xFF, 0xFF, 0xFF, 0xFF, 0xFF, 0xFF, 0xFF,
    0xFF, 0xFF, 0xFF, 0xFF, 0xFF, 0xFF, 0xFF, 0xFF, 0xFF, 0xFF, 0xFF, 0xFF, 0xFF, 0xFF, 0xFF, 0xFF,
    0xFF, 0xFF, 0xFF, 0xFF, 0xFF, 0xFF, 0xFF, 0xFF, 0xFF, 0xFF, 0xFF, 0xFF, 0xFF, 0xFF, 0xFF, 0xFF,
    0xFF, 0xFF, 0xFF, 0xFF, 0xFF, 0xFF, 0xFF, 0xFF, 0xFF, 0xFF, 0xFF, 0xFF, 0xFF, 0xFF, 0xFF, 0xFF,
    0xFF, 0xFF, 0xFF, 0xFF, 0xFF, 0xFF, 0xFF, 0xFF, 0xFF, 0xFF, 0xFF, 0xFF, 0xDF, 0xFF, 0xDF, 0xFF,
    0xFF, 0xFF, 0xFF, 0xFF, 0xDF, 0xFF, 0xFF, 0xFF, 0xDF, 0xFF, 0xFF, 0xFF, 0xFF, 0xFF, 0xDE, 0xFF,
    0x59, 0xFF, 0x92, 0xFE, 0xCB, 0xFD, 0x67, 0xFD, 0x45, 0xFD, 0x45, 0xFD, 0x24, 0xFD, 0x24, 0xFD,
    0x24, 0xFD, 0x24, 0xFD, 0x45, 0xFD, 0x45, 0xFD, 0x67, 0xFD, 0xCA, 0xFD, 0x50, 0xFE, 0x17, 0xFF,
    0xDE, 0xFF, 0xFF, 0xFF, 0xFF, 0xFF, 0xFE, 0xFF, 0xFF, 0xFF, 0xFF, 0xFF, 0xFF, 0xFF, 0xFF, 0xFF,
    0xFF, 0xFF, 0xFF, 0xFF, 0xFF, 0xFF, 0xFF, 0xFF, 0xFF, 0xFF, 0xFF, 0xFF, 0xFF, 0xFF, 0xFF, 0xFF,
    0xFF, 0xFF, 0xFF, 0xFF, 0xFF, 0xFF, 0xFF, 0xFF, 0xFF, 0xFF, 0xFF, 0xFF, 0xFF, 0xFF, 0xFF, 0xFF,
    0xFF, 0xFF, 0xFF, 0xFF, 0xFF, 0xFF, 0xFF, 0xFF, 0xFF, 0xFF, 0xFF, 0xFF, 0xFF, 0xFF, 0xFF, 0xFF,
    0xFF, 0xFF, 0xFF, 0xFF, 0xFF, 0xFF, 0xFF, 0xFF, 0xFF, 0xFF, 0xFF, 0xFF, 0xFF, 0xFF, 0xFF, 0xFF,
    0xFF, 0xFF, 0xFF, 0xFF, 0xFF, 0xFF, 0xFF, 0xFF, 0xFF, 0xFF, 0xFF, 0xFF, 0xFF, 0xFF, 0xFF, 0xFF,
    0xFF, 0xFF, 0xFF, 0xFF, 0xFF, 0xFF, 0xFF, 0xFF, 0xFF, 0xFF, 0xFF, 0xFF, 0xFF, 0xFF, 0xFF, 0xFF,
    0xFF, 0xFF, 0xFF, 0xFF, 0xFF, 0xFF, 0xFF, 0xFF, 0xFF, 0xFF, 0xFF, 0xFF, 0xFF, 0xFF, 0x9C, 0xFF,
    0x92, 0xFE, 0xAA, 0xFD, 0x25, 0xFD, 0x24, 0xFD, 0x45, 0xFD, 0x66, 0xFD, 0x66, 0xFD, 0x66, 0xFD,
    0x66, 0xFD, 0x67, 0xFD, 0x66, 0xFD, 0x45, 0xFD, 0x25, 0xFD, 0x25, 0xFD, 0x88, 0xFD, 0x70, 0xFE,
    0x7A, 0xFF, 0xFF, 0xFF, 0xFF, 0xFF, 0xFF, 0xFF, 0xFF, 0xFF, 0xFF, 0xFF, 0xFF, 0xFF, 0xFF, 0xFF,
    0xFF, 0xFF, 0xFF, 0xFF, 0xFF, 0xFF, 0xFF, 0xFF, 0xFF, 0xFF, 0xFF, 0xFF, 0xFF, 0xFF, 0xFF, 0xFF,
    0xFF, 0xFF, 0xFF, 0xFF, 0xFF, 0xFF, 0xFF, 0xFF, 0xFF, 0xFF, 0xFF, 0xFF, 0xFF, 0xFF, 0xFF, 0xFF,
    0xFF, 0xFF, 0xFF, 0xFF, 0xFF, 0xFF, 0xFF, 0xFF, 0xFF, 0xFF, 0xFF, 0xFF, 0xFF, 0xFF, 0xFF, 0xFF,
    0xFF, 0xFF, 0xFF, 0xFF, 0xFF, 0xFF, 0xFF, 0xFF, 0xFF, 0xFF, 0xFF, 0xFF, 0xFF, 0xFF, 0xFF, 0xFF,
    0xFF, 0xFF, 0xFF, 0xFF, 0xFF, 0xFF, 0xFF, 0xFF, 0xFF, 0xFF, 0xFF, 0xFF, 0xFF, 0xFF, 0xFF, 0xFF,
    0xFF, 0xFF, 0xFF, 0xFF, 0xFF, 0xFF, 0xFF, 0xFF, 0xFF, 0xFF, 0xFF, 0xFF, 0xFF, 0xFF, 0xFF, 0xFF,
    0xFF, 0xFF, 0xFF, 0xFF, 0xFF, 0xFF, 0xFF, 0xFF, 0xFF, 0xFF, 0xFF, 0xFF, 0xDE, 0xFF, 0xF6, 0xFE,
    0xCB, 0xFD, 0x25, 0xFD, 0x24, 0xFD, 0x45, 0xFD, 0x45, 0xFD, 0x46, 0xFD, 0x46, 0xFD, 0x46, 0xFD,
    0x46, 0xFD, 0x46, 0xFD, 0x46, 0xFD, 0x45, 0xFD, 0x45, 0xFD, 0x24, 0xFD, 0x25, 0xFD, 0xCA, 0xFD,
    0xD4, 0xFE, 0x9C, 0xFF, 0xFF, 0xFF, 0xFF, 0xFF, 0xFF, 0xFF, 0xFF, 0xFF, 0xFF, 0xFF, 0xFF, 0xFF,
    0xFF, 0xFF, 0xFF, 0xFF, 0xFF, 0xFF, 0xFF, 0xFF, 0xFF, 0xFF, 0xFF, 0xFF, 0xFF, 0xFF, 0xFF, 0xFF,
    0xFF, 0xFF, 0xFF, 0xFF, 0xFF, 0xFF, 0xFF, 0xFF, 0xFF, 0xFF, 0xFF, 0xFF, 0xFF, 0xFF, 0xFF, 0xFF,
    0xFF, 0xFF, 0xFF, 0xFF, 0xFF, 0xFF, 0xFF, 0xFF, 0xFF, 0xFF, 0xFF, 0xFF, 0xFF, 0xFF, 0xFF, 0xFF,
    0xFF, 0xFF, 0xFF, 0xFF, 0xFF, 0xFF, 0xFF, 0xFF, 0xFF, 0xFF, 0xFF, 0xFF, 0xFF, 0xFF, 0xFF, 0xFF,
    0xFF, 0xFF, 0xFF, 0xFF, 0xFF, 0xFF, 0xFF, 0xFF, 0xFF, 0xFF, 0xFF, 0xFF, 0xFF, 0xFF, 0xFF, 0xFF,
    0xFF, 0xFF, 0xFF, 0xFF, 0xFF, 0xFF, 0xFF, 0xFF, 0xBE, 0xFF, 0x5C, 0xFF, 0x3C, 0xFF, 0x1B, 0xFF,
    0xFA, 0xFE, 0xFA, 0xFE, 0x1B, 0xFF, 0x5C, 0xFF, 0x7D, 0xFF, 0x9D, 0xFF, 0x59, 0xFF, 0x91, 0xFE,
    0x88, 0xFD, 0x04, 0xFD, 0x25, 0xFD, 0x67, 0xFD, 0x46, 0xFD, 0x46, 0xFD, 0x46, 0xFD, 0x46, 0xFD,
    0x46, 0xFD, 0x46, 0xFD, 0x46, 0xFD, 0x46, 0xFD, 0x67, 0xFD, 0x45, 0xFD, 0x24, 0xFD, 0x67, 0xFD,
    0x2F, 0xFE, 0x16, 0xFF, 0xBC, 0xFF, 0xFD, 0xFF, 0xDB, 0xFF, 0xDA, 0xFF, 0xDA, 0xFF, 0xDA, 0xFF,
    0xDA, 0xFF, 0xDB, 0xFF, 0xDC, 0xFF, 0xFE, 0xFF, 0xFF, 0xFF, 0xFF, 0xFF, 0xFF, 0xFF, 0xFF, 0xFF,
    0xFF, 0xFF, 0xFF, 0xFF, 0xFF, 0xFF, 0xFF, 0xFF, 0xFF, 0xFF, 0xFF, 0xFF, 0xFF, 0xFF, 0xFF, 0xFF,
    0xFF, 0xFF, 0xFF, 0xFF, 0xFF, 0xFF, 0xFF, 0xFF, 0xFF, 0xFF, 0xFF, 0xFF, 0xFF, 0xFF, 0xFF, 0xFF,
    0xFF, 0xFF, 0xFF, 0xFF, 0xFF, 0xFF, 0xFF, 0xFF, 0xFF, 0xFF, 0xFF, 0xFF, 0xFF, 0xFF, 0xFF, 0xFF,
    0xFF, 0xFF, 0xFF, 0xFF, 0xFF, 0xFF, 0xFF, 0xFF, 0xFF, 0xFF, 0xFF, 0xFF, 0xFF, 0xFF, 0xFF, 0xFF,
    0xFF, 0xFF, 0xFF, 0xFF, 0xFF, 0xFF, 0x7D, 0xFF, 0x78, 0xFE, 0x94, 0xFD, 0x11, 0xF5, 0xD0, 0xF4,
    0xAF, 0xF4, 0xAF, 0xF4, 0xAF, 0xF4, 0x32, 0xF5, 0xD5, 0xFD, 0x56, 0xFE, 0x72, 0xFE, 0x0C, 0xFE,
    0x67, 0xFD, 0x24, 0xFD, 0x25, 0xFD, 0x46, 0xFD, 0x46, 0xFD, 0x46, 0xFD, 0x46, 0xFD, 0x46, 0xFD,
    0x46, 0xFD, 0x46, 0xFD, 0x46, 0xFD, 0x46, 0xFD, 0x46, 0xFD, 0x45, 0xFD, 0x45, 0xFD, 0x46, 0xFD,
    0xAA, 0xFD, 0x8F, 0xFE, 0x74, 0xFF, 0xB3, 0xFF, 0x8F, 0xFF, 0x4B, 0xFF, 0x4A, 0xFF, 0x4A, 0xFF,
    0x4B, 0xFF, 0x6D, 0xFF, 0x91, 0xFF, 0xB6, 0xFF, 0xFD, 0xFF, 0xFF, 0xFF, 0xFF, 0xFF, 0xFF, 0xFF,
    0xFF, 0xFF, 0xFF, 0xFF, 0xFF, 0xFF, 0xFF, 0xFF, 0xFF, 0xFF, 0xFF, 0xFF, 0xFF, 0xFF, 0xFF, 0xFF,
    0xFF, 0xFF, 0xFF, 0xFF, 0xFF, 0xFF, 0xFF, 0xFF, 0xFF, 0xFF, 0xFF, 0xFF, 0xFF, 0xFF, 0xFF, 0xFF,
    0xFF, 0xFF, 0xFF, 0xFF, 0xFF, 0xFF, 0xFF, 0xFF, 0xFF, 0xFF, 0xFF, 0xFF, 0xFF, 0xFF, 0xFF, 0xFF,
    0xFF, 0xFF, 0xFF, 0xFF, 0xFF, 0xFF, 0xFF, 0xFF, 0xFF, 0xFF, 0xFF, 0xFF, 0xFF, 0xFF, 0xFF, 0xFF,
    0xFF, 0xFF, 0xDE, 0xFF, 0x1B, 0xFF, 0x16, 0xFE, 0x11, 0xF5, 0x4D, 0xF4, 0xAB, 0xF3, 0x69, 0xF3,
    0x69, 0xF3, 0x69, 0xF3, 0x69, 0xF3, 0xEC, 0xF3, 0x8F, 0xF4, 0xEF, 0xF4, 0x0B, 0xFD, 0x08, 0xFD,
    0x46, 0xFD, 0x66, 0xFD, 0x46, 0xFD, 0x46, 0xFD, 0x46, 0xFD, 0x46, 0xFD, 0x46, 0xFD, 0x46, 0xFD,
    0x46, 0xFD, 0x46, 0xFD, 0x46, 0xFD, 0x46, 0xFD, 0x46, 0xFD, 0x46, 0xFD, 0x66, 0xFD, 0x46, 0xFD,
    0x46, 0xFD, 0xE9, 0xFD, 0x0B, 0xFF, 0x8B, 0xFF, 0x46, 0xF7, 0x02, 0xF7, 0x01, 0xF7, 0x01, 0xF7,
    0x02, 0xF7, 0x24, 0xF7, 0x28, 0xF7, 0x6D, 0xFF, 0xB4, 0xFF, 0xDA, 0xFF, 0xFE, 0xFF, 0xFF, 0xFF,
    0xFF, 0xFF, 0xFF, 0xFF, 0xFF, 0xFF, 0xFF, 0xFF, 0xFF, 0xFF, 0xFF, 0xFF, 0xFF, 0xFF, 0xFF, 0xFF,
    0xFF, 0xFF, 0xFF, 0xFF, 0xFF, 0xFF, 0xFF, 0xFF, 0xFF, 0xFF, 0xFF, 0xFF, 0xFF, 0xFF, 0xFF, 0xFF,
    0xFF, 0xFF, 0xFF, 0xFF, 0xFF, 0xFF, 0xFF, 0xFF, 0xFF, 0xFF, 0xFF, 0xFF, 0xFF, 0xFF, 0xFF, 0xFF,
    0xFF, 0xFF, 0xFF, 0xFF, 0xFF, 0xFF, 0xFF, 0xFF, 0xFF, 0xFF, 0xFF, 0xFF, 0xFF, 0xFF, 0xFF, 0xFF,
    0xDF, 0xFF, 0xFA, 0xFE, 0x53, 0xFD, 0x4D, 0xF4, 0xEC, 0xF3, 0xEC, 0xF3, 0xAA, 0xF3, 0x8A, 0xF3,
    0x8A, 0xF3, 0x8A, 0xF3, 0x8A, 0xF3, 0xCB, 0xF3, 0x0C, 0xF4, 0xCB, 0xF3, 0x66, 0xF3, 0xA4, 0xF3,
    0xA5, 0xFC, 0x46, 0xFD, 0x66, 0xFD, 0x46, 0xFD, 0x46, 0xFD, 0x46, 0xFD, 0x46, 0xFD, 0x46, 0xFD,
    0x46, 0xFD, 0x46, 0xFD, 0x46, 0xFD, 0x46, 0xFD, 0x46, 0xFD, 0x46, 0xFD, 0x66, 0xFD, 0x05, 0xF5,
    0xC3, 0xF4, 0x63, 0xF5, 0xA5, 0xF6, 0x65, 0xF7, 0x44, 0xF7, 0x02, 0xF7, 0x02, 0xF7, 0x02, 0xF7,
    0x03, 0xF7, 0x03, 0xF7, 0x25, 0xF7, 0x25, 0xF7, 0x48, 0xF7, 0x6F, 0xFF, 0xD9, 0xFF, 0xFF, 0xFF,
    0xFF, 0xFF, 0xFF, 0xFF, 0xFF, 0xFF, 0xFF, 0xFF, 0xFF, 0xFF, 0xFF, 0xFF, 0xFF, 0xFF, 0xFF, 0xFF,
    0xFF, 0xFF, 0xFF, 0xFF, 0xFF, 0xFF, 0xFF, 0xFF, 0xFF, 0xFF, 0xFF, 0xFF, 0xFF, 0xFF, 0xFF, 0xFF,
    0xFF, 0xFF, 0xFF, 0xFF, 0xFF, 0xFF, 0xFF, 0xFF, 0xFF, 0xFF, 0xFF, 0xFF, 0xFF, 0xFF, 0xFF, 0xFF,
    0xFF, 0xFF, 0xFF, 0xFF, 0xFF, 0xFF, 0xFF, 0xFF, 0xFF, 0xFF, 0xFF, 0xFF, 0xFF, 0xFF, 0xDF, 0xFF,
    0xFB, 0xFE, 0x94, 0xFD, 0x0D, 0xF4, 0x69, 0xF3, 0x8A, 0xF3, 0xEC, 0xF3, 0xEC, 0xF3, 0xEC, 0xF3,
    0xEC, 0xF3, 0xEC, 0xF3, 0xEC, 0xF3, 0xEC, 0xF3, 0xEC, 0xF3, 0x69, 0xF3, 0xA4, 0xEA, 0xC2, 0xEA,
    0xC3, 0xF3, 0xA5, 0xF4, 0x26, 0xFD, 0x66, 0xFD, 0x66, 0xFD, 0x46, 0xFD, 0x46, 0xFD, 0x46, 0xFD,
    0x46, 0xFD, 0x46, 0xFD, 0x46, 0xFD, 0x46, 0xFD, 0x46, 0xFD, 0x46, 0xFD, 0x45, 0xFD, 0xE3, 0xF4,
    0xA1, 0xF4, 0x41, 0xF5, 0x82, 0xF6, 0x44, 0xF7, 0x44, 0xF7, 0x04, 0xF7, 0x25, 0xF7, 0x25, 0xF7,
    0x24, 0xF7, 0x24, 0xF7, 0x24, 0xF7, 0x02, 0xF7, 0x01, 0xF7, 0x26, 0xF7, 0x91, 0xFF, 0xDA, 0xFF,
    0xFF, 0xFF, 0xFF, 0xFF, 0xFF, 0xFF, 0xFF, 0xFF, 0xFF, 0xFF, 0xFF, 0xFF, 0xFF, 0xFF, 0xFF, 0xFF,
    0xFF, 0xFF, 0xFF, 0xFF, 0xFF, 0xFF, 0xFF, 0xFF, 0xFF, 0xFF, 0xFF, 0xFF, 0xFF, 0xFF, 0xFF, 0xFF,
    0xFF, 0xFF, 0xFF, 0xFF, 0xFF, 0xFF, 0xFF, 0xFF, 0xFF, 0xFF, 0xFF, 0xFF, 0xFF, 0xFF, 0xFF, 0xFF,
    0xFF, 0xFF, 0xFF, 0xFF, 0xFF, 0xFF, 0xFF, 0xFF, 0xFF, 0xFF, 0xFF, 0xFF, 0xFF, 0xFF, 0x7D, 0xFF,
    0xB4, 0xFD, 0x4D, 0xF4, 0xAB, 0xF3, 0xAA, 0xF3, 0xAB, 0xF3, 0xCB, 0xF3, 0xCB, 0xF3, 0xCB, 0xF3,
    0xCB, 0xF3, 0xCB, 0xF3, 0xCB, 0xF3, 0xEC, 0xF3, 0xEC, 0xF3, 0x69, 0xF3, 0xC4, 0xEA, 0x62, 0xEA,
    0xA2, 0xEA, 0x84, 0xF3, 0xA5, 0xF4, 0x46, 0xFD, 0x66, 0xFD, 0x46, 0xFD, 0x46, 0xFD, 0x46, 0xFD,
    0x46, 0xFD, 0x46, 0xFD, 0x46, 0xFD, 0x46, 0xFD, 0x46, 0xFD, 0x45, 0xFD, 0x03, 0xF5, 0xA1, 0xF4,
    0x80, 0xF4, 0x21, 0xF5, 0x82, 0xF6, 0x44, 0xF7, 0x44, 0xF7, 0x04, 0xF7, 0x24, 0xF7, 0x24, 0xF7,
    0x24, 0xF7, 0x24, 0xF7, 0x24, 0xF7, 0x03, 0xF7, 0x03, 0xF7, 0x03, 0xF7, 0x27, 0xF7, 0x91, 0xFF,
    0xDC, 0xFF, 0xFF, 0xFF, 0xFF, 0xFF, 0xFF, 0xFF, 0xFF, 0xFF, 0xFF, 0xFF, 0xFF, 0xFF, 0xFF, 0xFF,
    0xFF, 0xFF, 0xFF, 0xFF, 0xFF, 0xFF, 0xFF, 0xFF, 0xFF, 0xFF, 0xFF, 0xFF, 0xFF, 0xFF, 0xFF, 0xFF,
    0xFF, 0xFF, 0xFF, 0xFF, 0xFF, 0xFF, 0xFF, 0xFF, 0xFF, 0xFF, 0xFF, 0xFF, 0xFF, 0xFF, 0xFF, 0xFF,
    0xFF, 0xFF, 0xFF, 0xFF, 0xFF, 0xFF, 0xFF, 0xFF, 0xFF, 0xFF, 0xFF, 0xFF, 0xDF, 0xFF, 0xDA, 0xFE,
    0xAF, 0xF4, 0x8A, 0xF3, 0xAB, 0xF3, 0x0C, 0xF4, 0xEC, 0xF3, 0xCB, 0xF3, 0xCB, 0xF3, 0xCB, 0xF3,
    0xCB, 0xF3, 0xCB, 0xF3, 0xCB, 0xF3, 0xEC, 0xF3, 0xEC, 0xF3, 0xAA, 0xF3, 0x05, 0xEB, 0x62, 0xEA,
    0x41, 0xEA, 0xC2, 0xF2, 0xC4, 0xF3, 0xA5, 0xF4, 0x26, 0xFD, 0x66, 0xFD, 0x66, 0xFD, 0x46, 0xFD,
    0x46, 0xFD, 0x46, 0xFD, 0x46, 0xFD, 0x46, 0xFD, 0x25, 0xFD, 0x03, 0xF5, 0xE1, 0xF4, 0x80, 0xF4,
    0x80, 0xF4, 0x41, 0xF5, 0x83, 0xF6, 0x44, 0xF7, 0x44, 0xF7, 0x04, 0xF7, 0x24, 0xF7, 0x24, 0xF7,
    0x24, 0xF7, 0x24, 0xF7, 0x24, 0xF7, 0x24, 0xF7, 0x25, 0xF7, 0x03, 0xF7, 0x02, 0xF7, 0x4A, 0xFF,
    0xB8, 0xFF, 0xFF, 0xFF, 0xFF, 0xFF, 0xFF, 0xFF, 0xFF, 0xFF, 0xFF, 0xFF, 0xFF, 0xFF, 0xFF, 0xFF,
    0xFF, 0xFF, 0xFF, 0xFF, 0xFF, 0xFF, 0xFF, 0xFF, 0xFF, 0xFF, 0xFF, 0xFF, 0xFF, 0xFF, 0xFF, 0xFF,
    0xFF, 0xFF, 0xFF, 0xFF, 0xFF, 0xFF, 0xFF, 0xFF, 0xFF, 0xFF, 0xFF, 0xFF, 0xFF, 0xFF, 0xFF, 0xFF,
    0xFF, 0xFF, 0xFF, 0xFF, 0xFF, 0xFF, 0xFF, 0xFF, 0xFF, 0xFF, 0xFF, 0xFF, 0x7D, 0xFF, 0x37, 0xFE,
    0x4E, 0xF4, 0x69, 0xF3, 0xAA, 0xF3, 0xEC, 0xF3, 0xEB, 0xF3, 0xCB, 0xF3, 0xCB, 0xF3, 0xCB, 0xF3,
    0xCB, 0xF3, 0xCB, 0xF3, 0xCB, 0xF3, 0xEC, 0xF3, 0xEC, 0xF3, 0x8A, 0xF3, 0xE5, 0xEA, 0x82, 0xEA,
    0x61, 0xEA, 0x62, 0xEA, 0xC2, 0xEA, 0x83, 0xF3, 0x85, 0xF4, 0x46, 0xFD, 0x66, 0xFD, 0x46, 0xFD,
    0x46, 0xFD, 0x46, 0xFD, 0x46, 0xFD, 0x25, 0xFD, 0xE2, 0xF4, 0xC1, 0xF4, 0xC0, 0xF4, 0x80, 0xF4,
    0x80, 0xF4, 0x41, 0xF5, 0x83, 0xF6, 0x44, 0xF7, 0x44, 0xF7, 0x04, 0xF7, 0x24, 0xF7, 0x24, 0xF7,
    0x24, 0xF7, 0x24, 0xF7, 0x24, 0xF7, 0x24, 0xF7, 0x25, 0xF7, 0x02, 0xF7, 0x02, 0xF7, 0x28, 0xF7,
    0x94, 0xFF, 0xDC, 0xFF, 0xFF, 0xFF, 0xFF, 0xFF, 0xFF, 0xFF, 0xFF, 0xFF, 0xFF, 0xFF, 0xFF, 0xFF,
    0xFF, 0xFF, 0xFF, 0xFF, 0xFF, 0xFF, 0xFF, 0xFF, 0xFF, 0xFF, 0xFF, 0xFF, 0xFF, 0xFF, 0xFF, 0xFF,
    0xFF, 0xFF, 0xFF, 0xFF, 0xFF, 0xFF, 0xFF, 0xFF, 0xFF, 0xFF, 0xFF, 0xFF, 0xFF, 0xFF, 0xFF, 0xFF,
    0xFF, 0xFF, 0xFF, 0xFF, 0xFF, 0xFF, 0xFF, 0xFF, 0xFF, 0xFF, 0xDF, 0xFF, 0xFB, 0xFE, 0xB4, 0xFD,
    0x4D, 0xF4, 0xAA, 0xF3, 0xAB, 0xF3, 0xEC, 0xF3, 0xCB, 0xF3, 0xCB, 0xF3, 0xCB, 0xF3, 0xCB, 0xF3,
    0xCB, 0xF3, 0xCB, 0xF3, 0xCB, 0xF3, 0xEC, 0xF3, 0xEC, 0xF3, 0x89, 0xF3, 0xE5, 0xEA, 0x82, 0xEA,
    0x82, 0xEA, 0x62, 0xEA, 0x42, 0xEA, 0xC2, 0xEA, 0xA3, 0xF3, 0x85, 0xF4, 0x25, 0xFD, 0x46, 0xFD,
    0x66, 0xFD, 0x45, 0xFD, 0x25, 0xFD, 0x03, 0xF5, 0xC1, 0xF4, 0xA0, 0xF4, 0xC0, 0xF4, 0xA0, 0xF4,
    0x80, 0xF4, 0x41, 0xF5, 0x83, 0xF6, 0x44, 0xF7, 0x44, 0xF7, 0x04, 0xF7, 0x24, 0xF7, 0x24, 0xF7,
    0x24, 0xF7, 0x24, 0xF7, 0x24, 0xF7, 0x24, 0xF7, 0x24, 0xF7, 0x03, 0xF7, 0x02, 0xF7, 0x27, 0xF7,
    0x90, 0xFF, 0xD9, 0xFF, 0xFE, 0xFF, 0xFF, 0xFF, 0xFF, 0xFF, 0xFF, 0xFF, 0xFF, 0xFF, 0xFF, 0xFF,
    0xFF, 0xFF, 0xFF, 0xFF, 0xFF, 0xFF, 0xFF, 0xFF, 0xFF, 0xFF, 0xFF, 0xFF, 0xFF, 0xFF, 0xFF, 0xFF,
    0xFF, 0xFF, 0xFF, 0xFF, 0xFF, 0xFF, 0xFF, 0xFF, 0xFF, 0xFF, 0xFF, 0xFF, 0xFF, 0xFF, 0xFF, 0xFF,
    0xFF, 0xFF, 0xFF, 0xFF, 0xFF, 0xFF, 0xFF, 0xFF, 0xFF, 0xFF, 0xBE, 0xFF, 0xB9, 0xFE, 0x73, 0xF5,
    0x2D, 0xF4, 0xAA, 0xF3, 0xAB, 0xF3, 0xEC, 0xF3, 0xCB, 0xF3, 0xCB, 0xF3, 0xCB, 0xF3, 0xCB, 0xF3,
    0xCB, 0xF3, 0xCB, 0xF3, 0xCB, 0xF3, 0xEC, 0xF3, 0xEC, 0xF3, 0x89, 0xF3, 0xE5, 0xEA, 0x82, 0xEA,
    0x82, 0xEA, 0x82, 0xEA, 0x62, 0xEA, 0x62, 0xEA, 0xA2, 0xEA, 0x63, 0xF3, 0x85, 0xF4, 0x26, 0xFD,
    0x46, 0xFD, 0x24, 0xFD, 0xE2, 0xF4, 0xC1, 0xF4, 0xA0, 0xF4, 0xC0, 0xF4, 0xC0, 0xF4, 0x80, 0xF4,
    0x80, 0xF4, 0x41, 0xF5, 0x83, 0xF6, 0x44, 0xF7, 0x44, 0xF7, 0x04, 0xF7, 0x24, 0xF7, 0x24, 0xF7,
    0x24, 0xF7, 0x24, 0xF7, 0x24, 0xF7, 0x24, 0xF7, 0x24, 0xF7, 0x03, 0xF7, 0x03, 0xF7, 0x26, 0xF7,
    0x6E, 0xFF, 0xB7, 0xFF, 0xFE, 0xFF, 0xFF, 0xFF, 0xFF, 0xFF, 0xFF, 0xFF, 0xFF, 0xFF, 0xFF, 0xFF,
    0xFF, 0xFF, 0xFF, 0xFF, 0xFF, 0xFF, 0xFF, 0xFF, 0xFF, 0xFF, 0xFF, 0xFF, 0xFF, 0xFF, 0xFF, 0xFF,
    0xFF, 0xFF, 0xFF, 0xFF, 0xFF, 0xFF, 0xFF, 0xFF, 0xFF, 0xFF, 0xFF, 0xFF, 0xFF, 0xFF, 0xFF, 0xFF,
    0xFF, 0xFF, 0xFF, 0xFF, 0xFF, 0xFF, 0xFF, 0xFF, 0xFF, 0xFF, 0xBE, 0xFF, 0x99, 0xFE, 0x52, 0xF5,
    0x2D, 0xF4, 0xAB, 0xF3, 0xAB, 0xF3, 0xCC, 0xF3, 0xCB, 0xF3, 0xCB, 0xF3, 0xCB, 0xF3, 0xCB, 0xF3,
    0xCB, 0xF3, 0xCB, 0xF3, 0xCB, 0xF3, 0xEC, 0xF3, 0xEC, 0xF3, 0x89, 0xF3, 0xE5, 0xEA, 0x82, 0xEA,
    0x82, 0xEA, 0x82, 0xEA, 0xA2, 0xEA, 0x62, 0xEA, 0x41, 0xEA, 0xA2, 0xEA, 0xA4, 0xF3, 0x85, 0xF4,
    0x04, 0xF5, 0x03, 0xF5, 0xC1, 0xF4, 0xA0, 0xF4, 0xA0, 0xF4, 0xC1, 0xF4, 0xC1, 0xF4, 0x80, 0xF4,
    0x80, 0xF4, 0x41, 0xF5, 0x83, 0xF6, 0x44, 0xF7, 0x44, 0xF7, 0x04, 0xF7, 0x24, 0xF7, 0x24, 0xF7,
    0x24, 0xF7, 0x24, 0xF7, 0x24, 0xF7, 0x24, 0xF7, 0x24, 0xF7, 0x03, 0xF7, 0x03, 0xF7, 0x26, 0xF7,
    0x6D, 0xFF, 0xB6, 0xFF, 0xFD, 0xFF, 0xFF, 0xFF, 0xFF, 0xFF, 0xFF, 0xFF, 0xFF, 0xFF, 0xFF, 0xFF,
    0xFF, 0xFF, 0xFF, 0xFF, 0xFF, 0xFF, 0xFF, 0xFF, 0xFF, 0xFF, 0xFF, 0xFF, 0xFF, 0xFF, 0xFF, 0xFF,
    0xFF, 0xFF, 0xFF, 0xFF, 0xFF, 0xFF, 0xFF, 0xFF, 0xFF, 0xFF, 0xFF, 0xFF, 0xFF, 0xFF, 0xFF, 0xFF,
    0xFF, 0xFF, 0xFF, 0xFF, 0xFF, 0xFF, 0xFF, 0xFF, 0xFF, 0xFF, 0xBE, 0xFF, 0xB9, 0xFE, 0x53, 0xF5,
    0x2D, 0xF4, 0xAA, 0xF3, 0xAB, 0xF3, 0xCB, 0xF3, 0xCB, 0xF3, 0xCB, 0xF3, 0xCB, 0xF3, 0xCB, 0xF3,
    0xCB, 0xF3, 0xCB, 0xF3, 0xCB, 0xF3, 0xCC, 0xF3, 0xEC, 0xF3, 0x89, 0xF3, 0xE5, 0xEA, 0x62, 0xEA,
    0x82, 0xEA, 0x82, 0xEA, 0x82, 0xEA, 0x62, 0xEA, 0x62, 0xEA, 0x62, 0xEA, 0xC3, 0xEA, 0x83, 0xF3,
    0x82, 0xF4, 0xE1, 0xF4, 0xC0, 0xF4, 0xA0, 0xF4, 0xA0, 0xF4, 0xC0, 0xF4, 0xC1, 0xF4, 0x80, 0xF4,
    0x80, 0xEC, 0x41, 0xF5, 0x83, 0xF6, 0x44, 0xF7, 0x24, 0xF7, 0x04, 0xF7, 0x04, 0xF7, 0x04, 0xF7,
    0x04, 0xF7, 0x04, 0xF7, 0x04, 0xF7, 0x04, 0xF7, 0x04, 0xF7, 0x03, 0xF7, 0x03, 0xF7, 0x26, 0xF7,
    0x6E, 0xFF, 0xB6, 0xFF, 0xFE, 0xFF, 0xFF, 0xFF, 0xFF, 0xFF, 0xFF, 0xFF, 0xFF, 0xFF, 0xFF, 0xFF,
    0xFF, 0xFF, 0xFF, 0xFF, 0xFF, 0xFF, 0xFF, 0xFF, 0xFF, 0xFF, 0xFF, 0xFF, 0xFF, 0xFF, 0xFF, 0xFF,
    0xFF, 0xFF, 0xFF, 0xFF, 0xFF, 0xFF, 0xFF, 0xFF, 0xFF, 0xFF, 0xFF, 0xFF, 0xFF, 0xFF, 0xFF, 0xFF,
    0xFF, 0xFF, 0xFF, 0xFF, 0xFF, 0xFF, 0xFF, 0xFF, 0xFF, 0xFF, 0xDF, 0xFF, 0x3B, 0xFF, 0xF5, 0xFD,
    0x4D, 0xF4, 0xAA, 0xF3, 0xCB, 0xF3, 0xEC, 0xF3, 0xEC, 0xF3, 0xEB, 0xF3, 0xEB, 0xF3, 0xEB, 0xF3,
    0xEB, 0xF3, 0xEB, 0xF3, 0xEB, 0xF3, 0xEC, 0xF3, 0x0C, 0xF4, 0xAA, 0xF3, 0xE5, 0xF2, 0x82, 0xEA,
    0x82, 0xEA, 0x82, 0xEA, 0x82, 0xEA, 0x82, 0xEA, 0xA2, 0xEA, 0x62, 0xEA, 0x42, 0xEA, 0xC1, 0xEA,
    0xE1, 0xEB, 0xA0, 0xF4, 0xC0, 0xF4, 0xC1, 0xF4, 0xC0, 0xF4, 0xC0, 0xF4, 0xC1, 0xF4, 0x80, 0xF4,
    0x80, 0xF4, 0x41, 0xF5, 0xA3, 0xF6, 0x64, 0xFF, 0x44, 0xFF, 0x04, 0xFF, 0x24, 0xFF, 0x24, 0xFF,
    0x24, 0xFF, 0x24, 0xFF, 0x24, 0xFF, 0x24, 0xFF, 0x25, 0xFF, 0x23, 0xFF, 0x22, 0xFF, 0x27, 0xFF,
    0x91, 0xFF, 0xD9, 0xFF, 0xFE, 0xFF, 0xFF, 0xFF, 0xFF, 0xFF, 0xFF, 0xFF, 0xFF, 0xFF, 0xFF, 0xFF,
    0xFF, 0xFF, 0xFF, 0xFF, 0xFF, 0xFF, 0xFF, 0xFF, 0xFF, 0xFF, 0xFF, 0xFF, 0xFF, 0xFF, 0xFF, 0xFF,
    0xFF, 0xFF, 0xFF, 0xFF, 0xFF, 0xFF, 0xFF, 0xFF, 0xFF, 0xFF, 0xFF, 0xFF, 0xFF, 0xFF, 0xFF, 0xFF,
    0xFF, 0xFF, 0xFF, 0xFF, 0xFF, 0xFF, 0xFF, 0xFF, 0xDF, 0xFF, 0xFF, 0xFF, 0xDE, 0xFF, 0x78, 0xFE,
    0x8E, 0xF4, 0x8A, 0xF3, 0xCB, 0xF3, 0x0C, 0xF4, 0x0C, 0xF4, 0xEB, 0xF3, 0xEB, 0xF3, 0xEB, 0xF3,
    0xEB, 0xF3, 0xEB, 0xF3, 0xEB, 0xF3, 0x0C, 0xF4, 0x0C, 0xF4, 0xAA, 0xF3, 0x05, 0xF3, 0x82, 0xF2,
    0x82, 0xEA, 0x82, 0xEA, 0x82, 0xEA, 0x82, 0xEA, 0x82, 0xEA, 0x62, 0xEA, 0x41, 0xEA, 0x81, 0xEA,
    0x60, 0xEB, 0x20, 0xEC, 0xA0, 0xF4, 0xC0, 0xF4, 0xC0, 0xF4, 0xA0, 0xF4, 0xC1, 0xF4, 0xA0, 0xF4,
    0x80, 0xF4, 0x41, 0xF5, 0xA3, 0xFE, 0x64, 0xFF, 0x44, 0xFF, 0x24, 0xFF, 0x24, 0xFF, 0x24, 0xFF,
    0x24, 0xFF, 0x24, 0xFF, 0x24, 0xFF, 0x24, 0xFF, 0x25, 0xFF, 0x23, 0xFF, 0x22, 0xFF, 0x48, 0xFF,
    0xB4, 0xFF, 0xFD, 0xFF, 0xFF, 0xFF, 0xFF, 0xFF, 0xFF, 0xFF, 0xFF, 0xFF, 0xFF, 0xFF, 0xFF, 0xFF,
    0xFF, 0xFF, 0xFF, 0xFF, 0xFF, 0xFF, 0xFF, 0xFF, 0xFF, 0xFF, 0xFF, 0xFF, 0xFF, 0xFF, 0xFF, 0xFF,
    0xFF, 0xFF, 0xFF, 0xFF, 0xFF, 0xFF, 0xFF, 0xFF, 0xFF, 0xFF, 0xFF, 0xFF, 0xFF, 0xFF, 0xFF, 0xFF,
    0xFF, 0xFF, 0xFF, 0xFF, 0xFF, 0xFF, 0xFF, 0xFF, 0xFF, 0xFF, 0xFF, 0xFF, 0xFF, 0xFF, 0x99, 0xF6,
    0x90, 0xF4, 0x4A, 0xEB, 0x4A, 0xEB, 0x8B, 0xEB, 0x8B, 0xEB, 0x8B, 0xEB, 0x8B, 0xEB, 0x8B, 0xEB,
    0x8B, 0xEB, 0x8B, 0xEB, 0x8A, 0xEB, 0x8B, 0xEB, 0xAB, 0xEB, 0x49, 0xEB, 0xC5, 0xEA, 0x62, 0xEA,
    0x62, 0xEA, 0x82, 0xEA, 0x82, 0xEA, 0x82, 0xEA, 0x82, 0xEA, 0x62, 0xEA, 0x61, 0xEA, 0x81, 0xEA,
    0x00, 0xEB, 0xC0, 0xEB, 0x80, 0xF4, 0xE0, 0xF4, 0xC0, 0xF4, 0xC0, 0xF4, 0xC1, 0xF4, 0xA0, 0xF4,
    0x80, 0xEC, 0x41, 0xED, 0x83, 0xEE, 0x24, 0xEF, 0x24, 0xEF, 0xE3, 0xEE, 0xE3, 0xEE, 0x03, 0xEF,
    0x03, 0xEF, 0x03, 0xEF, 0x04, 0xEF, 0xE4, 0xEE, 0x04, 0xEF, 0xE2, 0xEE, 0xE2, 0xEE, 0x29, 0xF7,
    0xB7, 0xFF, 0xFF, 0xFF, 0xFF, 0xFF, 0xFF, 0xFF, 0xFF, 0xFF, 0xFF, 0xFF, 0xFF, 0xFF, 0xFF, 0xFF,
    0xFF, 0xFF, 0xFF, 0xFF, 0xFF, 0xFF, 0xFF, 0xFF, 0xFF, 0xFF, 0xFF, 0xFF, 0xFF, 0xFF, 0xFF, 0xFF,
    0xFF, 0xFF, 0xFF, 0xFF, 0xFF, 0xFF, 0xFF, 0xFF, 0xFF, 0xFF, 0xFF, 0xFF, 0xFF, 0xFF, 0xFF, 0xFF,
    0xFF, 0xFF, 0xFF, 0xFF, 0xFF, 0xFF, 0xFF, 0xFF, 0xFF, 0xFF, 0xFF, 0xFF, 0x5E, 0xF7, 0xF9, 0xED,
    0x51, 0xE4, 0x2B, 0xDB, 0xA9, 0xDA, 0xA9, 0xDA, 0xA9, 0xDA, 0xC9, 0xDA, 0xA9, 0xDA, 0xA9, 0xDA,
    0xA9, 0xDA, 0xA9, 0xDA, 0xA9, 0xDA, 0xA9, 0xDA, 0xC9, 0xDA, 0x88, 0xDA, 0x45, 0xDA, 0x23, 0xDA,
    0x42, 0xE2, 0x82, 0xEA, 0x82, 0xF2, 0x82, 0xF2, 0x82, 0xEA, 0x62, 0xEA, 0x41, 0xEA, 0x60, 0xEA,
    0xC0, 0xEA, 0x80, 0xEB, 0x60, 0xEC, 0xE0, 0xF4, 0xE0, 0xF4, 0xC0, 0xF4, 0xC1, 0xF4, 0xA0, 0xEC,
    0xA0, 0xE4, 0x21, 0xDD, 0x22, 0xD6, 0xC3, 0xD6, 0xA3, 0xD6, 0x82, 0xD6, 0x82, 0xD6, 0x82, 0xD6,
    0x82, 0xD6, 0x82, 0xD6, 0x83, 0xD6, 0x82, 0xD6, 0x82, 0xD6, 0x82, 0xD6, 0xA4, 0xD6, 0x0B, 0xDF,
    0x96, 0xEF, 0xDE, 0xF7, 0xFF, 0xFF, 0xFF, 0xFF, 0xFF, 0xFF, 0xFF, 0xFF, 0xFF, 0xFF, 0xFF, 0xFF,
    0xFF, 0xFF, 0xFF, 0xFF, 0xFF, 0xFF, 0xFF, 0xFF, 0xFF, 0xFF, 0xFF, 0xFF, 0xFF, 0xFF, 0xFF, 0xFF,
    0xFF, 0xFF, 0xFF, 0xFF, 0xFF, 0xFF, 0xFF, 0xFF, 0xFF, 0xFF, 0xFF, 0xFF, 0xFF, 0xFF, 0xFF, 0xFF,
    0xFF, 0xFF, 0xFF, 0xFF, 0xFF, 0xFF, 0xFF, 0xFF, 0x7E, 0xFF, 0xDC, 0xF6, 0xFA, 0xE5, 0x38, 0xDD,
    0x33, 0xD4, 0x4E, 0xD3, 0x6A, 0xCA, 0x08, 0xCA, 0x07, 0xCA, 0x28, 0xCA, 0x28, 0xCA, 0x28, 0xCA,
    0x28, 0xCA, 0x28, 0xCA, 0x28, 0xCA, 0x28, 0xCA, 0x28, 0xCA, 0x07, 0xCA, 0xE5, 0xC9, 0xE3, 0xD1,
    0xE2, 0xD9, 0x21, 0xE2, 0x42, 0xEA, 0x82, 0xEA, 0x82, 0xEA, 0x62, 0xEA, 0x61, 0xEA, 0x60, 0xE2,
    0xA0, 0xEA, 0x80, 0xEB, 0x60, 0xF4, 0xE0, 0xF4, 0xE0, 0xF4, 0xA0, 0xEC, 0x80, 0xE4, 0x60, 0xD4,
    0xA0, 0xCC, 0x41, 0xC5, 0xE1, 0xC5, 0x42, 0xBE, 0x42, 0xBE, 0x22, 0xBE, 0x22, 0xBE, 0x22, 0xBE,
    0x22, 0xBE, 0x22, 0xBE, 0x22, 0xBE, 0x21, 0xBE, 0x21, 0xBE, 0x43, 0xBE, 0x86, 0xC6, 0xEB, 0xCE,
    0x32, 0xD7, 0x77, 0xE7, 0xBB, 0xEF, 0xDD, 0xF7, 0xFF, 0xFF, 0xFF, 0xFF, 0xFF, 0xFF, 0xFF, 0xFF,
    0xFF, 0xFF, 0xFF, 0xFF, 0xFF, 0xFF, 0xFF, 0xFF, 0xFF, 0xFF, 0xFF, 0xFF, 0xFF, 0xFF, 0xFF, 0xFF,
    0xFF, 0xFF, 0xFF, 0xFF, 0xFF, 0xFF, 0xFF, 0xFF, 0xFF, 0xFF, 0xFF, 0xFF, 0xFF, 0xFF, 0xFF, 0xFF,
    0xFF, 0xFF, 0xFF, 0xFF, 0xFF, 0xFF, 0x5E, 0xF7, 0xFA, 0xE5, 0xF8, 0xDC, 0x97, 0xD4, 0x97, 0xD4,
    0x56, 0xD4, 0xD2, 0xD3, 0xED, 0xCA, 0x49, 0xCA, 0xE7, 0xC9, 0xE7, 0xC9, 0x08, 0xCA, 0x08, 0xCA,
    0x08, 0xCA, 0x08, 0xCA, 0x08, 0xCA, 0x08, 0xCA, 0x08, 0xCA, 0x07, 0xCA, 0xE7, 0xC9, 0xA4, 0xC9,
    0x82, 0xC9, 0x81, 0xC9, 0xE1, 0xD9, 0x42, 0xE2, 0x82, 0xEA, 0x82, 0xEA, 0x61, 0xEA, 0x60, 0xE2,
    0xA0, 0xEA, 0x80, 0xEB, 0x60, 0xF4, 0xE0, 0xF4, 0xC0, 0xEC, 0x60, 0xDC, 0x00, 0xC4, 0x40, 0xBC,
    0xC0, 0xB4, 0x81, 0xB5, 0xE1, 0xB5, 0x01, 0xB6, 0x01, 0xB6, 0x01, 0xB6, 0x01, 0xB6, 0x01, 0xB6,
    0x01, 0xB6, 0x01, 0xB6, 0x01, 0xB6, 0x01, 0xB6, 0x22, 0xB6, 0x44, 0xB6, 0x88, 0xBE, 0xCB, 0xBE,
    0xCC, 0xC6, 0xED, 0xC6, 0x10, 0xCF, 0x76, 0xDF, 0xDD, 0xF7, 0xFF, 0xFF, 0xFF, 0xFF, 0xFF, 0xFF,
    0xFF, 0xFF, 0xFF, 0xFF, 0xFF, 0xFF, 0xFF, 0xFF, 0xFF, 0xFF, 0xFF, 0xFF, 0xFF, 0xFF, 0xFF, 0xFF,
    0xFF, 0xFF, 0xFF, 0xFF, 0xFF, 0xFF, 0xFF, 0xFF, 0xFF, 0xFF, 0xFF, 0xFF, 0xFF, 0xFF, 0xFF, 0xFF,
    0xFF, 0xFF, 0xFF, 0xFF, 0x5E, 0xFF, 0x3B, 0xEE, 0xD7, 0xDC, 0x15, 0xD4, 0xF5, 0xD3, 0x56, 0xD4,
    0x56, 0xD4, 0x35, 0xD4, 0x92, 0xD3, 0xED, 0xCA, 0x4A, 0xCA, 0x08, 0xCA, 0xE7, 0xC9, 0x08, 0xCA,
    0x08, 0xCA, 0x08, 0xCA, 0x08, 0xCA, 0x08, 0xCA, 0x08, 0xCA, 0x08, 0xCA, 0x07, 0xCA, 0xC6, 0xC1,
    0x63, 0xC1, 0x41, 0xC1, 0x81, 0xC9, 0xE1, 0xD9, 0x62, 0xEA, 0x62, 0xEA, 0x61, 0xEA, 0x60, 0xE2,
    0xE0, 0xEA, 0xA0, 0xEB, 0x80, 0xF4, 0xC0, 0xEC, 0x80, 0xDC, 0x00, 0xC4, 0xE0, 0xB3, 0x60, 0xAC,
    0x20, 0xAD, 0xC1, 0xB5, 0x01, 0xB6, 0x01, 0xB6, 0x01, 0xB6, 0xE1, 0xB5, 0x01, 0xB6, 0x01, 0xB6,
    0xE1, 0xB5, 0xE1, 0xB5, 0x01, 0xB6, 0x02, 0xB6, 0x44, 0xB6, 0x67, 0xB6, 0xAA, 0xBE, 0xCA, 0xB6,
    0xA9, 0xB6, 0xA8, 0xB6, 0xAA, 0xBE, 0x0F, 0xCF, 0x77, 0xE7, 0xDD, 0xFF, 0xFF, 0xFF, 0xFF, 0xFF,
    0xFF, 0xFF, 0xFF, 0xFF, 0xFF, 0xFF, 0xFF, 0xFF, 0xFF, 0xFF, 0xFF, 0xFF, 0xFF, 0xFF, 0xFF, 0xFF,
    0xFF, 0xFF, 0xFF, 0xFF, 0xFF, 0xFF, 0xFF, 0xFF, 0xFF, 0xFF, 0xFF, 0xFF, 0xFF, 0xFF, 0xFF, 0xFF,
    0xFF, 0xFF, 0x9E, 0xFF, 0x1B, 0xEE, 0xF7, 0xDC, 0x56, 0xD4, 0x15, 0xD4, 0x15, 0xD4, 0x36, 0xD4,
    0x56, 0xD4, 0x56, 0xD4, 0x35, 0xD4, 0xB2, 0xD3, 0xED, 0xCA, 0x4A, 0xCA, 0x08, 0xCA, 0xE7, 0xC9,
    0x08, 0xCA, 0x08, 0xCA, 0x08, 0xCA, 0x08, 0xCA, 0x08, 0xCA, 0x08, 0xC2, 0x08, 0xC2, 0xE7, 0xC1,
    0xA5, 0xC1, 0x63, 0xC1, 0x41, 0xC1, 0x81, 0xC9, 0x01, 0xDA, 0x42, 0xEA, 0x62, 0xEA, 0xA1, 0xEA,
    0x41, 0xEB, 0x01, 0xEC, 0x80, 0xEC, 0x80, 0xDC, 0x20, 0xC4, 0xE0, 0xAB, 0x20, 0xAC, 0xE0, 0xAC,
    0xA1, 0xAD, 0x01, 0xAE, 0x01, 0xAE, 0xE1, 0xB5, 0xE1, 0xB5, 0xE1, 0xB5, 0x01, 0xB6, 0x01, 0xB6,
    0xE1, 0xB5, 0xE1, 0xB5, 0x02, 0xB6, 0x44, 0xB6, 0x87, 0xB6, 0xAA, 0xB6, 0xCA, 0xBE, 0xAA, 0xBE,
    0xAA, 0xB6, 0xA9, 0xB6, 0xA9, 0xB6, 0xCB, 0xBE, 0x10, 0xCF, 0x76, 0xE7, 0xDD, 0xFF, 0xFF, 0xFF,
    0xFF, 0xFF, 0xFF, 0xFF, 0xFF, 0xFF, 0xFF, 0xFF, 0xFF, 0xFF, 0xFF, 0xFF, 0xFF, 0xFF, 0xFF, 0xFF,
    0xFF, 0xFF, 0xFF, 0xFF, 0xFF, 0xFF, 0xFF, 0xFF, 0xFF, 0xFF, 0xFF, 0xFF, 0xFF, 0xFF, 0xFF, 0xFF,
    0xFF, 0xFF, 0x1D, 0xF7, 0x38, 0xDD, 0x35, 0xD4, 0x35, 0xD4, 0x76, 0xD4, 0x56, 0xD4, 0x56, 0xD4,
    0x35, 0xD4, 0x56, 0xD4, 0x77, 0xD4, 0x55, 0xD4, 0xB2, 0xD3, 0xEE, 0xCA, 0x6A, 0xCA, 0x08, 0xCA,
    0xE7, 0xC9, 0x07, 0xCA, 0x08, 0xCA, 0x08, 0xCA, 0x08, 0xCA, 0x08, 0xCA, 0x08, 0xCA, 0x08, 0xCA,
    0x07, 0xCA, 0xC5, 0xC9, 0x63, 0xC1, 0x82, 0xC9, 0xE2, 0xD1, 0x01, 0xE2, 0x21, 0xEA, 0xA0, 0xEA,
    0x80, 0xEB, 0x20, 0xEC, 0x80, 0xE4, 0x60, 0xCC, 0x40, 0xB4, 0x60, 0xAC, 0xE0, 0xB4, 0x81, 0xBD,
    0x01, 0xBE, 0x21, 0xB6, 0x21, 0xB6, 0x01, 0xB6, 0x01, 0xB6, 0x01, 0xB6, 0x01, 0xB6, 0x01, 0xB6,
    0x01, 0xB6, 0x02, 0xB6, 0x44, 0xB6, 0x87, 0xB6, 0xAA, 0xBE, 0xCB, 0xBE, 0xCA, 0xBE, 0xAA, 0xBE,
    0xAA, 0xBE, 0xCA, 0xBE, 0xCA, 0xBE, 0xA9, 0xB6, 0xCA, 0xBE, 0x31, 0xCF, 0xBB, 0xF7, 0xFF, 0xFF,
    0xFF, 0xFF, 0xFF, 0xFF, 0xFF, 0xFF, 0xFF, 0xFF, 0xFF, 0xFF, 0xFF, 0xFF, 0xFF, 0xFF, 0xFF, 0xFF,
    0xFF, 0xFF, 0xFF, 0xFF, 0xFF, 0xFF, 0xFF, 0xFF, 0xFF, 0xFF, 0xFF, 0xFF, 0xFF, 0xFF, 0xFF, 0xFF,
    0x9E, 0xFF, 0x7B, 0xEE, 0xD7, 0xDC, 0xF5, 0xCB, 0x15, 0xD4, 0x56, 0xD4, 0x56, 0xD4, 0x56, 0xD4,
    0x56, 0xD4, 0x56, 0xD4, 0x56, 0xD4, 0x56, 0xD4, 0x35, 0xD4, 0xD3, 0xD3, 0x0E, 0xCB, 0x4A, 0xCA,
    0xE7, 0xC1, 0xE7, 0xC9, 0xE7, 0xC9, 0x08, 0xCA, 0x08, 0xCA, 0x08, 0xCA, 0x28, 0xCA, 0x28, 0xCA,
    0x08, 0xCA, 0xE7, 0xC9, 0xC6, 0xC9, 0xA4, 0xC9, 0xC3, 0xC9, 0xE2, 0xD9, 0x21, 0xE2, 0xE0, 0xF2,
    0x00, 0xF4, 0x80, 0xE4, 0x80, 0xD4, 0x81, 0xBC, 0xC1, 0xB4, 0x41, 0xB5, 0xC1, 0xB5, 0x01, 0xBE,
    0x21, 0xBE, 0x21, 0xBE, 0x01, 0xBE, 0x01, 0xB6, 0x01, 0xB6, 0x01, 0xB6, 0xE1, 0xB5, 0xE1, 0xB5,
    0x02, 0xB6, 0x44, 0xB6, 0x88, 0xB6, 0xAA, 0xBE, 0xCA, 0xBE, 0xCA, 0xBE, 0xAA, 0xBE, 0xAA, 0xBE,
    0xAA, 0xBE, 0xAA, 0xBE, 0xCA, 0xBE, 0xA9, 0xB6, 0xA8, 0xB6, 0xEE, 0xC6, 0x98, 0xE7, 0xFE, 0xFF,
    0xFF, 0xFF, 0xFF, 0xFF, 0xFF, 0xFF, 0xFF, 0xFF, 0xFF, 0xFF, 0xFF, 0xFF, 0xFF, 0xFF, 0xFF, 0xFF,
    0xFF, 0xFF, 0xFF, 0xFF, 0xFF, 0xFF, 0xFF, 0xFF, 0xFF, 0xFF, 0xFF, 0xFF, 0xFF, 0xFF, 0xDF, 0xFF,
    0x1D, 0xF7, 0xFA, 0xE5, 0xB7, 0xD4, 0x15, 0xD4, 0x35, 0xD4, 0x56, 0xD4, 0x56, 0xD4, 0x56, 0xD4,
    0x56, 0xD4, 0x36, 0xD4, 0x35, 0xD4, 0x56, 0xD4, 0x77, 0xD4, 0x36, 0xD4, 0xB2, 0xD3, 0x0E, 0xCB,
    0x6A, 0xCA, 0x28, 0xCA, 0xE7, 0xC9, 0xE7, 0xC1, 0xE7, 0xC1, 0xE7, 0xC1, 0xE7, 0xC1, 0xE7, 0xB9,
    0xE7, 0xC1, 0xE7, 0xC1, 0xE7, 0xC1, 0xC6, 0xC1, 0xC4, 0xC9, 0x45, 0xDA, 0x68, 0xEB, 0x89, 0xFC,
    0x68, 0xFD, 0x85, 0xED, 0x22, 0xCD, 0x00, 0xB5, 0x60, 0xAD, 0xA1, 0xAD, 0xE1, 0xA5, 0xE1, 0xA5,
    0xC1, 0xA5, 0xC1, 0xA5, 0xC1, 0xA5, 0xE1, 0xAD, 0xE1, 0xB5, 0x01, 0xB6, 0x01, 0xB6, 0x22, 0xB6,
    0x45, 0xB6, 0x87, 0xB6, 0xAA, 0xBE, 0xCB, 0xBE, 0xCA, 0xBE, 0xAA, 0xBE, 0xAA, 0xBE, 0xAA, 0xBE,
    0xAA, 0xBE, 0xAA, 0xBE, 0xCB, 0xBE, 0xA9, 0xB6, 0xA9, 0xB6, 0xEC, 0xC6, 0x54, 0xDF, 0xDB, 0xF7,
    0xFF, 0xFF, 0xFF, 0xFF, 0xFF, 0xFF, 0xFF, 0xFF, 0xFF, 0xFF, 0xFF, 0xFF, 0xFF, 0xFF, 0xFF, 0xFF,
    0xFF, 0xFF, 0xFF, 0xFF, 0xFF, 0xFF, 0xFF, 0xFF, 0xFF, 0xFF, 0xFF, 0xFF, 0xFF, 0xFF, 0xBF, 0xFF,
    0xDC, 0xF6, 0x99, 0xE5, 0x96, 0xD4, 0x15, 0xD4, 0x35, 0xD4, 0x56, 0xD4, 0x56, 0xD4, 0x56, 0xD4,
    0x56, 0xD4, 0x56, 0xD4, 0x36, 0xD4, 0x56, 0xD4, 0x56, 0xD4, 0x56, 0xD4, 0x35, 0xD4, 0xD3, 0xD3,
    0x2F, 0xD3, 0x8B, 0xCA, 0x08, 0xC2, 0xC6, 0xB9, 0x86, 0xA9, 0x87, 0xA1, 0x86, 0xA1, 0x87, 0xA1,
    0x87, 0xA1, 0xA7, 0xA9, 0xC7, 0xB1, 0xA6, 0xB9, 0xC6, 0xC1, 0x0B, 0xDB, 0x74, 0xED, 0xF9, 0xFE,
    0x39, 0xFF, 0xF0, 0xEE, 0x26, 0xCE, 0xA0, 0xAD, 0x80, 0x9D, 0x61, 0x8D, 0x41, 0x85, 0x41, 0x7D,
    0x21, 0x7D, 0x21, 0x7D, 0x41, 0x85, 0x81, 0x95, 0xC0, 0xA5, 0xE1, 0xB5, 0x22, 0xB6, 0x45, 0xBE,
    0x88, 0xB6, 0xAA, 0xB6, 0xCA, 0xBE, 0xCA, 0xBE, 0xAA, 0xBE, 0xAA, 0xBE, 0xAA, 0xBE, 0xAA, 0xBE,
    0xAA, 0xBE, 0xAA, 0xBE, 0xCA, 0xBE, 0xA9, 0xB6, 0xA9, 0xB6, 0xCC, 0xBE, 0x32, 0xD7, 0x99, 0xEF,
    0xFE, 0xFF, 0xFF, 0xFF, 0xFF, 0xFF, 0xFF, 0xFF, 0xFF, 0xFF, 0xFF, 0xFF, 0xFF, 0xFF, 0xFF, 0xFF,
    0xFF, 0xFF, 0xFF, 0xFF, 0xFF, 0xFF, 0xFF, 0xFF, 0xFF, 0xFF, 0xFF, 0xFF, 0xFF, 0xFF, 0xBF, 0xFF,
    0x9C, 0xEE, 0x79, 0xE5, 0x96, 0xD4, 0x35, 0xD4, 0x35, 0xD4, 0x56, 0xD4, 0x56, 0xD4, 0x56, 0xD4,
    0x56, 0xD4, 0x56, 0xD4, 0x56, 0xD4, 0x36, 0xD4, 0x35, 0xD4, 0x56, 0xD4, 0x77, 0xD4, 0x56, 0xD4,
    0xB2, 0xCB, 0xEE, 0xC2, 0x2A, 0xB2, 0xA8, 0xA1, 0x67, 0x99, 0x67, 0x91, 0x46, 0x89, 0x46, 0x89,
    0x46, 0x89, 0x67, 0x91, 0xA8, 0x99, 0x88, 0xA1, 0xC9, 0xB1, 0xD1, 0xD3, 0xFC, 0xF6, 0xFF, 0xFF,
    0xFF, 0xFF, 0xB8, 0xEF, 0x89, 0xB6, 0xA0, 0x8D, 0x40, 0x7D, 0x02, 0x6D, 0xC1, 0x64, 0xA1, 0x5C,
    0xA1, 0x5C, 0xC1, 0x5C, 0xE1, 0x64, 0x01, 0x75, 0x41, 0x85, 0xA2, 0x95, 0x25, 0xA6, 0x68, 0xB6,
    0xCA, 0xBE, 0xCB, 0xBE, 0xCA, 0xBE, 0xAA, 0xBE, 0xAA, 0xBE, 0xAA, 0xBE, 0xAA, 0xBE, 0xAA, 0xBE,
    0xAA, 0xBE, 0xAA, 0xBE, 0xCA, 0xBE, 0xA9, 0xB6, 0xA9, 0xB6, 0xCC, 0xBE, 0x31, 0xCF, 0x97, 0xE7,
    0xFE, 0xFF, 0xFF, 0xFF, 0xFF, 0xFF, 0xFF, 0xFF, 0xFF, 0xFF, 0xFF, 0xFF, 0xFF, 0xFF, 0xFF, 0xFF,
    0xFF, 0xFF, 0xFF, 0xFF, 0xFF, 0xFF, 0xFF, 0xFF, 0xFF, 0xFF, 0xFF, 0xFF, 0xFF, 0xFF, 0xBF, 0xFF,
    0x9C, 0xEE, 0x79, 0xE5, 0x96, 0xD4, 0x35, 0xD4, 0x35, 0xD4, 0x56, 0xD4, 0x56, 0xD4, 0x56, 0xD4,
    0x56, 0xD4, 0x56, 0xD4, 0x56, 0xD4, 0x36, 0xD4, 0x35, 0xD4, 0x56, 0xD4, 0x76, 0xDC, 0x56, 0xD4,
    0xB4, 0xBB, 0xF1, 0xA2, 0x4E, 0x92, 0xEC, 0x89, 0xAA, 0x89, 0x89, 0x81, 0x68, 0x81, 0x68, 0x81,
    0x68, 0x81, 0x89, 0x81, 0xCA, 0x89, 0xAB, 0x89, 0x0E, 0x92, 0xF4, 0xBB, 0x1D, 0xF7, 0xFF, 0xFF,
    0xFF, 0xFF, 0x7A, 0xDF, 0x2C, 0x8E, 0x23, 0x5D, 0xE3, 0x54, 0xC3, 0x54, 0xA2, 0x4C, 0x82, 0x4C,
    0x82, 0x4C, 0x82, 0x4C, 0xA2, 0x54, 0xC3, 0x54, 0xE4, 0x5C, 0x45, 0x6D, 0xC7, 0x85, 0x49, 0xA6,
    0xAA, 0xBE, 0xCA, 0xBE, 0xCA, 0xBE, 0xAA, 0xB6, 0xAA, 0xBE, 0xAA, 0xBE, 0xAA, 0xBE, 0xAA, 0xBE,
    0xAA, 0xBE, 0xAA, 0xBE, 0xCA, 0xBE, 0xA9, 0xB6, 0xA9, 0xB6, 0xCB, 0xBE, 0x10, 0xCF, 0x77, 0xE7,
    0xFE, 0xFF, 0xFF, 0xFF, 0xFF, 0xFF, 0xFF, 0xFF, 0xFF, 0xFF, 0xFF, 0xFF, 0xFF, 0xFF, 0xFF, 0xFF,
    0xFF, 0xFF, 0xFF, 0xFF, 0xFF, 0xFF, 0xFF, 0xFF, 0xFF, 0xFF, 0xFF, 0xFF, 0xFF, 0xFF, 0xDF, 0xFF,
    0xDC, 0xF6, 0xB9, 0xE5, 0x96, 0xD4, 0x15, 0xD4, 0x35, 0xD4, 0x56, 0xD4, 0x56, 0xD4, 0x56, 0xD4,
    0x56, 0xD4, 0x56, 0xD4, 0x36, 0xD4, 0x56, 0xD4, 0x56, 0xD4, 0x56, 0xD4, 0x35, 0xD4, 0xD4, 0xC3,
    0x33, 0xA3, 0xB2, 0x92, 0x50, 0x82, 0x2F, 0x82, 0xED, 0x81, 0xCC, 0x81, 0xCB, 0x81, 0xCB, 0x81,
    0xCB, 0x81, 0xCC, 0x81, 0x0D, 0x82, 0xEE, 0x79, 0x10, 0x7A, 0x74, 0x93, 0xBA, 0xC5, 0x1D, 0xDF,
    0x3D, 0xD7, 0x56, 0xA6, 0x2C, 0x65, 0x85, 0x3C, 0xA5, 0x44, 0xC5, 0x4C, 0xC4, 0x4C, 0xC4, 0x4C,
    0xA3, 0x4C, 0xA4, 0x4C, 0xC4, 0x4C, 0xA5, 0x44, 0xC6, 0x44, 0x07, 0x4D, 0x68, 0x65, 0xE9, 0x85,
    0x69, 0xA6, 0xAA, 0xB6, 0xCA, 0xBE, 0xCA, 0xBE, 0xCA, 0xBE, 0xAA, 0xBE, 0xAA, 0xBE, 0xAA, 0xBE,
    0xAA, 0xBE, 0xAA, 0xBE, 0xCA, 0xBE, 0xA9, 0xB6, 0xA9, 0xB6, 0xCC, 0xBE, 0x31, 0xD7, 0x98, 0xE7,
    0xFE, 0xFF, 0xFF, 0xFF, 0xFF, 0xFF, 0xFF, 0xFF, 0xFF, 0xFF, 0xFF, 0xFF, 0xFF, 0xFF, 0xFF, 0xFF,
    0xFF, 0xFF, 0xFF, 0xFF, 0xFF, 0xFF, 0xFF, 0xFF, 0xFF, 0xFF, 0xFF, 0xFF, 0xFF, 0xFF, 0xDF, 0xFF,
    0x3D, 0xF7, 0x1A, 0xE6, 0xB7, 0xDC, 0x15, 0xD4, 0x35, 0xD4, 0x56, 0xD4, 0x56, 0xD4, 0x56, 0xD4,
    0x56, 0xD4, 0x36, 0xD4, 0x35, 0xD4, 0x56, 0xD4, 0x76, 0xDC, 0x35, 0xD4, 0x94, 0xBB, 0x12, 0xA3,
    0xB1, 0x92, 0x71, 0x8A, 0x50, 0x82, 0x50, 0x82, 0x50, 0x82, 0x2F, 0x82, 0x2F, 0x82, 0x2F, 0x82,
    0x2F, 0x8A, 0x4F, 0x8A, 0x50, 0x82, 0x0F, 0x72, 0x10, 0x62, 0xB2, 0x62, 0xD6, 0x73, 0xB8, 0x7C,
    0x18, 0x6D, 0xD3, 0x54, 0x4B, 0x3C, 0x27, 0x34, 0x86, 0x44, 0xE7, 0x4C, 0xE6, 0x4C, 0xE6, 0x4C,
    0xE6, 0x4C, 0xE6, 0x4C, 0xE6, 0x4C, 0xE6, 0x4C, 0xE7, 0x4C, 0xE7, 0x4C, 0x07, 0x4D, 0x48, 0x65,
    0xC8, 0x85, 0x49, 0xA6, 0xAA, 0xBE, 0xCA, 0xC6, 0xCA, 0xBE, 0xAA, 0xB6, 0xAA, 0xBE, 0xAA, 0xBE,
    0xAA, 0xBE, 0xAA, 0xBE, 0xCA, 0xBE, 0xA9, 0xB6, 0xA9, 0xB6, 0xCC, 0xC6, 0x53, 0xDF, 0xBA, 0xEF,
    0xFF, 0xFF, 0xFF, 0xFF, 0xFF, 0xFF, 0xFF, 0xFF, 0xFF, 0xFF, 0xFF, 0xFF, 0xFF, 0xFF, 0xFF, 0xFF,
    0xFF, 0xFF, 0xFF, 0xFF, 0xFF, 0xFF, 0xFF, 0xFF, 0xFF, 0xFF, 0xFF, 0xFF, 0xFF, 0xFF, 0xFF, 0xFF,
    0x9E, 0xFF, 0x9C, 0xEE, 0xD7, 0xDC, 0xF5, 0xCB, 0x15, 0xD4, 0x56, 0xD4, 0x56, 0xD4, 0x56, 0xD4,
    0x56, 0xD4, 0x56, 0xD4, 0x56, 0xD4, 0x56, 0xD4, 0x36, 0xD4, 0xB4, 0xBB, 0x12, 0xA3, 0x91, 0x8A,
    0x50, 0x82, 0x50, 0x82, 0x50, 0x8A, 0x70, 0x8A, 0x71, 0x8A, 0x71, 0x8A, 0x71, 0x8A, 0x71, 0x8A,
    0x71, 0x82, 0x50, 0x7A, 0x0F, 0x6A, 0xEF, 0x61, 0x10, 0x52, 0x51, 0x4A, 0xB3, 0x42, 0x34, 0x3B,
    0xB3, 0x2B, 0xD0, 0x2B, 0xCC, 0x2B, 0xE8, 0x33, 0x26, 0x3C, 0x86, 0x44, 0xC7, 0x4C, 0x07, 0x4D,
    0x07, 0x4D, 0x07, 0x55, 0x07, 0x55, 0x07, 0x55, 0x07, 0x55, 0x06, 0x4D, 0xE6, 0x4C, 0xE7, 0x4C,
    0x47, 0x65, 0xC8, 0x7D, 0x49, 0xA6, 0xAA, 0xBE, 0xCA, 0xBE, 0xCA, 0xBE, 0xCA, 0xBE, 0xAA, 0xBE,
    0xAA, 0xBE, 0xAA, 0xBE, 0xCA, 0xBE, 0xA9, 0xB6, 0xA8, 0xB6, 0xED, 0xC6, 0x76, 0xE7, 0xDD, 0xF7,
    0xFF, 0xFF, 0xFF, 0xFF, 0xFF, 0xFF, 0xFF, 0xFF, 0xFF, 0xFF, 0xFF, 0xFF, 0xFF, 0xFF, 0xFF, 0xFF,
    0xFF, 0xFF, 0xFF, 0xFF, 0xFF, 0xFF, 0xFF, 0xFF, 0xFF, 0xFF, 0xFF, 0xFF, 0xFF, 0xFF, 0xFF, 0xFF,
    0xFF, 0xFF, 0x3D, 0xF7, 0x58, 0xDD, 0x36, 0xD4, 0x35, 0xD4, 0x56, 0xD4, 0x56, 0xD4, 0x56, 0xD4,
    0x36, 0xD4, 0x56, 0xD4, 0x76, 0xDC, 0x36, 0xD4, 0xB4, 0xBB, 0x12, 0xA3, 0x91, 0x92, 0x50, 0x82,
    0x50, 0x82, 0x50, 0x8A, 0x50, 0x8A, 0x70, 0x8A, 0x71, 0x8A, 0x71, 0x8A, 0x71, 0x8A, 0x71, 0x82,
    0x50, 0x72, 0xEF, 0x61, 0xAE, 0x49, 0xCF, 0x49, 0x51, 0x4A, 0x92, 0x4A, 0x92, 0x3A, 0xD2, 0x32,
    0x31, 0x2B, 0x90, 0x2B, 0xCE, 0x2B, 0xAB, 0x2B, 0x87, 0x2B, 0xC5, 0x2B, 0x46, 0x3C, 0xC7, 0x4C,
    0x07, 0x4D, 0x07, 0x4D, 0x07, 0x4D, 0x07, 0x4D, 0x07, 0x4D, 0x07, 0x4D, 0xE7, 0x4C, 0xE7, 0x4C,
    0x07, 0x4D, 0x47, 0x5D, 0xC8, 0x7D, 0x49, 0x9E, 0xAA, 0xBE, 0xCA, 0xC6, 0xCA, 0xBE, 0xAA, 0xB6,
    0xAA, 0xBE, 0xCA, 0xBE, 0xCB, 0xBE, 0xA9, 0xB6, 0xA9, 0xB6, 0x0F, 0xCF, 0xBA, 0xEF, 0xFF, 0xFF,
    0xFF, 0xFF, 0xFF, 0xFF, 0xFF, 0xFF, 0xFF, 0xFF, 0xFF, 0xFF, 0xFF, 0xFF, 0xFF, 0xFF, 0xFF, 0xFF,
    0xFF, 0xFF, 0xFF, 0xFF, 0xFF, 0xFF, 0xFF, 0xFF, 0xFF, 0xFF, 0xFF, 0xFF, 0xFF, 0xFF, 0xFF, 0xFF,
    0xFF, 0xFF, 0x9E, 0xFF, 0x5B, 0xEE, 0x18, 0xDD, 0x76, 0xD4, 0x15, 0xD4, 0x15, 0xD4, 0x36, 0xD4,
    0x56, 0xD4, 0x56, 0xD4, 0x35, 0xCC, 0xB4, 0xBB, 0xF2, 0xA2, 0x71, 0x8A, 0x50, 0x82, 0x50, 0x82,
    0x50, 0x8A, 0x70, 0x8A, 0x50, 0x8A, 0x50, 0x8A, 0x50, 0x82, 0x50, 0x8A, 0x50, 0x8A, 0x30, 0x7A,
    0xEF, 0x61, 0x8E, 0x49, 0x8E, 0x39, 0xF0, 0x41, 0x93, 0x4A, 0xD3, 0x4A, 0xB2, 0x3A, 0xB0, 0x32,
    0x10, 0x33, 0x91, 0x33, 0xF1, 0x33, 0xCD, 0x2B, 0x68, 0x23, 0x45, 0x23, 0xC5, 0x2B, 0x46, 0x3C,
    0xC6, 0x4C, 0x07, 0x4D, 0x07, 0x4D, 0xE7, 0x4C, 0xE7, 0x4C, 0x07, 0x4D, 0x07, 0x55, 0x07, 0x4D,
    0xE7, 0x4C, 0x07, 0x4D, 0x47, 0x5D, 0xC8, 0x7D, 0x49, 0xA6, 0xAA, 0xB6, 0xCA, 0xBE, 0xCA, 0xBE,
    0xAA, 0xBE, 0xA9, 0xB6, 0xA9, 0xB6, 0xAA, 0xBE, 0xED, 0xC6, 0x54, 0xDF, 0xDD, 0xF7, 0xFF, 0xFF,
    0xFF, 0xFF, 0xFF, 0xFF, 0xFF, 0xFF, 0xFF, 0xFF, 0xFF, 0xFF, 0xFF, 0xFF, 0xFF, 0xFF, 0xFF, 0xFF,
    0xFF, 0xFF, 0xFF, 0xFF, 0xFF, 0xFF, 0xFF, 0xFF, 0xFF, 0xFF, 0xFF, 0xFF, 0xFF, 0xFF, 0xFF, 0xFF,
    0xFF, 0xFF, 0xFF, 0xFF, 0x9E, 0xFF, 0x7B, 0xEE, 0xF8, 0xDC, 0x15, 0xD4, 0xF5, 0xCB, 0x36, 0xD4,
    0x56, 0xD4, 0x35, 0xCC, 0x94, 0xB3, 0xF2, 0x9A, 0x91, 0x8A, 0x50, 0x82, 0x50, 0x82, 0x50, 0x8A,
    0x50, 0x8A, 0x50, 0x8A, 0x50, 0x82, 0x50, 0x8A, 0x50, 0x8A, 0x50, 0x82, 0x50, 0x82, 0xEF, 0x69,
    0xAE, 0x49, 0x8E, 0x39, 0xEF, 0x39, 0x72, 0x4A, 0xF4, 0x4A, 0xF4, 0x4A, 0xB1, 0x3A, 0x6F, 0x2A,
    0xCF, 0x2A, 0x71, 0x2B, 0xF2, 0x33, 0xF1, 0x33, 0xAC, 0x2B, 0x67, 0x23, 0x45, 0x23, 0xC5, 0x2B,
    0x86, 0x44, 0xE7, 0x4C, 0x07, 0x4D, 0x07, 0x4D, 0x07, 0x4D, 0x07, 0x4D, 0x07, 0x4D, 0x07, 0x4D,
    0x07, 0x4D, 0xE7, 0x4C, 0x07, 0x4D, 0x47, 0x5D, 0xA8, 0x7D, 0x49, 0x9E, 0xAA, 0xB6, 0xCA, 0xBE,
    0xCA, 0xBE, 0x88, 0xB6, 0x88, 0xB6, 0xCC, 0xC6, 0x54, 0xDF, 0xBB, 0xF7, 0xFF, 0xFF, 0xFF, 0xFF,
    0xFF, 0xFF, 0xFF, 0xFF, 0xFF, 0xFF, 0xFF, 0xFF, 0xFF, 0xFF, 0xFF, 0xFF, 0xFF, 0xFF, 0xFF, 0xFF,
    0xFF, 0xFF, 0xFF, 0xFF, 0xFF, 0xFF, 0xFF, 0xFF, 0xFF, 0xFF, 0xFF, 0xFF, 0xFF, 0xFF, 0xFF, 0xFF,
    0xFF, 0xFF, 0xFF, 0xFF, 0xFF, 0xFF, 0x7E, 0xFF, 0x1B, 0xEE, 0x38, 0xDD, 0xB7, 0xDC, 0x97, 0xDC,
    0x56, 0xD4, 0xD4, 0xBB, 0x12, 0xA3, 0x91, 0x8A, 0x50, 0x82, 0x50, 0x8A, 0x70, 0x8A, 0x70, 0x8A,
    0x70, 0x8A, 0x70, 0x8A, 0x70, 0x82, 0x70, 0x8A, 0x70, 0x8A, 0x50, 0x82, 0x30, 0x72, 0xEF, 0x59,
    0xCF, 0x41, 0xF0, 0x41, 0x72, 0x42, 0xD4, 0x52, 0x15, 0x53, 0xF4, 0x4A, 0x91, 0x32, 0x6F, 0x2A,
    0xAF, 0x22, 0x51, 0x2B, 0xF3, 0x33, 0x32, 0x34, 0x0F, 0x34, 0xAB, 0x2B, 0x68, 0x23, 0x87, 0x2B,
    0x27, 0x3C, 0xC7, 0x4C, 0xE6, 0x4C, 0x06, 0x4D, 0x06, 0x4D, 0xE6, 0x4C, 0xE6, 0x4C, 0xE6, 0x4C,
    0x06, 0x55, 0xE6, 0x4C, 0xE6, 0x4C, 0xE6, 0x4C, 0x27, 0x5D, 0xA8, 0x7D, 0x49, 0xA6, 0xAA, 0xBE,
    0xCB, 0xBE, 0xCB, 0xBE, 0xED, 0xC6, 0x33, 0xD7, 0xBB, 0xF7, 0xFF, 0xFF, 0xFF, 0xFF, 0xFF, 0xFF,
    0xFF, 0xFF, 0xFF, 0xFF, 0xFF, 0xFF, 0xFF, 0xFF, 0xFF, 0xFF, 0xFF, 0xFF, 0xFF, 0xFF, 0xFF, 0xFF,
    0xFF, 0xFF, 0xFF, 0xFF, 0xFF, 0xFF, 0xFF, 0xFF, 0xFF, 0xFF, 0xFF, 0xFF, 0xFF, 0xFF, 0xFF, 0xFF,
    0xFF, 0xFF, 0xFF, 0xFF, 0xFF, 0xFF, 0xFF, 0xFF, 0x9E, 0xFF, 0x1D, 0xF7, 0x5B, 0xEE, 0x79, 0xDD,
    0x56, 0xC4, 0x74, 0xAB, 0xD2, 0x92, 0xB1, 0x8A, 0x91, 0x8A, 0xB1, 0x8A, 0xB1, 0x8A, 0xB1, 0x8A,
    0xB1, 0x8A, 0xB1, 0x8A, 0x91, 0x8A, 0xB1, 0x8A, 0xB2, 0x92, 0x91, 0x82, 0x71, 0x6A, 0x51, 0x52,
    0x72, 0x4A, 0xB3, 0x4A, 0xD4, 0x4A, 0x15, 0x53, 0x15, 0x53, 0xF4, 0x4A, 0x91, 0x32, 0x6F, 0x2A,
    0xAF, 0x22, 0x51, 0x2B, 0xD2, 0x33, 0x33, 0x34, 0x32, 0x34, 0xD0, 0x2B, 0xAE, 0x2B, 0xAB, 0x2B,
    0x09, 0x34, 0x88, 0x44, 0xE7, 0x4C, 0x07, 0x55, 0x07, 0x4D, 0x07, 0x4D, 0x07, 0x4D, 0x07, 0x4D,
    0x07, 0x4D, 0x07, 0x4D, 0x07, 0x4D, 0xE7, 0x4C, 0xE7, 0x4C, 0x47, 0x5D, 0xE9, 0x85, 0x6B, 0xA6,
    0xEE, 0xC6, 0x52, 0xD7, 0x97, 0xE7, 0xBC, 0xF7, 0xFF, 0xFF, 0xFF, 0xFF, 0xFF, 0xFF, 0xFF, 0xFF,
    0xFF, 0xFF, 0xFF, 0xFF, 0xFF, 0xFF, 0xFF, 0xFF, 0xFF, 0xFF, 0xFF, 0xFF, 0xFF, 0xFF, 0xFF, 0xFF,
    0xFF, 0xFF, 0xFF, 0xFF, 0xFF, 0xFF, 0xFF, 0xFF, 0xFF, 0xFF, 0xFF, 0xFF, 0xFF, 0xFF, 0xFF, 0xFF,
    0xFF, 0xFF, 0xFF, 0xFF, 0xFF, 0xFF, 0xFF, 0xFF, 0xFF, 0xFF, 0xFF, 0xFF, 0x9E, 0xFF, 0x3B, 0xE6,
    0x97, 0xBC, 0x74, 0x9B, 0x34, 0x93, 0x54, 0x93, 0x54, 0x93, 0x54, 0x93, 0x54, 0x93, 0x54, 0x93,
    0x54, 0x93, 0x54, 0x93, 0x54, 0x93, 0x54, 0x9B, 0x74, 0x9B, 0x33, 0x8B, 0xD2, 0x62, 0x93, 0x4A,
    0xD4, 0x4A, 0x14, 0x53, 0x14, 0x4B, 0x15, 0x53, 0x15, 0x53, 0xD3, 0x4A, 0x91, 0x32, 0x8F, 0x2A,
    0xCF, 0x2A, 0x51, 0x2B, 0xD2, 0x33, 0x33, 0x34, 0x33, 0x34, 0x13, 0x34, 0x11, 0x34, 0xEF, 0x33,
    0x0D, 0x34, 0x6C, 0x44, 0x0B, 0x55, 0x6C, 0x5D, 0x6B, 0x5D, 0x4B, 0x55, 0x4B, 0x5D, 0x4B, 0x5D,
    0x4B, 0x5D, 0x4B, 0x5D, 0x4C, 0x5D, 0x4B, 0x55, 0x4B, 0x55, 0x4B, 0x5D, 0xAD, 0x6D, 0x50, 0x96,
    0x34, 0xCF, 0xBA, 0xF7, 0xFE, 0xFF, 0xFF, 0xFF, 0xFF, 0xFF, 0xFF, 0xFF, 0xFF, 0xFF, 0xFF, 0xFF,
    0xFF, 0xFF, 0xFF, 0xFF, 0xFF, 0xFF, 0xFF, 0xFF, 0xFF, 0xFF, 0xFF, 0xFF, 0xFF, 0xFF, 0xFF, 0xFF,
    0xFF, 0xFF, 0xFF, 0xFF, 0xFF, 0xFF, 0xFF, 0xFF, 0xFF, 0xFF, 0xFF, 0xFF, 0xFF, 0xFF, 0xFF, 0xFF,
    0xFF, 0xFF, 0xFF, 0xFF, 0xFF, 0xFF, 0xFF, 0xFF, 0xFF, 0xFF, 0xFF, 0xFF, 0xDF, 0xFF, 0x9C, 0xDE,
    0xF8, 0xB4, 0xF6, 0x9B, 0xF6, 0x9B, 0x37, 0xA4, 0x37, 0xA4, 0x37, 0xA4, 0x37, 0xA4, 0x37, 0xA4,
    0x37, 0xA4, 0x37, 0x9C, 0x17, 0x9C, 0x37, 0xA4, 0x57, 0xAC, 0xF6, 0x8B, 0x35, 0x63, 0xD4, 0x4A,
    0xF4, 0x4A, 0x15, 0x53, 0x14, 0x4B, 0x15, 0x4B, 0x15, 0x53, 0xF4, 0x4A, 0xB1, 0x3A, 0xB0, 0x2A,
    0xF0, 0x2A, 0x71, 0x2B, 0xF2, 0x33, 0x33, 0x34, 0x13, 0x34, 0x13, 0x34, 0x13, 0x34, 0x12, 0x34,
    0x11, 0x34, 0xB2, 0x44, 0x73, 0x5D, 0xF3, 0x6D, 0xF3, 0x6D, 0xB3, 0x65, 0xD3, 0x65, 0xD3, 0x65,
    0xD3, 0x65, 0xD3, 0x65, 0xD3, 0x6D, 0xD3, 0x65, 0xD3, 0x65, 0xB2, 0x65, 0xD3, 0x65, 0x76, 0x8E,
    0x7B, 0xD7, 0xFE, 0xFF, 0xFF, 0xFF, 0xFF, 0xFF, 0xFF, 0xFF, 0xFF, 0xFF, 0xFF, 0xFF, 0xFF, 0xFF,
    0xFF, 0xFF, 0xFF, 0xFF, 0xFF, 0xFF, 0xFF, 0xFF, 0xFF, 0xFF, 0xFF, 0xFF, 0xFF, 0xFF, 0xFF, 0xFF,
    0xFF, 0xFF, 0xFF, 0xFF, 0xFF, 0xFF, 0xFF, 0xFF, 0xFF, 0xFF, 0xFF, 0xFF, 0xFF, 0xFF, 0xFF, 0xFF,
    0xFF, 0xFF, 0xFF, 0xFF, 0xFF, 0xFF, 0xFF, 0xFF, 0xFF, 0xFF, 0xDF, 0xFF, 0x9E, 0xF7, 0x7C, 0xD6,
    0xF9, 0xB4, 0x58, 0x9C, 0x78, 0xA4, 0xB8, 0xAC, 0x98, 0xA4, 0x98, 0xA4, 0x98, 0xA4, 0x98, 0xA4,
    0x98, 0xA4, 0x98, 0xA4, 0x98, 0xA4, 0xB8, 0xAC, 0xB9, 0xAC, 0x57, 0x94, 0x76, 0x63, 0xF4, 0x42,
    0xF4, 0x4A, 0x14, 0x53, 0xF4, 0x4A, 0x15, 0x4B, 0x15, 0x4B, 0xF4, 0x4A, 0xB2, 0x42, 0xD1, 0x32,
    0x31, 0x2B, 0xB1, 0x2B, 0xF2, 0x33, 0x13, 0x34, 0x13, 0x34, 0x12, 0x34, 0x13, 0x34, 0x13, 0x34,
    0x13, 0x34, 0xB5, 0x4C, 0xB6, 0x65, 0x37, 0x76, 0x37, 0x76, 0xF7, 0x6D, 0x17, 0x6E, 0x17, 0x6E,
    0x17, 0x6E, 0x17, 0x6E, 0x17, 0x6E, 0x17, 0x76, 0x17, 0x76, 0xF6, 0x6D, 0xD6, 0x65, 0x59, 0x86,
    0x5D, 0xCF, 0xFF, 0xFF, 0xFF, 0xFF, 0xFF, 0xFF, 0xFF, 0xFF, 0xFF, 0xFF, 0xFF, 0xFF, 0xFF, 0xFF,
    0xFF, 0xFF, 0xFF, 0xFF, 0xFF, 0xFF, 0xFF, 0xFF, 0xFF, 0xFF, 0xFF, 0xFF, 0xFF, 0xFF, 0xFF, 0xFF,
    0xFF, 0xFF, 0xFF, 0xFF, 0xFF, 0xFF, 0xFF, 0xFF, 0xFF, 0xFF, 0xFF, 0xFF, 0xFF, 0xFF, 0xFF, 0xFF,
    0xFF, 0xFF, 0xFF, 0xFF, 0xFF, 0xFF, 0xFF, 0xFF, 0xFF, 0xFF, 0xDF, 0xFF, 0x1D, 0xE7, 0xFB, 0xCD,
    0xD9, 0xAC, 0x58, 0x9C, 0x78, 0xA4, 0x98, 0xA4, 0x98, 0xA4, 0x98, 0xA4, 0x98, 0xA4, 0x98, 0xA4,
    0x98, 0xA4, 0x98, 0xA4, 0x78, 0xA4, 0x98, 0xAC, 0xB8, 0xAC, 0x37, 0x94, 0x55, 0x63, 0xF4, 0x42,
    0xF4, 0x4A, 0x15, 0x53, 0x14, 0x4B, 0x15, 0x4B, 0x15, 0x4B, 0xF4, 0x4A, 0xF4, 0x4A, 0x13, 0x43,
    0xB2, 0x33, 0xF2, 0x33, 0x13, 0x34, 0x13, 0x34, 0x13, 0x34, 0x12, 0x34, 0x13, 0x34, 0xF3, 0x33,
    0x13, 0x34, 0xB4, 0x44, 0xB6, 0x65, 0x37, 0x76, 0x16, 0x76, 0xF6, 0x6D, 0x16, 0x6E, 0x16, 0x6E,
    0x16, 0x6E, 0x16, 0x6E, 0xF6, 0x6D, 0x16, 0x6E, 0x17, 0x76, 0xF6, 0x6D, 0xD6, 0x65, 0x38, 0x7E,
    0x1B, 0xBF, 0xBE, 0xEF, 0xFF, 0xFF, 0xFF, 0xFF, 0xFF, 0xFF, 0xFF, 0xFF, 0xFF, 0xFF, 0xFF, 0xFF,
    0xFF, 0xFF, 0xFF, 0xFF, 0xFF, 0xFF, 0xFF, 0xFF, 0xFF, 0xFF, 0xFF, 0xFF, 0xFF, 0xFF, 0xFF, 0xFF,
    0xFF, 0xFF, 0xFF, 0xFF, 0xFF, 0xFF, 0xFF, 0xFF, 0xFF, 0xFF, 0xFF, 0xFF, 0xFF, 0xFF, 0xFF, 0xFF,
    0xFF, 0xFF, 0xFF, 0xFF, 0xFF, 0xFF, 0xFF, 0xFF, 0xFF, 0xFF, 0xBF, 0xFF, 0xBD, 0xDE, 0x9A, 0xC5,
    0xB8, 0xAC, 0x57, 0xA4, 0x57, 0xA4, 0x78, 0xA4, 0x58, 0xA4, 0x78, 0xA4, 0x78, 0xA4, 0x78, 0xA4,
    0x78, 0xA4, 0x78, 0xA4, 0x57, 0xA4, 0x78, 0xAC, 0x78, 0xAC, 0x17, 0x8C, 0x55, 0x63, 0xD4, 0x42,
    0xF4, 0x4A, 0x15, 0x53, 0x15, 0x4B, 0xF4, 0x4A, 0xF4, 0x4A, 0x15, 0x53, 0x76, 0x53, 0xD6, 0x53,
    0x55, 0x4C, 0x54, 0x3C, 0x13, 0x34, 0xF2, 0x33, 0x12, 0x34, 0x13, 0x34, 0x13, 0x34, 0xF2, 0x33,
    0x12, 0x34, 0xB3, 0x44, 0x95, 0x65, 0x15, 0x76, 0x15, 0x6E, 0xD5, 0x6D, 0xF5, 0x6D, 0xF5, 0x6D,
    0xF5, 0x6D, 0xF5, 0x6D, 0xF5, 0x6D, 0xF5, 0x6D, 0xF5, 0x6D, 0xF5, 0x65, 0xD5, 0x65, 0x36, 0x7E,
    0xD9, 0xAE, 0x7D, 0xDF, 0xFF, 0xFF, 0xFF, 0xFF, 0xFF, 0xFF, 0xFF, 0xFF, 0xFF, 0xFF, 0xFF, 0xFF,
    0xFF, 0xFF, 0xFF, 0xFF, 0xFF, 0xFF, 0xFF, 0xFF, 0xFF, 0xFF, 0xFF, 0xFF, 0xFF, 0xFF, 0xFF, 0xFF,
    0xFF, 0xFF, 0xFF, 0xFF, 0xFF, 0xFF, 0xFF, 0xFF, 0xFF, 0xFF, 0xFF, 0xFF, 0xFF, 0xFF, 0xFF, 0xFF,
    0xFF, 0xFF, 0xFF, 0xFF, 0xFF, 0xFF, 0xFF, 0xFF, 0xFF, 0xFF, 0xBF, 0xF7, 0x9C, 0xDE, 0x9A, 0xBD,
    0xB8, 0xAC, 0x57, 0xA4, 0x57, 0xA4, 0x78, 0xA4, 0x78, 0xA4, 0x78, 0xA4, 0x78, 0xA4, 0x78, 0xA4,
    0x78, 0xA4, 0x78, 0xA4, 0x78, 0xA4, 0x78, 0xAC, 0x98, 0xAC, 0x17, 0x94, 0x55, 0x63, 0xF4, 0x42,
    0xF4, 0x4A, 0x15, 0x53, 0x15, 0x53, 0xF4, 0x4A, 0xD4, 0x4A, 0x55, 0x53, 0x38, 0x64, 0xF9, 0x6C,
    0xF9, 0x64, 0xB6, 0x4C, 0x33, 0x3C, 0xF2, 0x2B, 0x12, 0x34, 0x13, 0x34, 0x13, 0x34, 0xF2, 0x33,
    0x12, 0x34, 0xB3, 0x44, 0x95, 0x65, 0x16, 0x76, 0x16, 0x6E, 0xF5, 0x6D, 0xF5, 0x6D, 0xF5, 0x6D,
    0xF5, 0x6D, 0xF5, 0x6D, 0xF5, 0x6D, 0xF5, 0x6D, 0xF6, 0x6D, 0xF5, 0x65, 0xD5, 0x65, 0x36, 0x7E,
    0xDA, 0xAE, 0x7D, 0xD7, 0xFF, 0xF7, 0xFF, 0xFF, 0xFF, 0xFF, 0xFF, 0xFF, 0xFF, 0xFF, 0xFF, 0xFF,
    0xFF, 0xFF, 0xFF, 0xFF, 0xFF, 0xFF, 0xFF, 0xFF, 0xFF, 0xFF, 0xFF, 0xFF, 0xFF, 0xFF, 0xFF, 0xFF,
    0xFF, 0xFF, 0xFF, 0xFF, 0xFF, 0xFF, 0xFF, 0xFF, 0xFF, 0xFF, 0xFF, 0xFF, 0xFF, 0xFF, 0xFF, 0xFF,
    0xFF, 0xFF, 0xFF, 0xFF, 0xFF, 0xFF, 0xFF, 0xFF, 0xFF, 0xFF, 0xBF, 0xFF, 0xBD, 0xDE, 0x9A, 0xC5,
    0xB8, 0xAC, 0x57, 0xA4, 0x57, 0xA4, 0x78, 0xA4, 0x78, 0xA4, 0x78, 0xA4, 0x78, 0xA4, 0x78, 0xA4,
    0x78, 0xA4, 0x78, 0xA4, 0x78, 0xA4, 0x78, 0xAC, 0x98, 0xAC, 0x17, 0x94, 0x55, 0x63, 0xF4, 0x42,
    0xF4, 0x4A, 0x14, 0x53, 0xF4, 0x4A, 0xF4, 0x4A, 0x55, 0x53, 0xF7, 0x63, 0xFA, 0x6C, 0x7B, 0x7D,
    0x7B, 0x75, 0xF8, 0x64, 0x75, 0x4C, 0x33, 0x3C, 0x12, 0x34, 0x12, 0x34, 0x12, 0x34, 0x13, 0x34,
    0x13, 0x34, 0xB4, 0x44, 0x95, 0x65, 0x16, 0x76, 0x16, 0x6E, 0xF5, 0x6D, 0xF6, 0x6D, 0xF6, 0x6D,
    0xF6, 0x6D, 0xF6, 0x6D, 0xF6, 0x6D, 0xF6, 0x6D, 0xF6, 0x6D, 0xF5, 0x65, 0xD5, 0x65, 0x37, 0x7E,
    0xDA, 0xAE, 0x9D, 0xDF, 0xFF, 0xFF, 0xFF, 0xFF, 0xFF, 0xFF, 0xFF, 0xFF, 0xFF, 0xFF, 0xFF, 0xFF,
    0xFF, 0xFF, 0xFF, 0xFF, 0xFF, 0xFF, 0xFF, 0xFF, 0xFF, 0xFF, 0xFF, 0xFF, 0xFF, 0xFF, 0xFF, 0xFF,
    0xFF, 0xFF, 0xFF, 0xFF, 0xFF, 0xFF, 0xFF, 0xFF, 0xFF, 0xFF, 0xFF, 0xFF, 0xFF, 0xFF, 0xFF, 0xFF,
    0xFF, 0xFF, 0xFF, 0xFF, 0xFF, 0xFF, 0xFF, 0xFF, 0xFF, 0xFF, 0xDF, 0xFF, 0xFD, 0xE6, 0xDB, 0xCD,
    0xD8, 0xAC, 0x57, 0xA4, 0x57, 0xA4, 0x78, 0xA4, 0x78, 0xA4, 0x78, 0xA4, 0x78, 0xA4, 0x78, 0xA4,
    0x78, 0xA4, 0x78, 0xA4, 0x78, 0xA4, 0x78, 0xAC, 0x98, 0xAC, 0x17, 0x94, 0x55, 0x63, 0xF4, 0x42,
    0x14, 0x4B, 0xF4, 0x4A, 0xD4, 0x4A, 0x55, 0x53, 0x38, 0x64, 0xFA, 0x74, 0x5B, 0x75, 0x7B, 0x7D,
    0x7B, 0x7D, 0x5A, 0x75, 0x19, 0x65, 0x96, 0x4C, 0x33, 0x3C, 0xF2, 0x2B, 0x12, 0x34, 0x13, 0x34,
    0x13, 0x34, 0xB4, 0x44, 0x95, 0x65, 0x16, 0x76, 0x16, 0x6E, 0xF5, 0x6D, 0xF6, 0x6D, 0xF6, 0x6D,
    0xF6, 0x6D, 0xF6, 0x6D, 0xF6, 0x6D, 0xF6, 0x6D, 0x16, 0x6E, 0xF5, 0x65, 0xD5, 0x65, 0x37, 0x7E,
    0x1B, 0xBF, 0xBE, 0xEF, 0xFF, 0xFF, 0xFF, 0xFF, 0xFF, 0xFF, 0xFF, 0xFF, 0xFF, 0xFF, 0xFF, 0xFF,
    0xFF, 0xFF, 0xFF, 0xFF, 0xFF, 0xFF, 0xFF, 0xFF, 0xFF, 0xFF, 0xFF, 0xFF, 0xFF, 0xFF, 0xFF, 0xFF,
    0xFF, 0xFF, 0xFF, 0xFF, 0xFF, 0xFF, 0xFF, 0xFF, 0xFF, 0xFF, 0xFF, 0xFF, 0xFF, 0xFF, 0xFF, 0xFF,
    0xFF, 0xFF, 0xFF, 0xFF, 0xFF, 0xFF, 0xFF, 0xFF, 0xFF, 0xFF, 0xFF, 0xFF, 0x7E, 0xF7, 0x5C, 0xD6,
    0xD9, 0xAC, 0x37, 0x9C, 0x57, 0xA4, 0x98, 0xA4, 0x78, 0xA4, 0x78, 0xA4, 0x78, 0xA4, 0x78, 0xA4,
    0x78, 0xA4, 0x78, 0xA4, 0x78, 0xA4, 0x78, 0xAC, 0x98, 0xAC, 0x17, 0x94, 0x55, 0x63, 0xD4, 0x42,
    0xD4, 0x4A, 0x15, 0x53, 0x55, 0x53, 0x17, 0x64, 0xFA, 0x74, 0x7B, 0x7D, 0x7B, 0x7D, 0x7B, 0x7D,
    0x7B, 0x7D, 0x7B, 0x7D, 0x5B, 0x75, 0x19, 0x65, 0x95, 0x4C, 0x33, 0x3C, 0x12, 0x34, 0xF2, 0x2B,
    0x12, 0x34, 0xB4, 0x44, 0x95, 0x65, 0x16, 0x76, 0x16, 0x6E, 0xF5, 0x6D, 0xF6, 0x6D, 0xF6, 0x6D,
    0xF6, 0x6D, 0xF6, 0x6D, 0xF6, 0x6D, 0xF6, 0x6D, 0x16, 0x76, 0xD5, 0x65, 0xD5, 0x65, 0x57, 0x86,
    0x5C, 0xCF, 0xDF, 0xF7, 0xFF, 0xFF, 0xFF, 0xFF, 0xFF, 0xFF, 0xFF, 0xFF, 0xFF, 0xFF, 0xFF, 0xFF,
    0xFF, 0xFF, 0xFF, 0xFF, 0xFF, 0xFF, 0xFF, 0xFF, 0xFF, 0xFF, 0xFF, 0xFF, 0xFF, 0xFF, 0xFF, 0xFF,
    0xFF, 0xFF, 0xFF, 0xFF, 0xFF, 0xFF, 0xFF, 0xFF, 0xFF, 0xFF, 0xFF, 0xFF, 0xFF, 0xFF, 0xFF, 0xFF,
    0xFF, 0xFF, 0xFF, 0xFF, 0xFF, 0xFF, 0xFF, 0xFF, 0xFF, 0xFF, 0xFF, 0xFF, 0xDF, 0xFF, 0xFD, 0xE6,
    0x19, 0xB5, 0x37, 0x9C, 0x57, 0xA4, 0x98, 0xAC, 0x78, 0xA4, 0x78, 0xA4, 0x78, 0xA4, 0x78, 0xA4,
    0x78, 0xA4, 0x78, 0xA4, 0x78, 0xA4, 0x98, 0xAC, 0x98, 0xAC, 0x37, 0x94, 0x75, 0x63, 0xD4, 0x42,
    0xD4, 0x42, 0x55, 0x53, 0x38, 0x64, 0xFA, 0x74, 0x7B, 0x7D, 0x7B, 0x7D, 0x7B, 0x7D, 0x7B, 0x7D,
    0x7B, 0x7D, 0x7B, 0x7D, 0x7B, 0x7D, 0x5B, 0x75, 0x19, 0x6D, 0x96, 0x54, 0x33, 0x3C, 0xF2, 0x2B,
    0x12, 0x34, 0xB4, 0x4C, 0xB5, 0x65, 0x16, 0x76, 0x16, 0x76, 0xF5, 0x6D, 0xF6, 0x6D, 0xF6, 0x6D,
    0xF6, 0x6D, 0xF6, 0x6D, 0xF6, 0x6D, 0xF6, 0x6D, 0x16, 0x76, 0xF5, 0x6D, 0xF5, 0x6D, 0x78, 0x96,
    0x9D, 0xDF, 0xFF, 0xFF, 0xFF, 0xFF, 0xFF, 0xFF, 0xFF, 0xFF, 0xFF, 0xFF, 0xFF, 0xFF, 0xFF, 0xFF,
    0xFF, 0xFF, 0xFF, 0xFF, 0xFF, 0xFF, 0xFF, 0xFF, 0xFF, 0xFF, 0xFF, 0xFF, 0xFF, 0xFF, 0xFF, 0xFF,
    0xFF, 0xFF, 0xFF, 0xFF, 0xFF, 0xFF, 0xFF, 0xFF, 0xFF, 0xFF, 0xFF, 0xFF, 0xFF, 0xFF, 0xFF, 0xFF,
    0xFF, 0xFF, 0xFF, 0xFF, 0xFF, 0xFF, 0xFF, 0xFF, 0xFF, 0xFF, 0xFF, 0xFF, 0xFF, 0xFF, 0x7E, 0xF7,
    0xFB, 0xCD, 0xD8, 0xAC, 0x57, 0xA4, 0x57, 0xA4, 0x57, 0xA4, 0x78, 0xA4, 0x78, 0xA4, 0x78, 0xA4,
    0x78, 0xA4, 0x78, 0xA4, 0x78, 0xA4, 0x78, 0xAC, 0x78, 0xAC, 0x17, 0x8C, 0x35, 0x5B, 0xD4, 0x42,
    0x55, 0x4B, 0x17, 0x64, 0x1A, 0x75, 0x7B, 0x7D, 0x7B, 0x7D, 0x7B, 0x7D, 0x7B, 0x7D, 0x7B, 0x7D,
    0x7B, 0x7D, 0x7B, 0x7D, 0x7B, 0x7D, 0x7B, 0x7D, 0x7B, 0x7D, 0x19, 0x6D, 0x96, 0x4C, 0x13, 0x34,
    0x12, 0x34, 0x93, 0x44, 0x95, 0x5D, 0x16, 0x6E, 0x16, 0x6E, 0xF6, 0x6D, 0xF6, 0x6D, 0xF6, 0x6D,
    0xF6, 0x6D, 0xF6, 0x6D, 0xF5, 0x6D, 0xF5, 0x65, 0xD5, 0x65, 0xF6, 0x6D, 0x57, 0x8E, 0xFB, 0xBE,
    0xDE, 0xEF, 0xFF, 0xFF, 0xFF, 0xFF, 0xFF, 0xFF, 0xFF, 0xFF, 0xFF, 0xFF, 0xFF, 0xFF, 0xFF, 0xFF,
    0xFF, 0xFF, 0xFF, 0xFF, 0xFF, 0xFF, 0xFF, 0xFF, 0xFF, 0xFF, 0xFF, 0xFF, 0xFF, 0xFF, 0xFF, 0xFF,
    0xFF, 0xFF, 0xFF, 0xFF, 0xFF, 0xFF, 0xFF, 0xFF, 0xFF, 0xFF, 0xFF, 0xFF, 0xFF, 0xFF, 0xFF, 0xFF,
    0xFF, 0xFF, 0xFF, 0xFF, 0xFF, 0xFF, 0xFF, 0xFF, 0xFF, 0xFF, 0xFF, 0xFF, 0xFF, 0xFF, 0xDF, 0xFF,
    0x1E, 0xEF, 0xFB, 0xCD, 0xB8, 0xAC, 0x17, 0x9C, 0x37, 0x9C, 0x78, 0xA4, 0x78, 0xA4, 0x98, 0xA4,
    0x98, 0xA4, 0x98, 0xA4, 0x78, 0xA4, 0x98, 0xAC, 0x98, 0xAC, 0xF7, 0x8B, 0x35, 0x5B, 0x35, 0x4B,
    0x38, 0x64, 0x1A, 0x75, 0x7B, 0x7D, 0x7B, 0x7D, 0x7B, 0x7D, 0x7B, 0x7D, 0x7B, 0x7D, 0x7B, 0x7D,
    0x7B, 0x7D, 0x7B, 0x7D, 0x7B, 0x7D, 0x7B, 0x7D, 0x7B, 0x7D, 0x5B, 0x75, 0x19, 0x6D, 0x96, 0x54,
    0x33, 0x3C, 0x93, 0x3C, 0x94, 0x5D, 0x16, 0x76, 0x16, 0x76, 0xF6, 0x6D, 0x16, 0x76, 0x16, 0x76,
    0x16, 0x6E, 0xF6, 0x6D, 0xF6, 0x6D, 0xD5, 0x65, 0xD5, 0x65, 0x37, 0x7E, 0x1B, 0xBF, 0xBE, 0xEF,
    0xFF, 0xFF, 0xFF, 0xFF, 0xFF, 0xFF, 0xFF, 0xFF, 0xFF, 0xFF, 0xFF, 0xFF, 0xFF, 0xFF, 0xFF, 0xFF,
    0xFF, 0xFF, 0xFF, 0xFF, 0xFF, 0xFF, 0xFF, 0xFF, 0xFF, 0xFF, 0xFF, 0xFF, 0xFF, 0xFF, 0xFF, 0xFF,
    0xFF, 0xFF, 0xFF, 0xFF, 0xFF, 0xFF, 0xFF, 0xFF, 0xFF, 0xFF, 0xFF, 0xFF, 0xFF, 0xFF, 0xFF, 0xFF,
    0xFF, 0xFF, 0xFF, 0xFF, 0xFF, 0xFF, 0xFF, 0xFF, 0xFF, 0xFF, 0xFF, 0xFF, 0xFF, 0xFF, 0xFF, 0xFF,
    0xDF, 0xFF, 0x1D, 0xE7, 0xBB, 0xC5, 0xD9, 0xAC, 0x98, 0xAC, 0x98, 0xA4, 0x57, 0xA4, 0x37, 0xA4,
    0x37, 0x9C, 0x37, 0x9C, 0x37, 0x9C, 0x78, 0xAC, 0xB8, 0xB4, 0x78, 0x9C, 0xD6, 0x6B, 0x17, 0x5C,
    0xFA, 0x6C, 0x9B, 0x7D, 0x7B, 0x7D, 0x5B, 0x7D, 0x7B, 0x7D, 0x7B, 0x7D, 0x7B, 0x7D, 0x7B, 0x7D,
    0x7B, 0x7D, 0x7B, 0x7D, 0x7B, 0x7D, 0x7B, 0x7D, 0x7B, 0x7D, 0x7B, 0x7D, 0x7B, 0x7D, 0x19, 0x6D,
    0xB6, 0x54, 0xF5, 0x54, 0xB6, 0x6D, 0x36, 0x76, 0xF5, 0x6D, 0xD5, 0x65, 0xD5, 0x65, 0xD5, 0x65,
    0xD5, 0x65, 0xF5, 0x6D, 0x16, 0x76, 0x16, 0x76, 0x57, 0x86, 0xDA, 0xAE, 0x9E, 0xE7, 0xFF, 0xFF,
    0xFF, 0xFF, 0xFF, 0xFF, 0xFF, 0xFF, 0xFF, 0xFF, 0xFF, 0xFF, 0xFF, 0xFF, 0xFF, 0xFF, 0xFF, 0xFF,
    0xFF, 0xFF, 0xFF, 0xFF, 0xFF, 0xFF, 0xFF, 0xFF, 0xFF, 0xFF, 0xFF, 0xFF, 0xFF, 0xFF, 0xFF, 0xFF,
    0xFF, 0xFF, 0xFF, 0xFF, 0xFF, 0xFF, 0xFF, 0xFF, 0xFF, 0xFF, 0xFF, 0xFF, 0xFF, 0xFF, 0xFF, 0xFF,
    0xFF, 0xFF, 0xFF, 0xFF, 0xFF, 0xFF, 0xFF, 0xFF, 0xFF, 0xFF, 0xFF, 0xFF, 0xFF, 0xFF, 0xFF, 0xFF,
    0xFF, 0xFF, 0xDF, 0xFF, 0x3E, 0xEF, 0x7C, 0xD6, 0x9A, 0xC5, 0xF9, 0xB4, 0x78, 0xA4, 0x37, 0x9C,
    0x17, 0x9C, 0x17, 0x9C, 0x37, 0x9C, 0xB8, 0xAC, 0x5A, 0xC5, 0x7A, 0xB5, 0x3A, 0x8D, 0x3A, 0x75,
    0x7B, 0x75, 0x9B, 0x7D, 0x7B, 0x7D, 0x7B, 0x7D, 0x7B, 0x7D, 0x7B, 0x7D, 0x7B, 0x7D, 0x7B, 0x7D,
    0x7B, 0x7D, 0x7B, 0x7D, 0x7B, 0x7D, 0x7B, 0x7D, 0x7B, 0x7D, 0x7B, 0x7D, 0x7B, 0x7D, 0x7B, 0x7D,
    0x7A, 0x7D, 0xD9, 0x85, 0x58, 0x96, 0x77, 0x8E, 0x16, 0x76, 0xD5, 0x65, 0xB5, 0x5D, 0xB5, 0x5D,
    0xD5, 0x65, 0xF6, 0x75, 0x57, 0x86, 0xB9, 0xA6, 0x3C, 0xC7, 0xBE, 0xE7, 0xFF, 0xFF, 0xFF, 0xFF,
    0xFF, 0xFF, 0xFF, 0xFF, 0xFF, 0xFF, 0xFF, 0xFF, 0xFF, 0xFF, 0xFF, 0xFF, 0xFF, 0xFF, 0xFF, 0xFF,
    0xFF, 0xFF, 0xFF, 0xFF, 0xFF, 0xFF, 0xFF, 0xFF, 0xFF, 0xFF, 0xFF, 0xFF, 0xFF, 0xFF, 0xFF, 0xFF,
    0xFF, 0xFF, 0xFF, 0xFF, 0xFF, 0xFF, 0xFF, 0xFF, 0xFF, 0xFF, 0xFF, 0xFF, 0xFF, 0xFF, 0xFF, 0xFF,
    0xFF, 0xFF, 0xFF, 0xFF, 0xFF, 0xFF, 0xFF, 0xFF, 0xFF, 0xFF, 0xFF, 0xFF, 0xFF, 0xFF, 0xFF, 0xFF,
    0xFF, 0xFF, 0xFF, 0xFF, 0xFF, 0xFF, 0x9F, 0xF7, 0xBD, 0xDE, 0xFB, 0xCD, 0x9A, 0xC5, 0x5A, 0xBD,
    0x39, 0xBD, 0x39, 0xBD, 0x5A, 0xBD, 0xDB, 0xCD, 0x7C, 0xDE, 0xBD, 0xD6, 0x7D, 0xB6, 0xFC, 0x8D,
    0x7B, 0x7D, 0x5B, 0x75, 0x7B, 0x75, 0x7B, 0x7D, 0x7B, 0x7D, 0x7B, 0x7D, 0x7B, 0x7D, 0x7B, 0x7D,
    0x7B, 0x7D, 0x7B, 0x7D, 0x7B, 0x7D, 0x7B, 0x7D, 0x7B, 0x7D, 0x5B, 0x75, 0x5B, 0x75, 0x9B, 0x7D,
    0x1C, 0x9E, 0xBD, 0xBE, 0x1C, 0xC7, 0x1A, 0xB7, 0xB9, 0xA6, 0x78, 0x8E, 0x58, 0x8E, 0x58, 0x8E,
    0x78, 0x96, 0xB9, 0x9E, 0xFA, 0xB6, 0x5C, 0xD7, 0xDF, 0xF7, 0xFF, 0xFF, 0xFF, 0xFF, 0xFF, 0xFF,
    0xFF, 0xFF, 0xFF, 0xFF, 0xFF, 0xFF, 0xFF, 0xFF, 0xFF, 0xFF, 0xFF, 0xFF, 0xFF, 0xFF, 0xFF, 0xFF,
    0xFF, 0xFF, 0xFF, 0xFF, 0xFF, 0xFF, 0xFF, 0xFF, 0xFF, 0xFF, 0xFF, 0xFF, 0xFF, 0xFF, 0xFF, 0xFF,
    0xFF, 0xFF, 0xFF, 0xFF, 0xFF, 0xFF, 0xFF, 0xFF, 0xFF, 0xFF, 0xFF, 0xFF, 0xFF, 0xFF, 0xFF, 0xFF,
    0xFF, 0xFF, 0xFF, 0xFF, 0xFF, 0xFF, 0xFF, 0xFF, 0xFF, 0xFF, 0xFF, 0xFF, 0xFF, 0xFF, 0xFF, 0xFF,
    0xFF, 0xFF, 0xFF, 0xFF, 0xFF, 0xFF, 0xFF, 0xFF, 0xBF, 0xFF, 0x7E, 0xF7, 0x5E, 0xEF, 0x5E, 0xEF,
    0x3E, 0xEF, 0x3E, 0xEF, 0x5E, 0xEF, 0x7E, 0xF7, 0x9F, 0xF7, 0x9F, 0xEF, 0x1E, 0xD7, 0x5D, 0xA6,
    0x9B, 0x85, 0x5B, 0x75, 0x5B, 0x75, 0x7B, 0x7D, 0x7B, 0x7D, 0x7B, 0x7D, 0x7B, 0x7D, 0x7B, 0x7D,
    0x7B, 0x7D, 0x7B, 0x7D, 0x7B, 0x7D, 0x7B, 0x7D, 0x9B, 0x7D, 0x5B, 0x75, 0x3B, 0x6D, 0xBC, 0x85,
    0x9D, 0xBE, 0x7F, 0xE7, 0xBF, 0xF7, 0xBE, 0xEF, 0xBE, 0xE7, 0x9D, 0xDF, 0x9D, 0xDF, 0x9D, 0xDF,
    0x9E, 0xE7, 0xBE, 0xE7, 0xBE, 0xEF, 0xDF, 0xF7, 0xFF, 0xFF, 0xFF, 0xFF, 0xFF, 0xFF, 0xFF, 0xFF,
    0xFF, 0xFF, 0xFF, 0xFF, 0xFF, 0xFF, 0xFF, 0xFF, 0xFF, 0xFF, 0xFF, 0xFF, 0xFF, 0xFF, 0xFF, 0xFF,
    0xFF, 0xFF, 0xFF, 0xFF, 0xFF, 0xFF, 0xFF, 0xFF, 0xFF, 0xFF, 0xFF, 0xFF, 0xFF, 0xFF, 0xFF, 0xFF,
    0xFF, 0xFF, 0xFF, 0xFF, 0xFF, 0xFF, 0xFF, 0xFF, 0xFF, 0xFF, 0xFF, 0xFF, 0xFF, 0xFF, 0xFF, 0xFF,
    0xFF, 0xFF, 0xFF, 0xFF, 0xFF, 0xFF, 0xFF, 0xFF, 0xFF, 0xFF, 0xFF, 0xFF, 0xFF, 0xFF, 0xFF, 0xFF,
    0xFF, 0xFF, 0xFF, 0xFF, 0xFF, 0xFF, 0xFF, 0xFF, 0xFF, 0xFF, 0xFF, 0xFF, 0xFF, 0xFF, 0xFF, 0xFF,
    0xFF, 0xFF, 0xFF, 0xFF, 0xFF, 0xFF, 0xFF, 0xFF, 0xFF, 0xFF, 0xFF, 0xFF, 0x9F, 0xEF, 0xDD, 0xC6,
    0xDC, 0x8D, 0x5B, 0x75, 0x5B, 0x75, 0x7B, 0x75, 0x7B, 0x7D, 0x7B, 0x7D, 0x7B, 0x7D, 0x7B, 0x7D,
    0x7B, 0x7D, 0x7B, 0x7D, 0x7B, 0x7D, 0x5B, 0x7D, 0x5B, 0x75, 0x5B, 0x75, 0x5B, 0x75, 0xFC, 0x95,
    0x1E, 0xD7, 0xDF, 0xF7, 0xFF, 0xFF, 0xFF, 0xFF, 0xFF, 0xFF, 0xFF, 0xFF, 0xFF, 0xFF, 0xFF, 0xFF,
    0xFF, 0xFF, 0xFF, 0xFF, 0xFF, 0xFF, 0xFF, 0xFF, 0xFF, 0xFF, 0xFF, 0xFF, 0xFF, 0xFF, 0xFF, 0xFF,
    0xFF, 0xFF, 0xFF, 0xFF, 0xFF, 0xFF, 0xFF, 0xFF, 0xFF, 0xFF, 0xFF, 0xFF, 0xFF, 0xFF, 0xFF, 0xFF,
    0xFF, 0xFF, 0xFF, 0xFF, 0xFF, 0xFF, 0xFF, 0xFF, 0xFF, 0xFF, 0xFF, 0xFF, 0xFF, 0xFF, 0xFF, 0xFF,
    0xFF, 0xFF, 0xFF, 0xFF, 0xFF, 0xFF, 0xFF, 0xFF, 0xFF, 0xFF, 0xFF, 0xFF, 0xFF, 0xFF, 0xFF, 0xFF,
    0xFF, 0xFF, 0xFF, 0xFF, 0xFF, 0xFF, 0xFF, 0xFF, 0xFF, 0xFF, 0xFF, 0xFF, 0xFF, 0xFF, 0xFF, 0xFF,
    0xFF, 0xFF, 0xFF, 0xFF, 0xFF, 0xFF, 0xFF, 0xFF, 0xFF, 0xFF, 0xFF, 0xFF, 0xFF, 0xFF, 0xFF, 0xFF,
    0xFF, 0xFF, 0xFF, 0xFF, 0xFF, 0xFF, 0xFF, 0xFF, 0xFF, 0xFF, 0xFF, 0xFF, 0xFF, 0xFF, 0x7F, 0xE7,
    0x7D, 0xAE, 0x9B, 0x85, 0x5B, 0x75, 0x5B, 0x75, 0x7B, 0x7D, 0x7B, 0x7D, 0x7B, 0x7D, 0x7B, 0x7D,
    0x7B, 0x7D, 0x7B, 0x7D, 0x7B, 0x7D, 0x5B, 0x75, 0x3B, 0x75, 0x7B, 0x75, 0xDC, 0x8D, 0xBD, 0xBE,
    0x9F, 0xEF, 0xFF, 0xFF, 0xFF, 0xFF, 0xFF, 0xFF, 0xFF, 0xFF, 0xFF, 0xFF, 0xFF, 0xFF, 0xFF, 0xFF,
    0xFF, 0xFF, 0xFF, 0xFF, 0xFF, 0xFF, 0xFF, 0xFF, 0xFF, 0xFF, 0xFF, 0xFF, 0xFF, 0xFF, 0xFF, 0xFF,
    0xFF, 0xFF, 0xFF, 0xFF, 0xFF, 0xFF, 0xFF, 0xFF, 0xFF, 0xFF, 0xFF, 0xFF, 0xFF, 0xFF, 0xFF, 0xFF,
    0xFF, 0xFF, 0xFF, 0xFF, 0xFF, 0xFF, 0xFF, 0xFF, 0xFF, 0xFF, 0xFF, 0xFF, 0xFF, 0xFF, 0xFF, 0xFF,
    0xFF, 0xFF, 0xFF, 0xFF, 0xFF, 0xFF, 0xFF, 0xFF, 0xFF, 0xFF, 0xFF, 0xFF, 0xFF, 0xFF, 0xFF, 0xFF,
    0xFF, 0xFF, 0xFF, 0xFF, 0xFF, 0xFF, 0xFF, 0xFF, 0xFF, 0xFF, 0xFF, 0xFF, 0xFF, 0xFF, 0xFF, 0xFF,
    0xFF, 0xFF, 0xFF, 0xFF, 0xFF, 0xFF, 0xFF, 0xFF, 0xFF, 0xFF, 0xFF, 0xFF, 0xFF, 0xFF, 0xFF, 0xFF,
    0xFF, 0xFF, 0xFF, 0xFF, 0xFF, 0xFF, 0xFF, 0xFF, 0xFF, 0xFF, 0xFF, 0xFF, 0xFF, 0xFF, 0xDF, 0xF7,
    0x1E, 0xD7, 0x7D, 0xAE, 0xDC, 0x8D, 0x9B, 0x7D, 0x7B, 0x75, 0x5B, 0x75, 0x5B, 0x75, 0x5B, 0x75,
    0x5B, 0x75, 0x5B, 0x75, 0x5B, 0x75, 0x7B, 0x7D, 0x9B, 0x85, 0xFC, 0x95, 0xBD, 0xBE, 0x5E, 0xDF,
    0xFF, 0xFF, 0xFF, 0xFF, 0xFF, 0xFF, 0xFF, 0xFF, 0xFF, 0xFF, 0xFF, 0xFF, 0xFF, 0xFF, 0xFF, 0xFF,
    0xFF, 0xFF, 0xFF, 0xFF, 0xFF, 0xFF, 0xFF, 0xFF, 0xFF, 0xFF, 0xFF, 0xFF, 0xFF, 0xFF, 0xFF, 0xFF,
    0xFF, 0xFF, 0xFF, 0xFF, 0xFF, 0xFF, 0xFF, 0xFF, 0xFF, 0xFF, 0xFF, 0xFF, 0xFF, 0xFF, 0xFF, 0xFF,
    0xFF, 0xFF, 0xFF, 0xFF, 0xFF, 0xFF, 0xFF, 0xFF, 0xFF, 0xFF, 0xFF, 0xFF, 0xFF, 0xFF, 0xFF, 0xFF,
    0xFF, 0xFF, 0xFF, 0xFF, 0xFF, 0xFF, 0xFF, 0xFF, 0xFF, 0xFF, 0xFF, 0xFF, 0xFF, 0xFF, 0xFF, 0xFF,
    0xFF, 0xFF, 0xFF, 0xFF, 0xFF, 0xFF, 0xFF, 0xFF, 0xFF, 0xFF, 0xFF, 0xFF, 0xFF, 0xFF, 0xFF, 0xFF,
    0xFF, 0xFF, 0xFF, 0xFF, 0xFF, 0xFF, 0xFF, 0xFF, 0xFF, 0xFF, 0xFF, 0xFF, 0xFF, 0xFF, 0xFF, 0xFF,
    0xFF, 0xFF, 0xFF, 0xFF, 0xFF, 0xFF, 0xFF, 0xFF, 0xFF, 0xFF, 0xFF, 0xFF, 0xFF, 0xFF, 0xFF, 0xFF,
    0xDF, 0xF7, 0x7F, 0xE7, 0xDD, 0xC6, 0x3C, 0xA6, 0xBB, 0x85, 0x5B, 0x75, 0x3B, 0x6D, 0x3B, 0x6D,
    0x3B, 0x6D, 0x3B, 0x6D, 0x7B, 0x7D, 0xDC, 0x8D, 0x5D, 0xAE, 0xFE, 0xCE, 0x9F, 0xEF, 0xDF, 0xFF,
    0xFF, 0xFF, 0xFF, 0xFF, 0xFF, 0xFF, 0xFF, 0xFF, 0xFF, 0xFF, 0xFF, 0xFF, 0xFF, 0xFF, 0xFF, 0xFF,
    0xFF, 0xFF, 0xFF, 0xFF, 0xFF, 0xFF, 0xFF, 0xFF, 0xFF, 0xFF, 0xFF, 0xFF, 0xFF, 0xFF, 0xFF, 0xFF,
    0xFF, 0xFF, 0xFF, 0xFF, 0xFF, 0xFF, 0xFF, 0xFF, 0xFF, 0xFF, 0xFF, 0xFF, 0xFF, 0xFF, 0xFF, 0xFF,
    0xFF, 0xFF, 0xFF, 0xFF, 0xFF, 0xFF, 0xFF, 0xFF, 0xFF, 0xFF, 0xFF, 0xFF, 0xFF, 0xFF, 0xFF, 0xFF,
    0xFF, 0xFF, 0xFF, 0xFF, 0xFF, 0xFF, 0xFF, 0xFF, 0xFF, 0xFF, 0xFF, 0xFF, 0xFF, 0xFF, 0xFF, 0xFF,
    0xFF, 0xFF, 0xFF, 0xFF, 0xFF, 0xFF, 0xFF, 0xFF, 0xFF, 0xFF, 0xFF, 0xFF, 0xFF, 0xFF, 0xFF, 0xFF,
    0xFF, 0xFF, 0xFF, 0xFF, 0xFF, 0xFF, 0xFF, 0xFF, 0xFF, 0xFF, 0xFF, 0xFF, 0xFF, 0xFF, 0xFF, 0xFF,
    0xFF, 0xFF, 0xFF, 0xFF, 0xFF, 0xFF, 0xFF, 0xFF, 0xFF, 0xFF, 0xFF, 0xFF, 0xFF, 0xFF, 0xFF, 0xFF,
    0xFF, 0xFF, 0xFF, 0xFF, 0x9F, 0xEF, 0xFE, 0xCE, 0x7D, 0xB6, 0x3C, 0x9E, 0xFC, 0x95, 0xFC, 0x95,
    0xFC, 0x95, 0xFC, 0x95, 0x3C, 0xA6, 0x9D, 0xBE, 0x3E, 0xD7, 0xBF, 0xF7, 0xFF, 0xFF, 0xFF, 0xFF,
    0xFF, 0xFF, 0xFF, 0xFF, 0xFF, 0xFF, 0xFF, 0xFF, 0xFF, 0xFF, 0xFF, 0xFF, 0xFF, 0xFF, 0xFF, 0xFF,
    0xFF, 0xFF, 0xFF, 0xFF, 0xFF, 0xFF, 0xFF, 0xFF, 0xFF, 0xFF, 0xFF, 0xFF, 0xFF, 0xFF, 0xFF, 0xFF,
    0xFF, 0xFF, 0xFF, 0xFF, 0xFF, 0xFF, 0xFF, 0xFF, 0xFF, 0xFF, 0xFF, 0xFF, 0xFF, 0xFF, 0xFF, 0xFF,
    0xFF, 0xFF, 0xFF, 0xFF, 0xFF, 0xFF, 0xFF, 0xFF, 0xFF, 0xFF, 0xFF, 0xFF, 0xFF, 0xFF, 0xFF, 0xFF,
    0xFF, 0xFF, 0xFF, 0xFF, 0xFF, 0xFF, 0xFF, 0xFF, 0xFF, 0xFF, 0xFF, 0xFF, 0xFF, 0xFF, 0xFF, 0xFF,
    0xFF, 0xFF, 0xFF, 0xFF, 0xFF, 0xFF, 0xFF, 0xFF, 0xFF, 0xFF, 0xFF, 0xFF, 0xFF, 0xFF, 0xFF, 0xFF,
    0xFF, 0xFF, 0xFF, 0xFF, 0xFF, 0xFF, 0xFF, 0xFF, 0xFF, 0xFF, 0xFF, 0xFF, 0xFF, 0xFF, 0xFF, 0xFF,
    0xFF, 0xFF, 0xFF, 0xFF, 0xFF, 0xFF, 0xFF, 0xFF, 0xFF, 0xFF, 0xFF, 0xFF, 0xFF, 0xFF, 0xFF, 0xFF,
    0xFF, 0xFF, 0xFF, 0xFF, 0xFF, 0xFF, 0xDF, 0xF7, 0x9F, 0xEF, 0x7F, 0xE7, 0x5E, 0xDF, 0x5E, 0xDF,
    0x5E, 0xDF, 0x7E, 0xE7, 0x7F, 0xE7, 0xBF, 0xEF, 0xDF, 0xF7, 0xFF, 0xFF, 0xFF, 0xFF, 0xFF, 0xFF,
    0xFF, 0xFF, 0xFF, 0xFF, 0xFF, 0xFF, 0xFF, 0xFF, 0xFF, 0xFF, 0xFF, 0xFF, 0xFF, 0xFF, 0xFF, 0xFF,
    0xFF, 0xFF, 0xFF, 0xFF, 0xFF, 0xFF, 0xFF, 0xFF, 0xFF, 0xFF, 0xFF, 0xFF, 0xFF, 0xFF, 0xFF, 0xFF,
    0xFF, 0xFF, 0xFF, 0xFF, 0xFF, 0xFF, 0xFF, 0xFF, 0xFF, 0xFF, 0xFF, 0xFF, 0xFF, 0xFF, 0xFF, 0xFF,
    0xFF, 0xFF, 0xFF, 0xFF, 0xFF, 0xFF, 0xFF, 0xFF, 0xFF, 0xFF, 0xFF, 0xFF, 0xFF, 0xFF, 0xFF, 0xFF,
    0xFF, 0xFF, 0xFF, 0xFF, 0xFF, 0xFF, 0xFF, 0xFF, 0xFF, 0xFF, 0xFF, 0xFF, 0xFF, 0xFF, 0xFF, 0xFF,
    0xFF, 0xFF, 0xFF, 0xFF, 0xFF, 0xFF, 0xFF, 0xFF, 0xFF, 0xFF, 0xFF, 0xFF, 0xFF, 0xFF, 0xFF, 0xFF,
    0xFF, 0xFF, 0xFF, 0xFF, 0xFF, 0xFF, 0xFF, 0xFF, 0xFF, 0xFF, 0xFF, 0xFF, 0xFF, 0xFF, 0xFF, 0xFF,
    0xFF, 0xFF, 0xFF, 0xFF, 0xFF, 0xFF, 0xFF, 0xFF, 0xFF, 0xFF, 0xFF, 0xFF, 0xFF, 0xFF, 0xFF, 0xFF,
    0xFF, 0xFF, 0xFF, 0xFF, 0xFF, 0xFF, 0xFF, 0xFF, 0xFF, 0xFF, 0xFF, 0xFF, 0xFF, 0xFF, 0xFF, 0xFF,
    0xFF, 0xFF, 0xFF, 0xFF, 0xFF, 0xFF, 0xFF, 0xFF, 0xFF, 0xFF, 0xFF, 0xFF, 0xFF, 0xFF, 0xFF, 0xFF,
    0xFF, 0xFF, 0xFF, 0xFF, 0xFF, 0xFF, 0xFF, 0xFF, 0xFF, 0xFF, 0xFF, 0xFF, 0xFF, 0xFF, 0xFF, 0xFF,
    0xFF, 0xFF, 0xFF, 0xFF, 0xFF, 0xFF, 0xFF, 0xFF, 0xFF, 0xFF, 0xFF, 0xFF, 0xFF, 0xFF, 0xFF, 0xFF,
    0xFF, 0xFF, 0xFF, 0xFF, 0xFF, 0xFF, 0xFF, 0xFF, 0xFF, 0xFF, 0xFF, 0xFF, 0xFF, 0xFF, 0xFF, 0xFF,
    0xFF, 0xFF, 0xFF, 0xFF, 0xFF, 0xFF, 0xFF, 0xFF, 0xFF, 0xFF, 0xFF, 0xFF, 0xFF, 0xFF, 0xFF, 0xFF,
    0xFF, 0xFF, 0xFF, 0xFF, 0xFF, 0xFF, 0xFF, 0xFF, 0xFF, 0xFF, 0xFF, 0xFF, 0xFF, 0xFF, 0xFF, 0xFF,
    0xFF, 0xFF, 0xFF, 0xFF, 0xFF, 0xFF, 0xFF, 0xFF, 0xFF, 0xFF, 0xFF, 0xFF, 0xFF, 0xFF, 0xFF, 0xFF,
    0xFF, 0xFF, 0xFF, 0xFF, 0xFF, 0xFF, 0xFF, 0xFF, 0xFF, 0xFF, 0xFF, 0xFF, 0xFF, 0xFF, 0xFF, 0xFF,
    0xFF, 0xFF, 0xFF, 0xFF, 0xFF, 0xFF, 0xFF, 0xFF, 0xFF, 0xFF, 0xFF, 0xFF, 0xFF, 0xFF, 0xFF, 0xFF,
    0xFF, 0xFF, 0xFF, 0xFF, 0xFF, 0xFF, 0xFF, 0xFF, 0xFF, 0xFF, 0xFF, 0xFF, 0xFF, 0xFF, 0xFF, 0xFF,
    0xFF, 0xFF, 0xFF, 0xFF, 0xFF, 0xFF, 0xFF, 0xFF, 0xFF, 0xFF, 0xFF, 0xFF, 0xFF, 0xFF, 0xFF, 0xFF,
    0xFF, 0xFF, 0xFF, 0xFF, 0xFF, 0xFF, 0xFF, 0xFF, 0xFF, 0xFF, 0xFF, 0xFF, 0xFF, 0xFF, 0xFF, 0xFF,
    0xFF, 0xFF, 0xFF, 0xFF, 0xFF, 0xFF, 0xFF, 0xFF, 0xFF, 0xFF, 0xFF, 0xFF, 0xFF, 0xFF, 0xFF, 0xFF,
    0xFF, 0xFF, 0xFF, 0xFF, 0xFF, 0xFF, 0xFF, 0xFF, 0xFF, 0xFF, 0xFF, 0xFF, 0xFF, 0xFF, 0xFF, 0xFF,
    0xFF, 0xFF, 0xFF, 0xFF, 0xFF, 0xFF, 0xFF, 0xFF, 0xFF, 0xFF, 0xFF, 0xFF, 0xFF, 0xFF, 0xFF, 0xFF,
    0xFF, 0xFF, 0xFF, 0xFF, 0xFF, 0xFF, 0xFF, 0xFF, 0xFF, 0xFF, 0xFF, 0xFF, 0xFF, 0xFF, 0xFF, 0xFF,
    0xFF, 0xFF, 0xFF, 0xFF, 0xFF, 0xFF, 0xFF, 0xFF, 0xFF, 0xFF, 0xFF, 0xFF, 0xFF, 0xFF, 0xFF, 0xFF,
    0xFF, 0xFF, 0xFF, 0xFF, 0xFF, 0xFF, 0xFF, 0xFF, 0xFF, 0xFF, 0xFF, 0xFF, 0xFF, 0xFF, 0xFF, 0xFF,
    0xFF, 0xFF, 0xFF, 0xFF, 0xFF, 0xFF, 0xFF, 0xFF, 0xFF, 0xFF, 0xFF, 0xFF, 0xFF, 0xFF, 0xFF, 0xFF,
    0xFF, 0xFF, 0xFF, 0xFF, 0xFF, 0xFF, 0xFF, 0xFF, 0xFF, 0xFF, 0xFF, 0xFF, 0xFF, 0xFF, 0xFF, 0xFF,
    0xFF, 0xFF, 0xFF, 0xFF, 0xFF, 0xFF, 0xFF, 0xFF, 0xFF, 0xFF, 0xFF, 0xFF, 0xFF, 0xFF, 0xFF, 0xFF,
    0xFF, 0xFF, 0xFF, 0xFF, 0xFF, 0xFF, 0xFF, 0xFF, 0xFF, 0xFF, 0xFF, 0xFF, 0xFF, 0xFF, 0xFF, 0xFF,
    0xFF, 0xFF, 0xFF, 0xFF, 0xFF, 0xFF, 0xFF, 0xFF, 0xFF, 0xFF, 0xFF, 0xFF, 0xFF, 0xFF, 0xFF, 0xFF,
    0xFF, 0xFF, 0xFF, 0xFF, 0xFF, 0xFF, 0xFF, 0xFF, 0xFF, 0xFF, 0xFF, 0xFF, 0xFF, 0xFF, 0xFF, 0xFF,
    0xFF, 0xFF, 0xFF, 0xFF, 0xFF, 0xFF, 0xFF, 0xFF, 0xFF, 0xFF, 0xFF, 0xFF, 0xFF, 0xFF, 0xFF, 0xFF,
    0xFF, 0xFF, 0xFF, 0xFF, 0xFF, 0xFF, 0xFF, 0xFF, 0xFF, 0xFF, 0xFF, 0xFF, 0xFF, 0xFF, 0xFF, 0xFF,
    0xFF, 0xFF, 0xFF, 0xFF, 0xFF, 0xFF, 0xFF, 0xFF, 0xFF, 0xFF, 0xFF, 0xFF, 0xFF, 0xFF, 0xFF, 0xFF,
    0xFF, 0xFF, 0xFF, 0xFF, 0xFF, 0xFF, 0xFF, 0xFF, 0xFF, 0xFF, 0xFF, 0xFF, 0xFF, 0xFF, 0xFF, 0xFF,
    0xFF, 0xFF, 0xFF, 0xFF, 0xFF, 0xFF, 0xFF, 0xFF, 0xFF, 0xFF, 0xFF, 0xFF, 0xFF, 0xFF, 0xFF, 0xFF,
    0xFF, 0xFF, 0xFF, 0xFF, 0xFF, 0xFF, 0xFF, 0xFF, 0xFF, 0xFF, 0xFF, 0xFF, 0xFF, 0xFF, 0xFF, 0xFF,
    0xFF, 0xFF, 0xFF, 0xFF, 0xFF, 0xFF, 0xFF, 0xFF, 0xFF, 0xFF, 0xFF, 0xFF, 0xFF, 0xFF, 0xFF, 0xFF,
    0xFF, 0xFF, 0xFF, 0xFF, 0xFF, 0xFF, 0xFF, 0xFF, 0xFF, 0xFF, 0xFF, 0xFF, 0xFF, 0xFF, 0xFF, 0xFF,
    0xFF, 0xFF, 0xFF, 0xFF, 0xFF, 0xFF, 0xFF, 0xFF, 0xFF, 0xFF, 0xFF, 0xFF, 0xFF, 0xFF, 0xFF, 0xFF,
    0xFF, 0xFF, 0xFF, 0xFF, 0xFF, 0xFF, 0xFF, 0xFF, 0xFF, 0xFF, 0xFF, 0xFF, 0xFF, 0xFF, 0xFF, 0xFF,
    0xFF, 0xFF, 0xFF, 0xFF, 0xFF, 0xFF, 0xFF, 0xFF, 0xFF, 0xFF, 0xFF, 0xFF, 0xFF, 0xFF, 0xFF, 0xFF,
    0xFF, 0xFF, 0xFF, 0xFF, 0xFF, 0xFF, 0xFF, 0xFF, 0xFF, 0xFF, 0xFF, 0xFF, 0xFF, 0xFF, 0xFF, 0xFF,
    0xFF, 0xFF, 0xFF, 0xFF, 0xFF, 0xFF, 0xFF, 0xFF, 0xFF, 0xFF, 0xFF, 0xFF, 0xFF, 0xFF, 0xFF, 0xFF,
    0xFF, 0xFF, 0xFF, 0xFF, 0xFF, 0xFF, 0xFF, 0xFF, 0xFF, 0xFF, 0xFF, 0xFF, 0xFF, 0xFF, 0xFF, 0xFF,
    0xFF, 0xFF, 0xFF, 0xFF, 0xFF, 0xFF, 0xFF, 0xFF, 0xFF, 0xFF, 0xFF, 0xFF, 0xFF, 0xFF, 0xFF, 0xFF,
    0xFF, 0xFF, 0xFF, 0xFF, 0xFF, 0xFF, 0xFF, 0xFF, 0xFF, 0xFF, 0xFF, 0xFF, 0xFF, 0xFF, 0xFF, 0xFF,
    0xFF, 0xFF, 0xFF, 0xFF, 0xFF, 0xFF, 0xFF, 0xFF, 0xFF, 0xFF, 0xFF, 0xFF, 0xFF, 0xFF, 0xFF, 0xFF,
    0xFF, 0xFF, 0xFF, 0xFF, 0xFF, 0xFF, 0xFF, 0xFF, 0xFF, 0xFF, 0xFF, 0xFF, 0xFF, 0xFF, 0xFF, 0xFF,
    0xFF, 0xFF, 0xFF, 0xFF, 0xFF, 0xFF, 0xFF, 0xFF, 0xFF, 0xFF, 0xFF, 0xFF, 0xFF, 0xFF, 0xFF, 0xFF,
    0xFF, 0xFF, 0xFF, 0xFF, 0xFF, 0xFF, 0xFF, 0xFF, 0xFF, 0xFF, 0xFF, 0xFF, 0xFF, 0xFF, 0xFF, 0xFF,
    0xFF, 0xFF, 0xFF, 0xFF, 0xFF, 0xFF, 0xFF, 0xFF, 0xFF, 0xFF, 0xFF, 0xFF, 0xFF, 0xFF, 0xFF, 0xFF,
    0xFF, 0xFF, 0xFF, 0xFF, 0xFF, 0xFF, 0xFF, 0xFF, 0xFF, 0xFF, 0xFF, 0xFF, 0xFF, 0xFF, 0xFF, 0xFF,
    0xFF, 0xFF, 0xFF, 0xFF, 0xFF, 0xFF, 0xFF, 0xFF, 0xFF, 0xFF, 0xFF, 0xFF, 0xFF, 0xFF, 0xFF, 0xFF,
    0xFF, 0xFF, 0xFF, 0xFF, 0xFF, 0xFF, 0xFF, 0xFF, 0xFF, 0xFF, 0xFF, 0xFF, 0xFF, 0xFF, 0xFF, 0xFF,
    0xFF, 0xFF, 0xFF, 0xFF, 0xFF, 0xFF, 0xFF, 0xFF, 0xFF, 0xFF, 0xFF, 0xFF, 0xFF, 0xFF, 0xFF, 0xFF,
    0xFF, 0xFF, 0xFF, 0xFF, 0xFF, 0xFF, 0xFF, 0xFF, 0xFF, 0xFF, 0xFF, 0xFF, 0xFF, 0xFF, 0xFF, 0xFF,
    0xFF, 0xFF, 0xFF, 0xFF, 0xFF, 0xFF, 0xFF, 0xFF, 0xFF, 0xFF, 0xFF, 0xFF, 0xFF, 0xFF, 0xFF, 0xFF,
    0xFF, 0xFF, 0xFF, 0xFF, 0xFF, 0xFF, 0xFF, 0xFF, 0xFF, 0xFF, 0xFF, 0xFF, 0xFF, 0xFF, 0xFF, 0xFF,
    0xFF, 0xFF, 0xFF, 0xFF, 0xFF, 0xFF, 0xFF, 0xFF, 0xFF, 0xFF, 0xFF, 0xFF, 0xFF, 0xFF, 0xFF, 0xFF,
    0xFF, 0xFF, 0xFF, 0xFF, 0xFF, 0xFF, 0xFF, 0xFF, 0xFF, 0xFF, 0xFF, 0xFF, 0xFF, 0xFF, 0xFF, 0xFF,
    0xFF, 0xFF, 0xFF, 0xFF, 0xFF, 0xFF, 0xFF, 0xFF, 0xFF, 0xFF, 0xFF, 0xFF, 0xFF, 0xFF, 0xFF, 0xFF,
    0xFF, 0xFF, 0xFF, 0xFF, 0xFF, 0xFF, 0xFF, 0xFF, 0xFF, 0xFF, 0xFF, 0xFF, 0xFF, 0xFF, 0xFF, 0xFF,
    0xFF, 0xFF, 0xFF, 0xFF, 0xFF, 0xFF, 0xFF, 0xFF, 0xFF, 0xFF, 0xFF, 0xFF, 0xFF, 0xFF, 0xFF, 0xFF,
    0xFF, 0xFF, 0xFF, 0xFF, 0xFF, 0xFF, 0xFF, 0xFF, 0xFF, 0xFF, 0xFF, 0xFF, 0xFF, 0xFF, 0xFF, 0xFF,
    0xFF, 0xFF, 0xFF, 0xFF, 0xFF, 0xFF, 0xFF, 0xFF, 0xFF, 0xFF, 0xFF, 0xFF, 0xFF, 0xFF, 0xFF, 0xFF,
    0xFF, 0xFF, 0xFF, 0xFF, 0xFF, 0xFF, 0xFF, 0xFF, 0xFF, 0xFF, 0xFF, 0xFF, 0xFF, 0xFF, 0xFF, 0xFF,
    0xFF, 0xFF, 0xFF, 0xFF, 0xFF, 0xFF, 0xFF, 0xFF, 0xFF, 0xFF, 0xFF, 0xFF, 0xFF, 0xFF, 0xFF, 0xFF,
    0xFF, 0xFF, 0xFF, 0xFF, 0xFF, 0xFF, 0xFF, 0xFF, 0xFF, 0xFF, 0xFF, 0xFF, 0xFF, 0xFF, 0xFF, 0xFF,
    0xFF, 0xFF, 0xFF, 0xFF, 0xFF, 0xFF, 0xFF, 0xFF, 0xFF, 0xFF, 0xFF, 0xFF, 0xFF, 0xFF, 0xFF, 0xFF,
    0xFF, 0xFF, 0xFF, 0xFF, 0xFF, 0xFF, 0xFF, 0xFF, 0xFF, 0xFF, 0xFF, 0xFF, 0xFF, 0xFF, 0xFF, 0xFF,
    0xFF, 0xFF, 0xFF, 0xFF, 0xFF, 0xFF, 0xFF, 0xFF, 0xFF, 0xFF, 0xFF, 0xFF, 0xFF, 0xFF, 0xFF, 0xFF,
    0xFF, 0xFF, 0xFF, 0xFF, 0xFF, 0xFF, 0xFF, 0xFF, 0xFF, 0xFF, 0xFF, 0xFF, 0xFF, 0xFF, 0xFF, 0xFF,
    0xFF, 0xFF, 0xFF, 0xFF, 0xFF, 0xFF, 0xFF, 0xFF, 0xFF, 0xFF, 0xFF, 0xFF, 0xFF, 0xFF, 0xFF, 0xFF,
    0xFF, 0xFF, 0xFF, 0xFF, 0xFF, 0xFF, 0xFF, 0xFF, 0xFF, 0xFF, 0xFF, 0xFF, 0xFF, 0xFF, 0xFF, 0xFF,
    0xFF, 0xFF, 0xFF, 0xFF, 0xFF, 0xFF, 0xFF, 0xFF, 0xFF, 0xFF, 0xFF, 0xFF, 0xFF, 0xFF, 0xFF, 0xFF,
    0xFF, 0xFF, 0xFF, 0xFF, 0xFF, 0xFF, 0xFF, 0xFF, 0xFF, 0xFF, 0xFF, 0xFF, 0xFF, 0xFF, 0xFF, 0xFF,
    0xFF, 0xFF, 0xFF, 0xFF, 0xFF, 0xFF, 0xFF, 0xFF, 0xFF, 0xFF, 0xFF, 0xFF, 0xFF, 0xFF, 0xFF, 0xFF,
    0xFF, 0xFF, 0xFF, 0xFF, 0xFF, 0xFF, 0xFF, 0xFF, 0xFF, 0xFF, 0xFF, 0xFF, 0xFF, 0xFF, 0xFF, 0xFF,
    0xFF, 0xFF, 0xFF, 0xFF, 0xFF, 0xFF, 0xFF, 0xFF, 0xFF, 0xFF, 0xFF, 0xFF, 0xFF, 0xFF, 0xFF, 0xFF,
    0xFF, 0xFF, 0xFF, 0xFF, 0xFF, 0xFF, 0xFF, 0xFF, 0xFF, 0xFF, 0xFF, 0xFF, 0xFF, 0xFF, 0xFF, 0xFF,
    0xFF, 0xFF, 0xFF, 0xFF, 0xFF, 0xFF, 0xFF, 0xFF, 0xFF, 0xFF, 0xFF, 0xFF, 0xFF, 0xFF, 0xFF, 0xFF,
    0xFF, 0xFF, 0xFF, 0xFF, 0xFF, 0xFF, 0xFF, 0xFF, 0xFF, 0xFF, 0xFF, 0xFF, 0xFF, 0xFF, 0xFF, 0xFF,
    0xFF, 0xFF, 0xFF, 0xFF, 0xFF, 0xFF, 0xFF, 0xFF, 0xFF, 0xFF, 0xFF, 0xFF, 0xFF, 0xFF, 0xFF, 0xFF,
    0xFF, 0xFF, 0xFF, 0xFF, 0xFF, 0xFF, 0xFF, 0xFF, 0xFF, 0xFF, 0xFF, 0xFF, 0xFF, 0xFF, 0xFF, 0xFF,
    0xFF, 0xFF, 0xFF, 0xFF, 0xFF, 0xFF, 0xFF, 0xFF, 0xFF, 0xFF, 0xFF, 0xFF, 0xFF, 0xFF, 0xFF, 0xFF,
    0xFF, 0xFF, 0xFF, 0xFF, 0xFF, 0xFF, 0xFF, 0xFF, 0xFF, 0xFF, 0xFF, 0xFF, 0xFF, 0xFF, 0xFF, 0xFF,
    0xFF, 0xFF, 0xFF, 0xFF, 0xFF, 0xFF, 0xFF, 0xFF, 0xFF, 0xFF, 0xFF, 0xFF, 0xFF, 0xFF, 0xFF, 0xFF,
    0xFF, 0xFF, 0xFF, 0xFF, 0xFF, 0xFF, 0xFF, 0xFF, 0xFF, 0xFF, 0xFF, 0xFF, 0xFF, 0xFF, 0xFF, 0xFF,
    0xFF, 0xFF, 0xFF, 0xFF, 0xFF, 0xFF, 0xFF, 0xFF, 0xFF, 0xFF, 0xFF, 0xFF, 0xFF, 0xFF, 0xFF, 0xFF,
    0xFF, 0xFF, 0xFF, 0xFF, 0xFF, 0xFF, 0xFF, 0xFF, 0xFF, 0xFF, 0xFF, 0xFF, 0xFF, 0xFF, 0xFF, 0xFF,
    0xFF, 0xFF, 0xFF, 0xFF, 0xFF, 0xFF, 0xFF, 0xFF, 0xFF, 0xFF, 0xFF, 0xFF, 0xFF, 0xFF, 0xFF, 0xFF,
    0xFF, 0xFF, 0xFF, 0xFF, 0xFF, 0xFF, 0xFF, 0xFF, 0xFF, 0xFF, 0xFF, 0xFF, 0xFF, 0xFF, 0xFF, 0xFF,
    0xFF, 0xFF, 0xFF, 0xFF, 0xFF, 0xFF, 0xFF, 0xFF, 0xFF, 0xFF, 0xFF, 0xFF, 0xFF, 0xFF, 0xFF, 0xFF,
    0xFF, 0xFF, 0xFF, 0xFF, 0xFF, 0xFF, 0xFF, 0xFF, 0xFF, 0xFF, 0xFF, 0xFF, 0xFF, 0xFF, 0xFF, 0xFF,
    0xFF, 0xFF, 0xFF, 0xFF, 0xFF, 0xFF, 0xFF, 0xFF, 0xFF, 0xFF, 0xFF, 0xFF, 0xFF, 0xFF, 0xFF, 0xFF,
    0xFF, 0xFF, 0xFF, 0xFF, 0xFF, 0xFF, 0xFF, 0xFF, 0xFF, 0xFF, 0xFF, 0xFF, 0xFF, 0xFF, 0xFF, 0xFF,
    0xFF, 0xFF, 0xFF, 0xFF, 0xFF, 0xFF, 0xFF, 0xFF, 0xFF, 0xFF, 0xFF, 0xFF, 0xFF, 0xFF, 0xFF, 0xFF,
    0xFF, 0xFF, 0xFF, 0xFF, 0xFF, 0xFF, 0xFF, 0xFF, 0xFF, 0xFF, 0xFF, 0xFF, 0xFF, 0xFF, 0xFF, 0xFF,
    0xFF, 0xFF, 0xFF, 0xFF, 0xFF, 0xFF, 0xFF, 0xFF, 0xFF, 0xFF, 0xFF, 0xFF, 0xFF, 0xFF, 0xFF, 0xFF,
    0xFF, 0xFF, 0xFF, 0xFF, 0xFF, 0xFF, 0xFF, 0xFF, 0xFF, 0xFF, 0xFF, 0xFF, 0xFF, 0xFF, 0xFF, 0xFF,
    0xFF, 0xFF, 0xFF, 0xFF, 0xFF, 0xFF, 0xFF, 0xFF, 0xFF, 0xFF, 0xFF, 0xFF, 0xFF, 0xFF, 0xFF, 0xFF,
    0xFF, 0xFF, 0xFF, 0xFF, 0xFF, 0xFF, 0xFF, 0xFF, 0xFF, 0xFF, 0xFF, 0xFF, 0xFF, 0xFF, 0xFF, 0xFF,
    0xFF, 0xFF, 0xFF, 0xFF, 0xFF, 0xFF, 0xFF, 0xFF, 0xFF, 0xFF, 0xFF, 0xFF, 0xFF, 0xFF, 0xFF, 0xFF,
    0xFF, 0xFF, 0xFF, 0xFF, 0xFF, 0xFF, 0xFF, 0xFF, 0xFF, 0xFF, 0xFF, 0xFF, 0xFF, 0xFF, 0xFF, 0xFF,
    0xFF, 0xFF, 0xFF, 0xFF, 0xFF, 0xFF, 0xFF, 0xFF, 0xFF, 0xFF, 0xFF, 0xFF, 0xFF, 0xFF, 0xFF, 0xFF,
    0xFF, 0xFF, 0xFF, 0xFF, 0xFF, 0xFF, 0xFF, 0xFF, 0xFF, 0xFF, 0xFF, 0xFF, 0xFF, 0xFF, 0xFF, 0xFF,
    0xFF, 0xFF, 0xFF, 0xFF, 0xFF, 0xFF, 0xFF, 0xFF, 0xFF, 0xFF, 0xFF, 0xFF, 0xFF, 0xFF, 0xFF, 0xFF,
    0xFF, 0xFF, 0xFF, 0xFF, 0xFF, 0xFF, 0xFF, 0xFF, 0xFF, 0xFF, 0xFF, 0xFF, 0xFF, 0xFF, 0xFF, 0xFF,
    0xFF, 0xFF, 0xFF, 0xFF, 0xFF, 0xFF, 0xFF, 0xFF, 0xFF, 0xFF, 0xFF, 0xFF, 0xFF, 0xFF, 0xFF, 0xFF,
    0xFF, 0xFF, 0xFF, 0xFF, 0xFF, 0xFF, 0xFF, 0xFF, 0xFF, 0xFF, 0xFF, 0xFF, 0xFF, 0xFF, 0xFF, 0xFF,
    0xFF, 0xFF, 0xFF, 0xFF, 0xFF, 0xFF, 0xFF, 0xFF, 0xFF, 0xFF, 0xFF, 0xFF, 0xFF, 0xFF, 0xFF, 0xFF,
    0xFF, 0xFF, 0xFF, 0xFF, 0xFF, 0xFF, 0xFF, 0xFF, 0xFF, 0xFF, 0xFF, 0xFF, 0xFF, 0xFF, 0xFF, 0xFF,
    0xFF, 0xFF, 0xFF, 0xFF, 0xFF, 0xFF, 0xFF, 0xFF, 0xFF, 0xFF, 0xFF, 0xFF, 0xFF, 0xFF, 0xFF, 0xFF,
    0xFF, 0xFF, 0xFF, 0xFF, 0xFF, 0xFF, 0xFF, 0xFF, 0xFF, 0xFF, 0xFF, 0xFF, 0xFF, 0xFF, 0xFF, 0xFF,
    0xFF, 0xFF, 0xFF, 0xFF, 0xFF, 0xFF, 0xFF, 0xFF, 0xFF, 0xFF, 0xFF, 0xFF, 0xFF, 0xFF, 0xFF, 0xFF,
    0xFF, 0xFF, 0xFF, 0xFF, 0xFF, 0xFF, 0xFF, 0xFF, 0xFF, 0xFF, 0xFF, 0xFF, 0xFF, 0xFF, 0xFF, 0xFF,
    0xFF, 0xFF, 0xFF, 0xFF, 0xFF, 0xFF, 0xFF, 0xFF, 0xFF, 0xFF, 0xFF, 0xFF, 0xFF, 0xFF, 0xFF, 0xFF,
    0xFF, 0xFF, 0xFF, 0xFF, 0xFF, 0xFF, 0xFF, 0xFF, 0xFF, 0xFF, 0xFF, 0xFF, 0xFF, 0xFF, 0xFF, 0xFF,
    0xFF, 0xFF, 0xFF, 0xFF, 0xFF, 0xFF, 0xFF, 0xFF, 0xFF, 0xFF, 0xFF, 0xFF, 0xFF, 0xFF, 0xFF, 0xFF,
    0xFF, 0xFF, 0xFF, 0xFF, 0xFF, 0xFF, 0xFF, 0xFF, 0xFF, 0xFF, 0xFF, 0xFF, 0xFF, 0xFF, 0xFF, 0xFF,
    0xFF, 0xFF, 0xFF, 0xFF, 0xFF, 0xFF, 0xFF, 0xFF, 0xFF, 0xFF, 0xFF, 0xFF, 0xFF, 0xFF, 0xFF, 0xFF,
    0xFF, 0xFF, 0xFF, 0xFF, 0xFF, 0xFF, 0xFF, 0xFF, 0xFF, 0xFF, 0xFF, 0xFF, 0xFF, 0xFF, 0xFF, 0xFF,
    0xFF, 0xFF, 0xFF, 0xFF, 0xFF, 0xFF, 0xFF, 0xFF, 0xFF, 0xFF, 0xFF, 0xFF, 0xFF, 0xFF, 0xFF, 0xFF,
    0xFF, 0xFF, 0xFF, 0xFF, 0xFF, 0xFF, 0xFF, 0xFF, 0xFF, 0xFF, 0xFF, 0xFF, 0xFF, 0xFF, 0xFF, 0xFF,
    0xFF, 0xFF, 0xFF, 0xFF, 0xFF, 0xFF, 0xFF, 0xFF, 0xFF, 0xFF, 0xFF, 0xFF, 0xFF, 0xFF, 0xFF, 0xFF,
    0xFF, 0xFF, 0xFF, 0xFF, 0xFF, 0xFF, 0xFF, 0xFF, 0xFF, 0xFF, 0xFF, 0xFF, 0xFF, 0xFF, 0xFF, 0xFF,
    0xFF, 0xFF, 0xFF, 0xFF, 0xFF, 0xFF, 0xFF, 0xFF, 0xFF, 0xFF, 0xFF, 0xFF, 0xFF, 0xFF, 0xFF, 0xFF,
    0xFF, 0xFF, 0xFF, 0xFF, 0xFF, 0xFF, 0xFF, 0xFF, 0xFF, 0xFF, 0xFF, 0xFF, 0xFF, 0xFF, 0xFF, 0xFF,
    0xFF, 0xFF, 0xFF, 0xFF, 0xFF, 0xFF, 0xFF, 0xFF, 0xFF, 0xFF, 0xFF, 0xFF, 0xFF, 0xFF, 0xFF, 0xFF,
    0xFF, 0xFF, 0xFF, 0xFF, 0xFF, 0xFF, 0xFF, 0xFF, 0xFF, 0xFF, 0xFF, 0xFF, 0xFF, 0xFF, 0xFF, 0xFF,
    0xFF, 0xFF, 0xFF, 0xFF, 0xFF, 0xFF, 0xFF, 0xFF, 0xFF, 0xFF, 0xFF, 0xFF, 0xFF, 0xFF, 0xFF, 0xFF,
    0xFF, 0xFF, 0xFF, 0xFF, 0xFF, 0xFF, 0xFF, 0xFF, 0xFF, 0xFF, 0xFF, 0xFF, 0xFF, 0xFF, 0xFF, 0xFF,
    0xFF, 0xFF, 0xFF, 0xFF, 0xFF, 0xFF, 0xFF, 0xFF, 0xFF, 0xFF, 0xFF, 0xFF, 0xFF, 0xFF, 0xFF, 0xFF,
    0xFF, 0xFF, 0xFF, 0xFF, 0xFF, 0xFF, 0xFF, 0xFF, 0xFF, 0xFF, 0xFF, 0xFF, 0xFF, 0xFF, 0xFF, 0xFF,
    0xFF, 0xFF, 0xFF, 0xFF, 0xFF, 0xFF, 0xFF, 0xFF, 0xFF, 0xFF, 0xFF, 0xFF, 0xFF, 0xFF, 0xFF, 0xFF,
    0xFF, 0xFF, 0xFF, 0xFF, 0xFF, 0xFF, 0xFF, 0xFF, 0xFF, 0xFF, 0xFF, 0xFF, 0xFF, 0xFF, 0xFF, 0xFF,
    0xFF, 0xFF, 0xFF, 0xFF, 0xFF, 0xFF, 0xFF, 0xFF, 0xFF, 0xFF, 0xFF, 0xFF, 0xFF, 0xFF, 0xFF, 0xFF,
    0xFF, 0xFF, 0xFF, 0xFF, 0xFF, 0xFF, 0xFF, 0xFF, 0xFF, 0xFF, 0xFF, 0xFF, 0xFF, 0xFF, 0xFF, 0xFF,
    0xFF, 0xFF, 0xFF, 0xFF, 0xFF, 0xFF, 0xFF, 0xFF, 0xFF, 0xFF, 0xFF, 0xFF, 0xFF, 0xFF, 0xFF, 0xFF,
    0xFF, 0xFF, 0xFF, 0xFF, 0xFF, 0xFF, 0xFF, 0xFF, 0xFF, 0xFF, 0xFF, 0xFF, 0xFF, 0xFF, 0xFF, 0xFF,
    0xFF, 0xFF, 0xFF, 0xFF, 0xFF, 0xFF, 0xFF, 0xFF, 0xFF, 0xFF, 0xFF, 0xFF, 0xFF, 0xFF, 0xFF, 0xFF,
    0xFF, 0xFF, 0xFF, 0xFF, 0xFF, 0xFF, 0xFF, 0xFF, 0xFF, 0xFF, 0xFF, 0xFF, 0xFF, 0xFF, 0xFF, 0xFF,
    0xFF, 0xFF, 0xFF, 0xFF, 0xFF, 0xFF, 0xFF, 0xFF, 0xFF, 0xFF, 0xFF, 0xFF, 0xFF, 0xFF, 0xFF, 0xFF,
    0xFF, 0xFF, 0xFF, 0xFF, 0xFF, 0xFF, 0xFF, 0xFF, 0xFF, 0xFF, 0xFF, 0xFF, 0xFF, 0xFF, 0xFF, 0xFF,
    0xFF, 0xFF, 0xFF, 0xFF, 0xFF, 0xFF, 0xFF, 0xFF, 0xFF, 0xFF, 0xFF, 0xFF, 0xFF, 0xFF, 0xFF, 0xFF,
    0xFF, 0xFF, 0xFF, 0xFF, 0xFF, 0xFF, 0xFF, 0xFF, 0xFF, 0xFF, 0xFF, 0xFF, 0xFF, 0xFF, 0xFF, 0xFF,
    0xFF, 0xFF, 0xFF, 0xFF, 0xFF, 0xFF, 0xFF, 0xFF, 0xFF, 0xFF, 0xFF, 0xFF, 0xFF, 0xFF, 0xFF, 0xFF,
    0xFF, 0xFF, 0xFF, 0xFF, 0xFF, 0xFF, 0xFF, 0xFF, 0xFF, 0xFF, 0xFF, 0xFF, 0xFF, 0xFF, 0xFF, 0xFF,
    0xFF, 0xFF, 0xFF, 0xFF, 0xFF, 0xFF, 0xFF, 0xFF, 0xFF, 0xFF, 0xFF, 0xFF, 0xFF, 0xFF, 0xFF, 0xFF,
    0xFF, 0xFF, 0xFF, 0xFF, 0xFF, 0xFF, 0xFF, 0xFF, 0xFF, 0xFF, 0xFF, 0xFF, 0xFF, 0xFF, 0xFF, 0xFF,
    0xFF, 0xFF, 0xFF, 0xFF, 0xFF, 0xFF, 0xFF, 0xFF, 0xFF, 0xFF, 0xFF, 0xFF, 0xFF, 0xFF, 0xFF, 0xFF,
    0xFF, 0xFF, 0xFF, 0xFF, 0xFF, 0xFF, 0xFF, 0xFF, 0xFF, 0xFF, 0xFF, 0xFF, 0xFF, 0xFF, 0xFF, 0xFF,
    0xFF, 0xFF, 0xFF, 0xFF, 0xFF, 0xFF, 0xFF, 0xFF, 0xFF, 0xFF, 0xFF, 0xFF, 0xFF, 0xFF, 0xFF, 0xFF,
    0xFF, 0xFF, 0xFF, 0xFF, 0xFF, 0xFF, 0xFF, 0xFF, 0xFF, 0xFF, 0xFF, 0xFF, 0xFF, 0xFF, 0xFF, 0xFF,
    0xFF, 0xFF, 0xFF, 0xFF, 0xFF, 0xFF, 0xFF, 0xFF, 0xFF, 0xFF, 0xFF, 0xFF, 0xFF, 0xFF, 0xFF, 0xFF,
    0xFF, 0xFF, 0xFF, 0xFF, 0xFF, 0xFF, 0xFF, 0xFF, 0xFF, 0xFF, 0xFF, 0xFF, 0xFF, 0xFF, 0xFF, 0xFF,
    0xFF, 0xFF, 0xFF, 0xFF, 0xFF, 0xFF, 0xFF, 0xFF, 0xFF, 0xFF, 0xFF, 0xFF, 0xFF, 0xFF, 0xFF, 0xFF,
    0xFF, 0xFF, 0xFF, 0xFF, 0xFF, 0xFF, 0xFF, 0xFF, 0xFF, 0xFF, 0xFF, 0xFF, 0xFF, 0xFF, 0xFF, 0xFF,
    0xFF, 0xFF, 0xFF, 0xFF, 0xFF, 0xFF, 0xFF, 0xFF, 0xFF, 0xFF, 0xFF, 0xFF, 0xFF, 0xFF, 0xFF, 0xFF,
    0xFF, 0xFF, 0xFF, 0xFF, 0xFF, 0xFF, 0xFF, 0xFF, 0xFF, 0xFF, 0xFF, 0xFF, 0xFF, 0xFF, 0xFF, 0xFF,
    0xFF, 0xFF, 0xFF, 0xFF, 0xFF, 0xFF, 0xFF, 0xFF, 0xFF, 0xFF, 0xFF, 0xFF, 0xFF, 0xFF, 0xFF, 0xFF,
    0xFF, 0xFF, 0xFF, 0xFF, 0xFF, 0xFF, 0xFF, 0xFF, 0xFF, 0xFF, 0xFF, 0xFF, 0xFF, 0xFF, 0xFF, 0xFF,
    0xFF, 0xFF, 0xFF, 0xFF, 0xFF, 0xFF, 0xFF, 0xFF, 0xFF, 0xFF, 0xFF, 0xFF, 0xFF, 0xFF, 0xFF, 0xFF,
    0xFF, 0xFF, 0xFF, 0xFF, 0xFF, 0xFF, 0xFF, 0xFF, 0xFF, 0xFF, 0xFF, 0xFF, 0xFF, 0xFF, 0xFF, 0xFF,
    0xFF, 0xFF, 0xFF, 0xFF, 0xFF, 0xFF, 0xFF, 0xFF, 0xFF, 0xFF, 0xFF, 0xFF, 0xFF, 0xFF, 0xFF, 0xFF,
    0xFF, 0xFF, 0xFF, 0xFF, 0xFF, 0xFF, 0xFF, 0xFF, 0xFF, 0xFF, 0xFF, 0xFF, 0xFF, 0xFF, 0xFF, 0xFF,
    0xFF, 0xFF, 0xFF, 0xFF, 0xFF, 0xFF, 0xFF, 0xFF, 0xFF, 0xFF, 0xFF, 0xFF, 0xFF, 0xFF, 0xFF, 0xFF,
    0xFF, 0xFF, 0xFF, 0xFF, 0xFF, 0xFF, 0xFF, 0xFF, 0xFF, 0xFF, 0xFF, 0xFF, 0xFF, 0xFF, 0xFF, 0xFF,
    0xFF, 0xFF, 0xFF, 0xFF, 0xFF, 0xFF, 0xFF, 0xFF, 0xFF, 0xFF, 0xFF, 0xFF, 0xFF, 0xFF, 0xFF, 0xFF,
    0xFF, 0xFF, 0xFF, 0xFF, 0xFF, 0xFF, 0xFF, 0xFF, 0xFF, 0xFF, 0xFF, 0xFF, 0xFF, 0xFF, 0xFF, 0xFF,
    0xFF, 0xFF, 0xFF, 0xFF, 0xFF, 0xFF, 0xFF, 0xFF, 0xFF, 0xFF, 0xFF, 0xFF, 0xFF, 0xFF, 0xFF, 0xFF,
    0xFF, 0xFF, 0xFF, 0xFF, 0xFF, 0xFF, 0xFF, 0xFF, 0xFF, 0xFF, 0xFF, 0xFF, 0xFF, 0xFF, 0xFF, 0xFF,
    0xFF, 0xFF, 0xFF, 0xFF, 0xFF, 0xFF, 0xFF, 0xFF, 0xFF, 0xFF, 0xFF, 0xFF, 0xFF, 0xFF, 0xFF, 0xFF,
    0xFF, 0xFF, 0xFF, 0xFF, 0xFF, 0xFF, 0xFF, 0xFF, 0xFF, 0xFF, 0xFF, 0xFF, 0xFF, 0xFF, 0xFF, 0xFF,
    0xFF, 0xFF, 0xFF, 0xFF, 0xFF, 0xFF, 0xFF, 0xFF, 0xFF, 0xFF, 0xFF, 0xFF, 0xFF, 0xFF, 0xFF, 0xFF,
    0xFF, 0xFF, 0xFF, 0xFF, 0xFF, 0xFF, 0xFF, 0xFF, 0xFF, 0xFF, 0xFF, 0xFF, 0xFF, 0xFF, 0xFF, 0xFF,
    0xFF, 0xFF, 0xFF, 0xFF, 0xFF, 0xFF, 0xFF, 0xFF, 0xFF, 0xFF, 0xFF, 0xFF, 0xFF, 0xFF, 0xFF, 0xFF,
    0xFF, 0xFF, 0xFF, 0xFF, 0xFF, 0xFF, 0xFF, 0xFF, 0xFF, 0xFF, 0xFF, 0xFF, 0xFF, 0xFF, 0xFF, 0xFF,
    0xFF, 0xFF, 0xFF, 0xFF, 0xFF, 0xFF, 0xFF, 0xFF, 0xFF, 0xFF, 0xFF, 0xFF, 0xFF, 0xFF, 0xFF, 0xFF,
    0xFF, 0xFF, 0xFF, 0xFF, 0xFF, 0xFF, 0xFF, 0xFF, 0xFF, 0xFF, 0xFF, 0xFF, 0xFF, 0xFF, 0xFF, 0xFF,
    0xFF, 0xFF, 0xFF, 0xFF, 0xFF, 0xFF, 0xFF, 0xFF, 0xFF, 0xFF, 0xFF, 0xFF, 0xFF, 0xFF, 0xFF, 0xFF,
    0xFF, 0xFF, 0xFF, 0xFF, 0xFF, 0xFF, 0xFF, 0xFF, 0xFF, 0xFF, 0xFF, 0xFF, 0xFF, 0xFF, 0xFF, 0xFF,
    0xFF, 0xFF, 0xFF, 0xFF, 0xFF, 0xFF, 0xFF, 0xFF, 0xFF, 0xFF, 0xFF, 0xFF, 0xFF, 0xFF, 0xFF, 0xFF,
    0xFF, 0xFF, 0xFF, 0xFF, 0xFF, 0xFF, 0xFF, 0xFF, 0xFF, 0xFF, 0xFF, 0xFF, 0xFF, 0xFF, 0xFF, 0xFF,
    0xFF, 0xFF, 0xFF, 0xFF, 0xFF, 0xFF, 0xFF, 0xFF, 0xFF, 0xFF, 0xFF, 0xFF, 0xFF, 0xFF, 0xFF, 0xFF,
    0xFF, 0xFF, 0xFF, 0xFF, 0xFF, 0xFF, 0xFF, 0xFF, 0xFF, 0xFF, 0xFF, 0xFF, 0xFF, 0xFF, 0xFF, 0xFF,
    0xFF, 0xFF, 0xFF, 0xFF, 0xFF, 0xFF, 0xFF, 0xFF, 0xFF, 0xFF, 0xFF, 0xFF, 0xFF, 0xFF, 0xFF, 0xFF,
    0xFF, 0xFF, 0xFF, 0xFF, 0xFF, 0xFF, 0xFF, 0xFF, 0xFF, 0xFF, 0xFF, 0xFF, 0xFF, 0xFF, 0xFF, 0xFF,
    0xFF, 0xFF, 0xFF, 0xFF, 0xFF, 0xFF, 0xFF, 0xFF, 0xFF, 0xFF, 0xFF, 0xFF, 0xFF, 0xFF, 0xFF, 0xFF,
    0xFF, 0xFF, 0xFF, 0xFF, 0xFF, 0xFF, 0xFF, 0xFF, 0xFF, 0xFF, 0xFF, 0xFF, 0xFF, 0xFF, 0xFF, 0xFF,
    0xFF, 0xFF, 0xFF, 0xFF, 0xFF, 0xFF, 0xFF, 0xFF, 0xFF, 0xFF, 0xFF, 0xFF, 0xFF, 0xFF, 0xFF, 0xFF,
    0xFF, 0xFF, 0xFF, 0xFF, 0xFF, 0xFF, 0xFF, 0xFF, 0xFF, 0xFF, 0xFF, 0xFF, 0xFF, 0xFF, 0xFF, 0xFF,
    0xFF, 0xFF, 0xFF, 0xFF, 0xFF, 0xFF, 0xFF, 0xFF, 0xFF, 0xFF, 0xFF, 0xFF, 0xFF, 0xFF, 0xFF, 0xFF,
    0xFF, 0xFF, 0xFF, 0xFF, 0xFF, 0xFF, 0xFF, 0xFF, 0xFF, 0xFF, 0xFF, 0xFF, 0xFF, 0xFF, 0xFF, 0xFF,
    0xFF, 0xFF, 0xFF, 0xFF, 0xFF, 0xFF, 0xFF, 0xFF, 0xFF, 0xFF, 0xFF, 0xFF, 0xFF, 0xFF, 0xFF, 0xFF,
    0xFF, 0xFF, 0xFF, 0xFF, 0xFF, 0xFF, 0xFF, 0xFF, 0xFF, 0xFF, 0xFF, 0xFF, 0xFF, 0xFF, 0xFF, 0xFF,
    0xFF, 0xFF, 0xFF, 0xFF, 0xFF, 0xFF, 0xFF, 0xFF, 0xFF, 0xFF, 0xFF, 0xFF, 0xFF, 0xFF, 0xFF, 0xFF,
    0xFF, 0xFF, 0xFF, 0xFF, 0xFF, 0xFF, 0xFF, 0xFF, 0xFF, 0xFF, 0xFF, 0xFF, 0xFF, 0xFF, 0xFF, 0xFF,
    0xFF, 0xFF, 0xFF, 0xFF, 0xFF, 0xFF, 0xFF, 0xFF, 0xFF, 0xFF, 0xFF, 0xFF, 0xFF, 0xFF, 0xFF, 0xFF,
    0xFF, 0xFF, 0xFF, 0xFF, 0xFF, 0xFF, 0xFF, 0xFF, 0xFF, 0xFF, 0xFF, 0xFF, 0xFF, 0xFF, 0xFF, 0xFF,
    0xFF, 0xFF, 0xFF, 0xFF, 0xFF, 0xFF, 0xFF, 0xFF, 0xFF, 0xFF, 0xFF, 0xFF, 0xFF, 0xFF, 0xFF, 0xFF,
    0xFF, 0xFF, 0xFF, 0xFF, 0xFF, 0xFF, 0xFF, 0xFF, 0xFF, 0xFF, 0xFF, 0xFF, 0xFF, 0xFF, 0xFF, 0xFF,
    0xFF, 0xFF, 0xFF, 0xFF, 0xFF, 0xFF, 0xFF, 0xFF, 0xFF, 0xFF, 0xFF, 0xFF, 0xFF, 0xFF, 0xFF, 0xFF,
    0xFF, 0xFF, 0xFF, 0xFF, 0xFF, 0xFF, 0xFF, 0xFF, 0xFF, 0xFF, 0xFF, 0xFF, 0xFF, 0xFF, 0xFF, 0xFF,
    0xFF, 0xFF, 0xFF, 0xFF, 0xFF, 0xFF, 0xFF, 0xFF, 0xFF, 0xFF, 0xFF, 0xFF, 0xFF, 0xFF, 0xFF, 0xFF,
    0xFF, 0xFF, 0xFF, 0xFF, 0xFF, 0xFF, 0xFF, 0xFF, 0xFF, 0xFF, 0xFF, 0xFF, 0xFF, 0xFF, 0xFF, 0xFF,
    0xFF, 0xFF, 0xFF, 0xFF, 0xFF, 0xFF, 0xFF, 0xFF, 0xFF, 0xFF, 0xFF, 0xFF, 0xFF, 0xFF, 0xFF, 0xFF,
    0xFF, 0xFF, 0xFF, 0xFF, 0xFF, 0xFF, 0xFF, 0xFF, 0xFF, 0xFF, 0xFF, 0xFF, 0xFF, 0xFF, 0xFF, 0xFF,
    0xFF, 0xFF, 0xFF, 0xFF, 0xFF, 0xFF, 0xFF, 0xFF, 0xFF, 0xFF, 0xFF, 0xFF, 0xFF, 0xFF, 0xFF, 0xFF,
    0xFF, 0xFF, 0xFF, 0xFF, 0xFF, 0xFF, 0xFF, 0xFF, 0xFF, 0xFF, 0xFF, 0xFF, 0xFF, 0xFF, 0xFF, 0xFF,
    0xFF, 0xFF, 0xFF, 0xFF, 0xFF, 0xFF, 0xFF, 0xFF, 0xFF, 0xFF, 0xFF, 0xFF, 0xFF, 0xFF, 0xFF, 0xFF,
    0xFF, 0xFF, 0xFF, 0xFF, 0xFF, 0xFF, 0xFF, 0xFF, 0xFF, 0xFF, 0xFF, 0xFF, 0xFF, 0xFF, 0xFF, 0xFF,
    0xFF, 0xFF, 0xFF, 0xFF, 0xFF, 0xFF, 0xFF, 0xFF, 0xFF, 0xFF, 0xFF, 0xFF, 0xFF, 0xFF, 0xFF, 0xFF,
    0xFF, 0xFF, 0xFF, 0xFF, 0xFF, 0xFF, 0xFF, 0xFF, 0xFF, 0xFF, 0xFF, 0xFF, 0xFF, 0xFF, 0xFF, 0xFF,
    0xFF, 0xFF, 0xFF, 0xFF, 0xFF, 0xFF, 0xFF, 0xFF, 0xFF, 0xFF, 0xFF, 0xFF, 0xFF, 0xFF, 0xFF, 0xFF,
    0xFF, 0xFF, 0xFF, 0xFF, 0xFF, 0xFF, 0xFF, 0xFF, 0xFF, 0xFF, 0xFF, 0xFF, 0xFF, 0xFF, 0xFF, 0xFF,
    0xFF, 0xFF, 0xFF, 0xFF, 0xFF, 0xFF, 0xFF, 0xFF, 0xFF, 0xFF, 0xFF, 0xFF, 0xFF, 0xFF, 0xFF, 0xFF,
    0xFF, 0xFF, 0xFF, 0xFF, 0xFF, 0xFF, 0xFF, 0xFF, 0xFF, 0xFF, 0xFF, 0xFF, 0xFF, 0xFF, 0xFF, 0xFF,
    0xFF, 0xFF, 0xFF, 0xFF, 0xFF, 0xFF, 0xFF, 0xFF, 0xFF, 0xFF, 0xFF, 0xFF, 0xFF, 0xFF, 0xFF, 0xFF,
    0xFF, 0xFF, 0xFF, 0xFF, 0xFF, 0xFF, 0xFF, 0xFF, 0xFF, 0xFF, 0xFF, 0xFF, 0xFF, 0xFF, 0xFF, 0xFF,
    0xFF, 0xFF, 0xFF, 0xFF, 0xFF, 0xFF, 0xFF, 0xFF, 0xFF, 0xFF, 0xFF, 0xFF, 0xFF, 0xFF, 0xFF, 0xFF,
    0xFF, 0xFF, 0xFF, 0xFF, 0xFF, 0xFF, 0xFF, 0xFF, 0xFF, 0xFF, 0xFF, 0xFF, 0xFF, 0xFF, 0xFF, 0xFF,
    0xFF, 0xFF, 0xFF, 0xFF, 0xFF, 0xFF, 0xFF, 0xFF, 0xFF, 0xFF, 0xFF, 0xFF, 0xFF, 0xFF, 0xFF, 0xFF,
    0xFF, 0xFF, 0xFF, 0xFF, 0xFF, 0xFF, 0xFF, 0xFF, 0xFF, 0xFF, 0xFF, 0xFF, 0xFF, 0xFF, 0xFF, 0xFF,
    0xFF, 0xFF, 0xFF, 0xFF, 0xFF, 0xFF, 0xFF, 0xFF, 0xFF, 0xFF, 0xFF, 0xFF, 0xFF, 0xFF, 0xFF, 0xFF,
    0xFF, 0xFF, 0xFF, 0xFF, 0xFF, 0xFF, 0xFF, 0xFF, 0xFF, 0xFF, 0xFF, 0xFF, 0xFF, 0xFF, 0xFF, 0xFF,
    0xFF, 0xFF, 0xFF, 0xFF, 0xFF, 0xFF, 0xFF, 0xFF, 0xFF, 0xFF, 0xFF, 0xFF, 0xFF, 0xFF, 0xFF, 0xFF,
    0xFF, 0xFF, 0xFF, 0xFF, 0xFF, 0xFF, 0xFF, 0xFF, 0xFF, 0xFF, 0xFF, 0xFF, 0xFF, 0xFF, 0xFF, 0xFF,
    0xFF, 0xFF, 0xFF, 0xFF, 0xFF, 0xFF, 0xFF, 0xFF, 0xFF, 0xFF, 0xFF, 0xFF, 0xFF, 0xFF, 0xFF, 0xFF,
    0xFF, 0xFF, 0xFF, 0xFF, 0xFF, 0xFF, 0xFF, 0xFF, 0xFF, 0xFF, 0xFF, 0xFF, 0xFF, 0xFF, 0xFF, 0xFF,
    0xFF, 0xFF, 0xFF, 0xFF, 0xFF, 0xFF, 0xFF, 0xFF, 0xFF, 0xFF, 0xFF, 0xFF, 0xFF, 0xFF, 0xFF, 0xFF,
    0xFF, 0xFF, 0xFF, 0xFF, 0xFF, 0xFF, 0xFF, 0xFF, 0xFF, 0xFF, 0xFF, 0xFF, 0xFF, 0xFF, 0xFF, 0xFF,
    0xFF, 0xFF, 0xFF, 0xFF, 0xFF, 0xFF, 0xFF, 0xFF, 0xFF, 0xFF, 0xFF, 0xFF, 0xFF, 0xFF, 0xFF, 0xFF,
    0xFF, 0xFF, 0xFF, 0xFF, 0xFF, 0xFF, 0xFF, 0xFF, 0xFF, 0xFF, 0xFF, 0xFF, 0xFF, 0xFF, 0xFF, 0xFF,
    0xFF, 0xFF, 0xFF, 0xFF, 0xFF, 0xFF, 0xFF, 0xFF, 0xFF, 0xFF, 0xFF, 0xFF, 0xFF, 0xFF, 0xFF, 0xFF,
    0xFF, 0xFF, 0xFF, 0xFF, 0xFF, 0xFF, 0xFF, 0xFF, 0xFF, 0xFF, 0xFF, 0xFF, 0xFF, 0xFF, 0xFF, 0xFF,
    0xFF, 0xFF, 0xFF, 0xFF, 0xFF, 0xFF, 0xFF, 0xFF, 0xFF, 0xFF, 0xFF, 0xFF, 0xFF, 0xFF, 0xFF, 0xFF,
    0xFF, 0xFF, 0xFF, 0xFF, 0xFF, 0xFF, 0xFF, 0xFF, 0xFF, 0xFF, 0xFF, 0xFF, 0xFF, 0xFF, 0xFF, 0xFF,
    0xFF, 0xFF, 0xFF, 0xFF, 0xFF, 0xFF, 0xFF, 0xFF, 0xFF, 0xFF, 0xFF, 0xFF, 0xFF, 0xFF, 0xFF, 0xFF,
    0xFF, 0xFF, 0xFF, 0xFF, 0xFF, 0xFF, 0xFF, 0xFF, 0xFF, 0xFF, 0xFF, 0xFF, 0xFF, 0xFF, 0xFF, 0xFF,
    0xFF, 0xFF, 0xFF, 0xFF, 0xFF, 0xFF, 0xFF, 0xFF, 0xFF, 0xFF, 0xFF, 0xFF, 0xFF, 0xFF, 0xFF, 0xFF,
    0xFF, 0xFF, 0xFF, 0xFF, 0xFF, 0xFF, 0xFF, 0xFF, 0xFF, 0xFF, 0xFF, 0xFF, 0xFF, 0xFF, 0xFF, 0xFF,
    0xFF, 0xFF, 0xFF, 0xFF, 0xFF, 0xFF, 0xFF, 0xFF, 0xFF, 0xFF, 0xFF, 0xFF, 0xFF, 0xFF, 0xFF, 0xFF,
    0xFF, 0xFF, 0xFF, 0xFF, 0xFF, 0xFF, 0xFF, 0xFF, 0xFF, 0xFF, 0xFF, 0xFF, 0xFF, 0xFF, 0xFF, 0xFF,
    0xFF, 0xFF, 0xFF, 0xFF, 0xFF, 0xFF, 0xFF, 0xFF, 0xFF, 0xFF, 0xFF, 0xFF, 0xFF, 0xFF, 0xFF, 0xFF,
    0xFF, 0xFF, 0xFF, 0xFF, 0xFF, 0xFF, 0xFF, 0xFF, 0xFF, 0xFF, 0xFF, 0xFF, 0xFF, 0xFF, 0xFF, 0xFF,
    0xFF, 0xFF, 0xFF, 0xFF, 0xFF, 0xFF, 0xFF, 0xFF, 0xFF, 0xFF, 0xFF, 0xFF, 0xFF, 0xFF, 0xFF, 0xFF,
    0xFF, 0xFF, 0xFF, 0xFF, 0xFF, 0xFF, 0xFF, 0xFF, 0xFF, 0xFF, 0xFF, 0xFF, 0xFF, 0xFF, 0xFF, 0xFF,
    0xFF, 0xFF, 0xFF, 0xFF, 0xFF, 0xFF, 0xFF, 0xFF, 0xFF, 0xFF, 0xFF, 0xFF, 0xFF, 0xFF, 0xFF, 0xFF,
    0xFF, 0xFF, 0xFF, 0xFF, 0xFF, 0xFF, 0xFF, 0xFF, 0xFF, 0xFF, 0xFF, 0xFF, 0xFF, 0xFF, 0xFF, 0xFF,
    0xFF, 0xFF, 0xFF, 0xFF, 0xFF, 0xFF, 0xFF, 0xFF, 0xFF, 0xFF, 0xFF, 0xFF, 0xFF, 0xFF, 0xFF, 0xFF,
    0xFF, 0xFF, 0xFF, 0xFF, 0xFF, 0xFF, 0xFF, 0xFF, 0xFF, 0xFF, 0xFF, 0xFF, 0xFF, 0xFF, 0xFF, 0xFF,
    0xFF, 0xFF, 0xFF, 0xFF, 0xFF, 0xFF, 0xFF, 0xFF, 0xFF, 0xFF, 0xFF, 0xFF, 0xFF, 0xFF, 0xFF, 0xFF,
    0xFF, 0xFF, 0xFF, 0xFF, 0xFF, 0xFF, 0xFF, 0xFF, 0xFF, 0xFF, 0xFF, 0xFF, 0xFF, 0xFF, 0xFF, 0xFF,
    0xFF, 0xFF, 0xFF, 0xFF, 0xFF, 0xFF, 0xFF, 0xFF, 0xFF, 0xFF, 0xFF, 0xFF, 0xFF, 0xFF, 0xFF, 0xFF,
    0xFF, 0xFF, 0xFF, 0xFF, 0xFF, 0xFF, 0xFF, 0xFF, 0xFF, 0xFF, 0xFF, 0xFF, 0xFF, 0xFF, 0xFF, 0xFF,
    0xFF, 0xFF, 0xFF, 0xFF, 0xFF, 0xFF, 0xFF, 0xFF, 0xFF, 0xFF, 0xFF, 0xFF, 0xFF, 0xFF, 0xFF, 0xFF,
    0xFF, 0xFF, 0xFF, 0xFF, 0xFF, 0xFF, 0xFF, 0xFF, 0xFF, 0xFF, 0xFF, 0xFF, 0xFF, 0xFF, 0xFF, 0xFF,
    0xFF, 0xFF, 0xFF, 0xFF, 0xFF, 0xFF, 0xFF, 0xFF, 0xFF, 0xFF, 0xFF, 0xFF, 0xFF, 0xFF, 0xFF, 0xFF,
    0xFF, 0xFF, 0xFF, 0xFF, 0xFF, 0xFF, 0xFF, 0xFF, 0xFF, 0xFF, 0xFF, 0xFF, 0xFF, 0xFF, 0xFF, 0xFF,
    0xFF, 0xFF, 0xFF, 0xFF, 0xFF, 0xFF, 0xFF, 0xFF, 0xFF, 0xFF, 0xFF, 0xFF, 0xFF, 0xFF, 0xFF, 0xFF,
    0xFF, 0xFF, 0xFF, 0xFF, 0xFF, 0xFF, 0xFF, 0xFF, 0xFF, 0xFF, 0xFF, 0xFF, 0xFF, 0xFF, 0xFF, 0xFF,
    0xFF, 0xFF, 0xFF, 0xFF, 0xFF, 0xFF, 0xFF, 0xFF, 0xFF, 0xFF, 0xFF, 0xFF, 0xFF, 0xFF, 0xFF, 0xFF,
    0xFF, 0xFF, 0xFF, 0xFF, 0xFF, 0xFF, 0xFF, 0xFF, 0xFF, 0xFF, 0xFF, 0xFF, 0xFF, 0xFF, 0xFF, 0xFF,
    0xFF, 0xFF, 0xFF, 0xFF, 0xFF, 0xFF, 0xFF, 0xFF, 0xFF, 0xFF, 0xFF, 0xFF, 0xFF, 0xFF, 0xFF, 0xFF,
    0xFF, 0xFF, 0xFF, 0xFF, 0xFF, 0xFF, 0xFF, 0xFF, 0xFF, 0xFF, 0xFF, 0xFF, 0xFF, 0xFF, 0xFF, 0xFF,
    0xFF, 0xFF, 0xFF, 0xFF, 0xFF, 0xFF, 0xFF, 0xFF, 0xFF, 0xFF, 0xFF, 0xFF, 0xFF, 0xFF, 0xFF, 0xFF,
    0xFF, 0xFF, 0xFF, 0xFF, 0xFF, 0xFF, 0xFF, 0xFF, 0xFF, 0xFF, 0xFF, 0xFF, 0xFF, 0xFF, 0xFF, 0xFF,
    0xFF, 0xFF, 0xFF, 0xFF, 0xFF, 0xFF, 0xFF, 0xFF, 0xFF, 0xFF, 0xFF, 0xFF, 0xFF, 0xFF, 0xFF, 0xFF,
    0xFF, 0xFF, 0xFF, 0xFF, 0xFF, 0xFF, 0xFF, 0xFF, 0xFF, 0xFF, 0xFF, 0xFF, 0xFF, 0xFF, 0xFF, 0xFF,
    0xFF, 0xFF, 0xFF, 0xFF, 0xFF, 0xFF, 0xFF, 0xFF, 0xFF, 0xFF, 0xFF, 0xFF, 0xFF, 0xFF, 0xFF, 0xFF,
    0xFF, 0xFF, 0xFF, 0xFF, 0xFF, 0xFF, 0xFF, 0xFF, 0xFF, 0xFF, 0xFF, 0xFF, 0xFF, 0xFF, 0xFF, 0xFF,
    0xFF, 0xFF, 0xFF, 0xFF, 0xFF, 0xFF, 0xFF, 0xFF, 0xFF, 0xFF, 0xFF, 0xFF, 0xFF, 0xFF, 0xFF, 0xFF,
    0xFF, 0xFF, 0xFF, 0xFF, 0xFF, 0xFF, 0xFF, 0xFF, 0xFF, 0xFF, 0xFF, 0xFF, 0xFF, 0xFF, 0xFF, 0xFF,
    0xFF, 0xFF, 0xFF, 0xFF, 0xFF, 0xFF, 0xFF, 0xFF, 0xFF, 0xFF, 0xFF, 0xFF, 0xFF, 0xFF, 0xFF, 0xFF,
    0xFF, 0xFF, 0xFF, 0xFF, 0xFF, 0xFF, 0xFF, 0xFF, 0xFF, 0xFF, 0xFF, 0xFF, 0xFF, 0xFF, 0xFF, 0xFF,
    0xFF, 0xFF, 0xFF, 0xFF, 0xFF, 0xFF, 0xFF, 0xFF, 0xFF, 0xFF, 0xFF, 0xFF, 0xFF, 0xFF, 0xFF, 0xFF,
    0xFF, 0xFF, 0xFF, 0xFF, 0xFF, 0xFF, 0xFF, 0xFF, 0xFF, 0xFF, 0xFF, 0xFF, 0xFF, 0xFF, 0xFF, 0xFF,
    0xFF, 0xFF, 0xFF, 0xFF, 0xFF, 0xFF, 0xFF, 0xFF, 0xFF, 0xFF, 0xFF, 0xFF, 0xFF, 0xFF, 0xFF, 0xFF,
    0xFF, 0xFF, 0xFF, 0xFF, 0xFF, 0xFF, 0xFF, 0xFF, 0xFF, 0xFF, 0xFF, 0xFF, 0xFF, 0xFF, 0xFF, 0xFF,
    0xFF, 0xFF, 0xFF, 0xFF, 0xFF, 0xFF, 0xFF, 0xFF, 0xFF, 0xFF, 0xFF, 0xFF, 0xFF, 0xFF, 0xFF, 0xFF,
    0xFF, 0xFF, 0xFF, 0xFF, 0xFF, 0xFF, 0xFF, 0xFF, 0xFF, 0xFF, 0xFF, 0xFF, 0xFF, 0xFF, 0xFF, 0xFF,
    0xFF, 0xFF, 0xFF, 0xFF, 0xFF, 0xFF, 0xFF, 0xFF, 0xFF, 0xFF, 0xFF, 0xFF, 0xFF, 0xFF, 0xFF, 0xFF,
    0xFF, 0xFF, 0xFF, 0xFF, 0xFF, 0xFF, 0xFF, 0xFF, 0xFF, 0xFF, 0xFF, 0xFF, 0xFF, 0xFF, 0xFF, 0xFF,
    0xFF, 0xFF, 0xFF, 0xFF, 0xFF, 0xFF, 0xFF, 0xFF, 0xFF, 0xFF, 0xFF, 0xFF, 0xFF, 0xFF, 0xFF, 0xFF,
    0xFF, 0xFF, 0xFF, 0xFF, 0xFF, 0xFF, 0xFF, 0xFF, 0xFF, 0xFF, 0xFF, 0xFF, 0xFF, 0xFF, 0xFF, 0xFF,
    0xFF, 0xFF, 0xFF, 0xFF, 0xFF, 0xFF, 0xFF, 0xFF, 0xFF, 0xFF, 0xFF, 0xFF, 0xFF, 0xFF, 0xFF, 0xFF,
    0xFF, 0xFF, 0xFF, 0xFF, 0xFF, 0xFF, 0xFF, 0xFF, 0xFF, 0xFF, 0xFF, 0xFF, 0xFF, 0xFF, 0xFF, 0xFF,
    0xFF, 0xFF, 0xFF, 0xFF, 0xFF, 0xFF, 0xFF, 0xFF, 0xFF, 0xFF, 0xFF, 0xFF, 0xFF, 0xFF, 0xFF, 0xFF,
    0xFF, 0xFF, 0xFF, 0xFF, 0xFF, 0xFF, 0xFF, 0xFF, 0xFF, 0xFF, 0xFF, 0xFF, 0xFF, 0xFF, 0xFF, 0xFF,
    0xFF, 0xFF, 0xFF, 0xFF, 0xFF, 0xFF, 0xFF, 0xFF, 0xFF, 0xFF, 0xFF, 0xFF, 0xFF, 0xFF, 0xFF, 0xFF,
    0xFF, 0xFF, 0xFF, 0xFF, 0xFF, 0xFF, 0xFF, 0xFF, 0xFF, 0xFF, 0xFF, 0xFF, 0xFF, 0xFF, 0xFF, 0xFF,
    0xFF, 0xFF, 0xFF, 0xFF, 0xFF, 0xFF, 0xFF, 0xFF, 0xFF, 0xFF, 0xFF, 0xFF, 0xFF, 0xFF, 0xFF, 0xFF,
    0xFF, 0xFF, 0xFF, 0xFF, 0xFF, 0xFF, 0xFF, 0xFF, 0xFF, 0xFF, 0xFF, 0xFF, 0xFF, 0xFF, 0xFF, 0xFF,
    0xFF, 0xFF, 0xFF, 0xFF, 0xFF, 0xFF, 0xFF, 0xFF, 0xFF, 0xFF, 0xFF, 0xFF, 0xFF, 0xFF, 0xFF, 0xFF,
    0xFF, 0xFF, 0xFF, 0xFF, 0xFF, 0xFF, 0xFF, 0xFF, 0xFF, 0xFF, 0xFF, 0xFF, 0xFF, 0xFF, 0xFF, 0xFF,
    0xFF, 0xFF, 0xFF, 0xFF, 0xFF, 0xFF, 0xFF, 0xFF, 0xFF, 0xFF, 0xFF, 0xFF, 0xFF, 0xFF, 0xFF, 0xFF,
    0xFF, 0xFF, 0xFF, 0xFF, 0xFF, 0xFF, 0xFF, 0xFF, 0xFF, 0xFF, 0xFF, 0xFF, 0xFF, 0xFF, 0xFF, 0xFF,
    0xFF, 0xFF, 0xFF, 0xFF, 0xFF, 0xFF, 0xFF, 0xFF, 0xFF, 0xFF, 0xFF, 0xFF, 0xFF, 0xFF, 0xFF, 0xFF,
    0xFF, 0xFF, 0xFF, 0xFF, 0xFF, 0xFF, 0xFF, 0xFF, 0xFF, 0xFF, 0xFF, 0xFF, 0xFF, 0xFF, 0xFF, 0xFF,
    0xFF, 0xFF, 0xFF, 0xFF, 0xFF, 0xFF, 0xFF, 0xFF, 0xFF, 0xFF, 0xFF, 0xFF, 0xFF, 0xFF, 0xFF, 0xFF,
    0xFF, 0xFF, 0xFF, 0xFF, 0xFF, 0xFF, 0xFF, 0xFF, 0xFF, 0xFF, 0xFF, 0xFF, 0xFF, 0xFF, 0xFF, 0xFF,
    0xFF, 0xFF, 0xFF, 0xFF, 0xFF, 0xFF, 0xFF, 0xFF, 0xFF, 0xFF, 0xFF, 0xFF, 0xFF, 0xFF, 0xFF, 0xFF,
    0xFF, 0xFF, 0xFF, 0xFF, 0xFF, 0xFF, 0xFF, 0xFF, 0xFF, 0xFF, 0xFF, 0xFF, 0xFF, 0xFF, 0xFF, 0xFF,
    0xFF, 0xFF, 0xFF, 0xFF, 0xFF, 0xFF, 0xFF, 0xFF, 0xFF, 0xFF, 0xFF, 0xFF, 0xFF, 0xFF, 0xFF, 0xFF,
    0xFF, 0xFF, 0xFF, 0xFF, 0xFF, 0xFF, 0xFF, 0xFF, 0xFF, 0xFF, 0xFF, 0xFF, 0xFF, 0xFF, 0xFF, 0xFF,
    0xFF, 0xFF, 0xFF, 0xFF, 0xFF, 0xFF, 0xFF, 0xFF, 0xFF, 0xFF, 0xFF, 0xFF, 0xFF, 0xFF, 0xFF, 0xFF,
    0xFF, 0xFF, 0xFF, 0xFF, 0xFF, 0xFF, 0xFF, 0xFF, 0xFF, 0xFF, 0xFF, 0xFF, 0xFF, 0xFF, 0xFF, 0xFF,
    0xFF, 0xFF, 0xFF, 0xFF, 0xFF, 0xFF, 0xFF, 0xFF, 0xFF, 0xFF, 0xFF, 0xFF, 0xFF, 0xFF, 0xFF, 0xFF,
    0xFF, 0xFF, 0xFF, 0xFF, 0xFF, 0xFF, 0xFF, 0xFF, 0xFF, 0xFF, 0xFF, 0xFF, 0xFF, 0xFF, 0xFF, 0xFF,
    0xFF, 0xFF, 0xFF, 0xFF, 0xFF, 0xFF, 0xFF, 0xFF, 0xFF, 0xFF, 0xFF, 0xFF, 0xFF, 0xFF, 0xFF, 0xFF,
    0xFF, 0xFF, 0xFF, 0xFF, 0xFF, 0xFF, 0xFF, 0xFF, 0xFF, 0xFF, 0xFF, 0xFF, 0xFF, 0xFF, 0xFF, 0xFF,
    0xFF, 0xFF, 0xFF, 0xFF, 0xFF, 0xFF, 0xFF, 0xFF, 0xFF, 0xFF, 0xFF, 0xFF, 0xFF, 0xFF, 0xFF, 0xFF,
    0xFF, 0xFF, 0xFF, 0xFF, 0xFF, 0xFF, 0xFF, 0xFF, 0xFF, 0xFF, 0xFF, 0xFF, 0xFF, 0xFF, 0xFF, 0xFF,
    0xFF, 0xFF, 0xFF, 0xFF, 0xFF, 0xFF, 0xFF, 0xFF, 0xFF, 0xFF, 0xFF, 0xFF, 0xFF, 0xFF, 0xFF, 0xFF,
    0xFF, 0xFF, 0xFF, 0xFF, 0xFF, 0xFF, 0xFF, 0xFF, 0xFF, 0xFF, 0xFF, 0xFF, 0xFF, 0xFF, 0xFF, 0xFF,
    0xFF, 0xFF, 0xFF, 0xFF, 0xFF, 0xFF, 0xFF, 0xFF, 0xFF, 0xFF, 0xFF, 0xFF, 0xFF, 0xFF, 0xFF, 0xFF,
    0xFF, 0xFF, 0xFF, 0xFF, 0xFF, 0xFF, 0xFF, 0xFF, 0xFF, 0xFF, 0xFF, 0xFF, 0xFF, 0xFF, 0xFF, 0xFF,
    0xFF, 0xFF, 0xFF, 0xFF, 0xFF, 0xFF, 0xFF, 0xFF, 0xFF, 0xFF, 0xFF, 0xFF, 0xFF, 0xFF, 0xFF, 0xFF,
    0xFF, 0xFF, 0xFF, 0xFF, 0xFF, 0xFF, 0xFF, 0xFF, 0xFF, 0xFF, 0xFF, 0xFF, 0xFF, 0xFF, 0xFF, 0xFF,
    0xFF, 0xFF, 0xFF, 0xFF, 0xFF, 0xFF, 0xFF, 0xFF, 0xFF, 0xFF, 0xFF, 0xFF, 0xFF, 0xFF, 0xFF, 0xFF,
    0xFF, 0xFF, 0xFF, 0xFF, 0xFF, 0xFF, 0xFF, 0xFF, 0xFF, 0xFF, 0xFF, 0xFF, 0xFF, 0xFF, 0xFF, 0xFF,
    0xFF, 0xFF, 0xFF, 0xFF, 0xFF, 0xFF, 0xFF, 0xFF, 0xFF, 0xFF, 0xFF, 0xFF, 0xFF, 0xFF, 0xFF, 0xFF,
    0xFF, 0xFF, 0xFF, 0xFF, 0xFF, 0xFF, 0xFF, 0xFF, 0xFF, 0xFF, 0xFF, 0xFF, 0xFF, 0xFF, 0xFF, 0xFF,
    0xFF, 0xFF, 0xFF, 0xFF, 0xFF, 0xFF, 0xFF, 0xFF, 0xFF, 0xFF, 0xFF, 0xFF, 0xFF, 0xFF, 0xFF, 0xFF,
    0xFF, 0xFF, 0xFF, 0xFF, 0xFF, 0xFF, 0xFF, 0xFF, 0xFF, 0xFF, 0xFF, 0xFF, 0xFF, 0xFF, 0xFF, 0xFF,
    0xFF, 0xFF, 0xFF, 0xFF, 0xFF, 0xFF, 0xFF, 0xFF, 0xFF, 0xFF, 0xFF, 0xFF, 0xFF, 0xFF, 0xFF, 0xFF,
    0xFF, 0xFF, 0xFF, 0xFF, 0xFF, 0xFF, 0xFF, 0xFF, 0xFF, 0xFF, 0xFF, 0xFF, 0xFF, 0xFF, 0xFF, 0xFF,
    0xFF, 0xFF, 0xFF, 0xFF, 0xFF, 0xFF, 0xFF, 0xFF, 0xFF, 0xFF, 0xFF, 0xFF, 0xFF, 0xFF, 0xFF, 0xFF,
    0xFF, 0xFF, 0xFF, 0xFF, 0xFF, 0xFF, 0xFF, 0xFF, 0xFF, 0xFF, 0xFF, 0xFF, 0xFF, 0xFF, 0xFF, 0xFF,
    0xFF, 0xFF, 0xFF, 0xFF, 0xFF, 0xFF, 0xFF, 0xFF, 0xFF, 0xFF, 0xFF, 0xFF, 0xFF, 0xFF, 0xFF, 0xFF,
    0xFF, 0xFF, 0xFF, 0xFF, 0xFF, 0xFF, 0xFF, 0xFF, 0xFF, 0xFF, 0xFF, 0xFF, 0xFF, 0xFF, 0xFF, 0xFF,
    0xFF, 0xFF, 0xFF, 0xFF, 0xFF, 0xFF, 0xFF, 0xFF, 0xFF, 0xFF, 0xFF, 0xFF, 0xFF, 0xFF, 0xFF, 0xFF,
    0xFF, 0xFF, 0xFF, 0xFF, 0xFF, 0xFF, 0xFF, 0xFF, 0xFF, 0xFF, 0xFF, 0xFF, 0xFF, 0xFF, 0xFF, 0xFF,
    0xFF, 0xFF, 0xFF, 0xFF, 0xFF, 0xFF, 0xFF, 0xFF, 0xFF, 0xFF, 0xFF, 0xFF, 0xFF, 0xFF, 0xFF, 0xFF,
    0xFF, 0xFF, 0xFF, 0xFF, 0xFF, 0xFF, 0xFF, 0xFF, 0xFF, 0xFF, 0xFF, 0xFF, 0xFF, 0xFF, 0xFF, 0xFF,
    0xFF, 0xFF, 0xFF, 0xFF, 0xFF, 0xFF, 0xFF, 0xFF, 0xFF, 0xFF, 0xFF, 0xFF, 0xFF, 0xFF, 0xFF, 0xFF,
    0xFF, 0xFF, 0xFF, 0xFF, 0xFF, 0xFF, 0xFF, 0xFF, 0xFF, 0xFF, 0xFF, 0xFF, 0xFF, 0xFF, 0xFF, 0xFF,
    0xFF, 0xFF, 0xFF, 0xFF, 0xFF, 0xFF, 0xFF, 0xFF, 0xFF, 0xFF, 0xFF, 0xFF, 0xFF, 0xFF, 0xFF, 0xFF,
    0xFF, 0xFF, 0xFF, 0xFF, 0xFF, 0xFF, 0xFF, 0xFF, 0xFF, 0xFF, 0xFF, 0xFF, 0xFF, 0xFF, 0xFF, 0xFF,
    0xFF, 0xFF, 0xFF, 0xFF, 0xFF, 0xFF, 0xFF, 0xFF, 0xFF, 0xFF, 0xFF, 0xFF, 0xFF, 0xFF, 0xFF, 0xFF,
    0xFF, 0xFF, 0xFF, 0xFF, 0xFF, 0xFF, 0xFF, 0xFF, 0xFF, 0xFF, 0xFF, 0xFF, 0xFF, 0xFF, 0xFF, 0xFF,
    0xFF, 0xFF, 0xFF, 0xFF, 0xFF, 0xFF, 0xFF, 0xFF, 0xFF, 0xFF, 0xFF, 0xFF, 0xFF, 0xFF, 0xFF, 0xFF,
    0xFF, 0xFF, 0xFF, 0xFF, 0xFF, 0xFF, 0xFF, 0xFF, 0xFF, 0xFF, 0xFF, 0xFF, 0xFF, 0xFF, 0xFF, 0xFF,
    0xFF, 0xFF, 0xFF, 0xFF, 0xFF, 0xFF, 0xFF, 0xFF, 0xFF, 0xFF, 0xFF, 0xFF, 0xFF, 0xFF, 0xFF, 0xFF,
    0xFF, 0xFF, 0xFF, 0xFF, 0xFF, 0xFF, 0xFF, 0xFF, 0xFF, 0xFF, 0xFF, 0xFF, 0xFF, 0xFF, 0xFF, 0xFF,
    0xFF, 0xFF, 0xFF, 0xFF, 0xFF, 0xFF, 0xFF, 0xFF, 0xFF, 0xFF, 0xFF, 0xFF, 0xFF, 0xFF, 0xFF, 0xFF,
    0xFF, 0xFF, 0xFF, 0xFF, 0xFF, 0xFF, 0xFF, 0xFF, 0xFF, 0xFF, 0xFF, 0xFF, 0xFF, 0xFF, 0xFF, 0xFF,
    0xFF, 0xFF, 0xFF, 0xFF, 0xFF, 0xFF, 0xFF, 0xFF, 0xFF, 0xFF, 0xFF, 0xFF, 0xFF, 0xFF, 0xFF, 0xFF,
    0xFF, 0xFF, 0xFF, 0xFF, 0xFF, 0xFF, 0xFF, 0xFF, 0xFF, 0xFF, 0xFF, 0xFF, 0xFF, 0xFF, 0xFF, 0xFF,
    0xFF, 0xFF, 0xFF, 0xFF, 0xFF, 0xFF, 0xFF, 0xFF, 0xFF, 0xFF, 0xFF, 0xFF, 0xFF, 0xFF, 0xFF, 0xFF,
    0xFF, 0xFF, 0xFF, 0xFF, 0xFF, 0xFF, 0xFF, 0xFF, 0xFF, 0xFF, 0xFF, 0xFF, 0xFF, 0xFF, 0xFF, 0xFF,
    0xFF, 0xFF, 0xFF, 0xFF, 0xFF, 0xFF, 0xFF, 0xFF, 0xFF, 0xFF, 0xFF, 0xFF, 0xFF, 0xFF, 0xFF, 0xFF,
    0xFF, 0xFF, 0xFF, 0xFF, 0xFF, 0xFF, 0xFF, 0xFF, 0xFF, 0xFF, 0xFF, 0xFF, 0xFF, 0xFF, 0xFF, 0xFF,
    0xFF, 0xFF, 0xFF, 0xFF, 0xFF, 0xFF, 0xFF, 0xFF, 0xFF, 0xFF, 0xFF, 0xFF, 0xFF, 0xFF, 0xFF, 0xFF,
    0xFF, 0xFF, 0xFF, 0xFF, 0xFF, 0xFF, 0xFF, 0xFF, 0xFF, 0xFF, 0xFF, 0xFF, 0xFF, 0xFF, 0xFF, 0xFF,
    0xFF, 0xFF, 0xFF, 0xFF, 0xFF, 0xFF, 0xFF, 0xFF, 0xFF, 0xFF, 0xFF, 0xFF, 0xFF, 0xFF, 0xFF, 0xFF,
    0xFF, 0xFF, 0xFF, 0xFF, 0xFF, 0xFF, 0xFF, 0xFF, 0xFF, 0xFF, 0xFF, 0xFF, 0xFF, 0xFF, 0xFF, 0xFF,
    0xFF, 0xFF, 0xFF, 0xFF, 0xFF, 0xFF, 0xFF, 0xFF, 0xFF, 0xFF, 0xFF, 0xFF, 0xFF, 0xFF, 0xFF, 0xFF,
    0xFF, 0xFF, 0xFF, 0xFF, 0xFF, 0xFF, 0xFF, 0xFF, 0xFF, 0xFF, 0xFF, 0xFF, 0xFF, 0xFF, 0xFF, 0xFF,
    0xFF, 0xFF, 0xFF, 0xFF, 0xFF, 0xFF, 0xFF, 0xFF, 0xFF, 0xFF, 0xFF, 0xFF, 0xFF, 0xFF, 0xFF, 0xFF,
    0xFF, 0xFF, 0xFF, 0xFF, 0xFF, 0xFF, 0xFF, 0xFF, 0xFF, 0xFF, 0xFF, 0xFF, 0xFF, 0xFF, 0xFF, 0xFF,
    0xFF, 0xFF, 0xFF, 0xFF, 0xFF, 0xFF, 0xFF, 0xFF, 0xFF, 0xFF, 0xFF, 0xFF, 0xFF, 0xFF, 0xFF, 0xFF,
    0xFF, 0xFF, 0xFF, 0xFF, 0xFF, 0xFF, 0xFF, 0xFF, 0xFF, 0xFF, 0xFF, 0xFF, 0xFF, 0xFF, 0xFF, 0xFF,
    0xFF, 0xFF, 0xFF, 0xFF, 0xFF, 0xFF, 0xFF, 0xFF, 0xFF, 0xFF, 0xFF, 0xFF, 0xFF, 0xFF, 0xFF, 0xFF,
    0xFF, 0xFF, 0xFF, 0xFF, 0xFF, 0xFF, 0xFF, 0xFF, 0xFF, 0xFF, 0xFF, 0xFF, 0xFF, 0xFF, 0xFF, 0xFF,
    0xFF, 0xFF, 0xFF, 0xFF, 0xFF, 0xFF, 0xFF, 0xFF, 0xFF, 0xFF, 0xFF, 0xFF, 0xFF, 0xFF, 0xFF, 0xFF,
    0xFF, 0xFF, 0xFF, 0xFF, 0xFF, 0xFF, 0xFF, 0xFF, 0xFF, 0xFF, 0xFF, 0xFF, 0xFF, 0xFF, 0xFF, 0xFF,
    0xFF, 0xFF, 0xFF, 0xFF, 0xFF, 0xFF, 0xFF, 0xFF, 0xFF, 0xFF, 0xFF, 0xFF, 0xFF, 0xFF, 0xFF, 0xFF,
    0xFF, 0xFF, 0xFF, 0xFF, 0xFF, 0xFF, 0xFF, 0xFF, 0xFF, 0xFF, 0xFF, 0xFF, 0xFF, 0xFF, 0xFF, 0xFF,
    0xFF, 0xFF, 0xFF, 0xFF, 0xFF, 0xFF, 0xFF, 0xFF, 0xFF, 0xFF, 0xFF, 0xFF, 0xFF, 0xFF, 0xFF, 0xFF,
    0xFF, 0xFF, 0xFF, 0xFF, 0xFF, 0xFF, 0xFF, 0xFF, 0xFF, 0xFF, 0xFF, 0xFF, 0xFF, 0xFF, 0xFF, 0xFF,
    0xFF, 0xFF, 0xFF, 0xFF, 0xFF, 0xFF, 0xFF, 0xFF, 0xFF, 0xFF, 0xFF, 0xFF, 0xFF, 0xFF, 0xFF, 0xFF,
    0xFF, 0xFF, 0xFF, 0xFF, 0xFF, 0xFF, 0xFF, 0xFF, 0xFF, 0xFF, 0xFF, 0xFF, 0xFF, 0xFF, 0xFF, 0xFF,
    0xFF, 0xFF, 0xFF, 0xFF, 0xFF, 0xFF, 0xFF, 0xFF, 0xFF, 0xFF, 0xFF, 0xFF, 0xFF, 0xFF, 0xFF, 0xFF,
    0xFF, 0xFF, 0xFF, 0xFF, 0xFF, 0xFF, 0xFF, 0xFF, 0xFF, 0xFF, 0xFF, 0xFF, 0xFF, 0xFF, 0xFF, 0xFF,
    0xFF, 0xFF, 0xFF, 0xFF, 0xFF, 0xFF, 0xFF, 0xFF, 0xFF, 0xFF, 0xFF, 0xFF, 0xFF, 0xFF, 0xFF, 0xFF,
    0xFF, 0xFF, 0xFF, 0xFF, 0xFF, 0xFF, 0xFF, 0xFF, 0xFF, 0xFF, 0xFF, 0xFF, 0xFF, 0xFF, 0xFF, 0xFF,
    0xFF, 0xFF, 0xFF, 0xFF, 0xFF, 0xFF, 0xFF, 0xFF, 0xFF, 0xFF, 0xFF, 0xFF, 0xFF, 0xFF, 0xFF, 0xFF,
    0xFF, 0xFF, 0xFF, 0xFF, 0xFF, 0xFF, 0xFF, 0xFF, 0xFF, 0xFF, 0xFF, 0xFF, 0xFF, 0xFF, 0xFF, 0xFF,
    0xFF, 0xFF, 0xFF, 0xFF, 0xFF, 0xFF, 0xFF, 0xFF, 0xFF, 0xFF, 0xFF, 0xFF, 0xFF, 0xFF, 0xFF, 0xFF,
    0xFF, 0xFF, 0xFF, 0xFF, 0xFF, 0xFF, 0xFF, 0xFF, 0xFF, 0xFF, 0xFF, 0xFF, 0xFF, 0xFF, 0xFF, 0xFF,
    0xFF, 0xFF, 0xFF, 0xFF, 0xFF, 0xFF, 0xFF, 0xFF, 0xFF, 0xFF, 0xFF, 0xFF, 0xFF, 0xFF, 0xFF, 0xFF,
    0xFF, 0xFF, 0xFF, 0xFF, 0xFF, 0xFF, 0xFF, 0xFF, 0xFF, 0xFF, 0xFF, 0xFF, 0xFF, 0xFF, 0xFF, 0xFF,
    0xFF, 0xFF, 0xFF, 0xFF, 0xFF, 0xFF, 0xFF, 0xFF, 0xFF, 0xFF, 0xFF, 0xFF, 0xFF, 0xFF, 0xFF, 0xFF,
    0xFF, 0xFF, 0xFF, 0xFF, 0xFF, 0xFF, 0xFF, 0xFF, 0xFF, 0xFF, 0xFF, 0xFF, 0xFF, 0xFF, 0xFF, 0xFF,
    0xFF, 0xFF, 0xFF, 0xFF, 0xFF, 0xFF, 0xFF, 0xFF, 0xFF, 0xFF, 0xFF, 0xFF, 0xFF, 0xFF, 0xFF, 0xFF,
    0xFF, 0xFF, 0xFF, 0xFF, 0xFF, 0xFF, 0xFF, 0xFF, 0xFF, 0xFF, 0xFF, 0xFF, 0xFF, 0xFF, 0xFF, 0xFF,
    0xFF, 0xFF, 0xFF, 0xFF, 0xFF, 0xFF, 0xFF, 0xFF, 0xFF, 0xFF, 0xFF, 0xFF, 0xFF, 0xFF, 0xFF, 0xFF,
    0xFF, 0xFF, 0xFF, 0xFF, 0xFF, 0xFF, 0xFF, 0xFF, 0xFF, 0xFF, 0xFF, 0xFF, 0xFF, 0xFF, 0xFF, 0xFF,
    0xFF, 0xFF, 0xFF, 0xFF, 0xFF, 0xFF, 0xFF, 0xFF, 0xFF, 0xFF, 0xFF, 0xFF, 0xFF, 0xFF, 0xFF, 0xFF,
    0xFF, 0xFF, 0xFF, 0xFF, 0xFF, 0xFF, 0xFF, 0xFF, 0xFF, 0xFF, 0xFF, 0xFF, 0xFF, 0xFF, 0xFF, 0xFF,
    0xFF, 0xFF, 0xFF, 0xFF, 0xFF, 0xFF, 0xFF, 0xFF, 0xFF, 0xFF, 0xFF, 0xFF, 0xFF, 0xFF, 0xFF, 0xFF,
    0xFF, 0xFF, 0xFF, 0xFF, 0xFF, 0xFF, 0xFF, 0xFF, 0xFF, 0xFF, 0xFF, 0xFF, 0xFF, 0xFF, 0xFF, 0xFF,
    0xFF, 0xFF, 0xFF, 0xFF, 0xFF, 0xFF, 0xFF, 0xFF, 0xFF, 0xFF, 0xFF, 0xFF, 0xFF, 0xFF, 0xFF, 0xFF,
    0xFF, 0xFF, 0xFF, 0xFF, 0xFF, 0xFF, 0xFF, 0xFF, 0xFF, 0xFF, 0xFF, 0xFF, 0xFF, 0xFF, 0xFF, 0xFF,
    0xFF, 0xFF, 0xFF, 0xFF, 0xFF, 0xFF, 0xFF, 0xFF, 0xFF, 0xFF, 0xFF, 0xFF, 0xFF, 0xFF, 0xFF, 0xFF,
    0xFF, 0xFF, 0xFF, 0xFF, 0xFF, 0xFF, 0xFF, 0xFF, 0xFF, 0xFF, 0xFF, 0xFF, 0xFF, 0xFF, 0xFF, 0xFF,
    0xFF, 0xFF, 0xFF, 0xFF, 0xFF, 0xFF, 0xFF, 0xFF, 0xFF, 0xFF, 0xFF, 0xFF, 0xFF, 0xFF, 0xFF, 0xFF,
    0xFF, 0xFF, 0xFF, 0xFF, 0xFF, 0xFF, 0xFF, 0xFF, 0xFF, 0xFF, 0xFF, 0xFF, 0xFF, 0xFF, 0xFF, 0xFF,
    0xFF, 0xFF, 0xFF, 0xFF, 0xFF, 0xFF, 0xFF, 0xFF, 0xFF, 0xFF, 0xFF, 0xFF, 0xFF, 0xFF, 0xFF, 0xFF,
    0xFF, 0xFF, 0xFF, 0xFF, 0xFF, 0xFF, 0xFF, 0xFF, 0xFF, 0xFF, 0xFF, 0xFF, 0xFF, 0xFF, 0xFF, 0xFF,
    0xFF, 0xFF, 0xFF, 0xFF, 0xFF, 0xFF, 0xFF, 0xFF, 0xFF, 0xFF, 0xFF, 0xFF, 0xFF, 0xFF, 0xFF, 0xFF,
    0xFF, 0xFF, 0xFF, 0xFF, 0xFF, 0xFF, 0xFF, 0xFF, 0xFF, 0xFF, 0xFF, 0xFF, 0xFF, 0xFF, 0xFF, 0xFF,
    0xFF, 0xFF, 0xFF, 0xFF, 0xFF, 0xFF, 0xFF, 0xFF, 0xFF, 0xFF, 0xFF, 0xFF, 0xFF, 0xFF, 0xFF, 0xFF,
    0xFF, 0xFF, 0xFF, 0xFF, 0xFF, 0xFF, 0xFF, 0xFF, 0xFF, 0xFF, 0xFF, 0xFF, 0xFF, 0xFF, 0xFF, 0xFF,
    0xFF, 0xFF, 0xFF, 0xFF, 0xFF, 0xFF, 0xFF, 0xFF, 0xFF, 0xFF, 0xFF, 0xFF, 0xFF, 0xFF, 0xFF, 0xFF,
    0xFF, 0xFF, 0xFF, 0xFF, 0xFF, 0xFF, 0xFF, 0xFF, 0xFF, 0xFF, 0xFF, 0xFF, 0xFF, 0xFF, 0xFF, 0xFF,
    0xFF, 0xFF, 0xFF, 0xFF, 0xFF, 0xFF, 0xFF, 0xFF, 0xFF, 0xFF, 0xFF, 0xFF, 0xFF, 0xFF, 0xFF, 0xFF,
    0xFF, 0xFF, 0xFF, 0xFF, 0xFF, 0xFF, 0xFF, 0xFF, 0xFF, 0xFF, 0xFF, 0xFF, 0xFF, 0xFF, 0xFF, 0xFF,
    0xFF, 0xFF, 0xFF, 0xFF, 0xFF, 0xFF, 0xFF, 0xFF, 0xFF, 0xFF, 0xFF, 0xFF, 0xFF, 0xFF, 0xFF, 0xFF,
    0xFF, 0xFF, 0xFF, 0xFF, 0xFF, 0xFF, 0xFF, 0xFF, 0xFF, 0xFF, 0xFF, 0xFF, 0xFF, 0xFF, 0xFF, 0xFF,
    0xFF, 0xFF, 0xFF, 0xFF, 0xFF, 0xFF, 0xFF, 0xFF, 0xFF, 0xFF, 0xFF, 0xFF, 0xFF, 0xFF, 0xFF, 0xFF,
    0xFF, 0xFF, 0xFF, 0xFF, 0xFF, 0xFF, 0xFF, 0xFF, 0xFF, 0xFF, 0xFF, 0xFF, 0xFF, 0xFF, 0xFF, 0xFF,
    0xFF, 0xFF, 0xFF, 0xFF, 0xFF, 0xFF, 0xFF, 0xFF, 0xFF, 0xFF, 0xFF, 0xFF, 0xFF, 0xFF, 0xFF, 0xFF,
    0xFF, 0xFF, 0xFF, 0xFF, 0xFF, 0xFF, 0xFF, 0xFF, 0xFF, 0xFF, 0xFF, 0xFF, 0xFF, 0xFF, 0xFF, 0xFF,
    0xFF, 0xFF, 0xFF, 0xFF, 0xFF, 0xFF, 0xFF, 0xFF, 0xFF, 0xFF, 0xFF, 0xFF, 0xFF, 0xFF, 0xFF, 0xFF,
    0xFF, 0xFF, 0xFF, 0xFF, 0xFF, 0xFF, 0xFF, 0xFF, 0xFF, 0xFF, 0xFF, 0xFF, 0xFF, 0xFF, 0xFF, 0xFF,
    0xFF, 0xFF, 0xFF, 0xFF, 0xFF, 0xFF, 0xFF, 0xFF, 0xFF, 0xFF, 0xFF, 0xFF, 0xFF, 0xFF, 0xFF, 0xFF,
    0xFF, 0xFF, 0xFF, 0xFF, 0xFF, 0xFF, 0xFF, 0xFF, 0xFF, 0xFF, 0xFF, 0xFF, 0xFF, 0xFF, 0xFF, 0xFF,
    0xFF, 0xFF, 0xFF, 0xFF, 0xFF, 0xFF, 0xFF, 0xFF, 0xFF, 0xFF, 0xFF, 0xFF, 0xFF, 0xFF, 0xFF, 0xFF,
    0xFF, 0xFF, 0xFF, 0xFF, 0xFF, 0xFF, 0xFF, 0xFF, 0xFF, 0xFF, 0xFF, 0xFF, 0xFF, 0xFF, 0xFF, 0xFF,
    0xFF, 0xFF, 0xFF, 0xFF, 0xFF, 0xFF, 0xFF, 0xFF, 0xFF, 0xFF, 0xFF, 0xFF, 0xFF, 0xFF, 0xFF, 0xFF,
    0xFF, 0xFF, 0xFF, 0xFF, 0xFF, 0xFF, 0xFF, 0xFF, 0xFF, 0xFF, 0xFF, 0xFF, 0xFF, 0xFF, 0xFF, 0xFF,
    0xFF, 0xFF, 0xFF, 0xFF, 0xFF, 0xFF, 0xFF, 0xFF, 0xFF, 0xFF, 0xFF, 0xFF, 0xFF, 0xFF, 0xFF, 0xFF,
    0xFF, 0xFF, 0xFF, 0xFF, 0xFF, 0xFF, 0xFF, 0xFF, 0xFF, 0xFF, 0xFF, 0xFF, 0xFF, 0xFF, 0xFF, 0xFF,
    0xFF, 0xFF, 0xFF, 0xFF, 0xFF, 0xFF, 0xFF, 0xFF, 0xFF, 0xFF, 0xFF, 0xFF, 0xFF, 0xFF, 0xFF, 0xFF,
    0xFF, 0xFF, 0xFF, 0xFF, 0xFF, 0xFF, 0xFF, 0xFF, 0xFF, 0xFF, 0xFF, 0xFF, 0xFF, 0xFF, 0xFF, 0xFF,
    0xFF, 0xFF, 0xFF, 0xFF, 0xFF, 0xFF, 0xFF, 0xFF, 0xFF, 0xFF, 0xFF, 0xFF, 0xFF, 0xFF, 0xFF, 0xFF,
    0xFF, 0xFF, 0xFF, 0xFF, 0xFF, 0xFF, 0xFF, 0xFF, 0xFF, 0xFF, 0xFF, 0xFF, 0xFF, 0xFF, 0xFF, 0xFF,
    0xFF, 0xFF, 0xFF, 0xFF, 0xFF, 0xFF, 0xFF, 0xFF, 0xFF, 0xFF, 0xFF, 0xFF, 0xFF, 0xFF, 0xFF, 0xFF,
    0xFF, 0xFF, 0xFF, 0xFF, 0xFF, 0xFF, 0xFF, 0xFF, 0xFF, 0xFF, 0xFF, 0xFF, 0xFF, 0xFF, 0xFF, 0xFF,
    0xFF, 0xFF, 0xFF, 0xFF, 0xFF, 0xFF, 0xFF, 0xFF, 0xFF, 0xFF, 0xFF, 0xFF, 0xFF, 0xFF, 0xFF, 0xFF,
    0xFF, 0xFF, 0xFF, 0xFF, 0xFF, 0xFF, 0xFF, 0xFF, 0xFF, 0xFF, 0xFF, 0xFF, 0xFF, 0xFF, 0xFF, 0xFF,
    0xFF, 0xFF, 0xFF, 0xFF, 0xFF, 0xFF, 0xFF, 0xFF, 0xFF, 0xFF, 0xFF, 0xFF, 0xFF, 0xFF, 0xFF, 0xFF,
    0xFF, 0xFF, 0xFF, 0xFF, 0xFF, 0xFF, 0xFF, 0xFF, 0xFF, 0xFF, 0xFF, 0xFF, 0xFF, 0xFF, 0xFF, 0xFF,
    0xFF, 0xFF, 0xFF, 0xFF, 0xFF, 0xFF, 0xFF, 0xFF, 0xFF, 0xFF, 0xFF, 0xFF, 0xFF, 0xFF, 0xFF, 0xFF,
    0xFF, 0xFF, 0xFF, 0xFF, 0xFF, 0xFF, 0xFF, 0xFF, 0xFF, 0xFF, 0xFF, 0xFF, 0xFF, 0xFF, 0xFF, 0xFF,
    0xFF, 0xFF, 0xFF, 0xFF, 0xFF, 0xFF, 0xFF, 0xFF, 0xFF, 0xFF, 0xFF, 0xFF, 0xFF, 0xFF, 0xFF, 0xFF,
    0xFF, 0xFF, 0xFF, 0xFF, 0xFF, 0xFF, 0xFF, 0xFF, 0xFF, 0xFF, 0xFF, 0xFF, 0xFF, 0xFF, 0xFF, 0xFF,
    0xFF, 0xFF, 0xFF, 0xFF, 0xFF, 0xFF, 0xFF, 0xFF, 0xFF, 0xFF, 0xFF, 0xFF, 0xFF, 0xFF, 0xFF, 0xFF,
    0xFF, 0xFF, 0xFF, 0xFF, 0xFF, 0xFF, 0xFF, 0xFF, 0xFF, 0xFF, 0xFF, 0xFF, 0xFF, 0xFF, 0xFF, 0xFF,
    0xFF, 0xFF, 0xFF, 0xFF, 0xFF, 0xFF, 0xFF, 0xFF, 0xFF, 0xFF, 0xFF, 0xFF, 0xFF, 0xFF, 0xFF, 0xFF,
    0xFF, 0xFF, 0xFF, 0xFF, 0xFF, 0xFF, 0xFF, 0xFF, 0xFF, 0xFF, 0xFF, 0xFF, 0xFF, 0xFF, 0xFF, 0xFF,
    0xFF, 0xFF, 0xFF, 0xFF, 0xFF, 0xFF, 0xFF, 0xFF, 0xFF, 0xFF, 0xFF, 0xFF, 0xFF, 0xFF, 0xFF, 0xFF,
    0xFF, 0xFF, 0xFF, 0xFF, 0xFF, 0xFF, 0xFF, 0xFF, 0xFF, 0xFF, 0xFF, 0xFF, 0xFF, 0xFF, 0xFF, 0xFF,
    0xFF, 0xFF, 0xFF, 0xFF, 0xFF, 0xFF, 0xFF, 0xFF, 0xFF, 0xFF, 0xFF, 0xFF, 0xFF, 0xFF, 0xFF, 0xFF,
    0xFF, 0xFF, 0xFF, 0xFF, 0xFF, 0xFF, 0xFF, 0xFF, 0xFF, 0xFF, 0xFF, 0xFF, 0xFF, 0xFF, 0xFF, 0xFF,
    0xFF, 0xFF, 0xFF, 0xFF, 0xFF, 0xFF, 0xFF, 0xFF, 0xFF, 0xFF, 0xFF, 0xFF, 0xFF, 0xFF, 0xFF, 0xFF,
    0xFF, 0xFF, 0xFF, 0xFF, 0xFF, 0xFF, 0xFF, 0xFF, 0xFF, 0xFF, 0xFF, 0xFF, 0xFF, 0xFF, 0xFF, 0xFF,
    0xFF, 0xFF, 0xFF, 0xFF, 0xFF, 0xFF, 0xFF, 0xFF, 0xFF, 0xFF, 0xFF, 0xFF, 0xFF, 0xFF, 0xFF, 0xFF,
    0xFF, 0xFF, 0xFF, 0xFF, 0xFF, 0xFF, 0xFF, 0xFF, 0xFF, 0xFF, 0xFF, 0xFF, 0xFF, 0xFF, 0xFF, 0xFF,
    0xFF, 0xFF, 0xFF, 0xFF, 0xFF, 0xFF, 0xFF, 0xFF, 0xFF, 0xFF, 0xFF, 0xFF, 0xFF, 0xFF, 0xFF, 0xFF,
    0xFF, 0xFF, 0xFF, 0xFF, 0xFF, 0xFF, 0xFF, 0xFF, 0xFF, 0xFF, 0xFF, 0xFF, 0xFF, 0xFF, 0xFF, 0xFF,
    0xFF, 0xFF, 0xFF, 0xFF, 0xFF, 0xFF, 0xFF, 0xFF, 0xFF, 0xFF, 0xFF, 0xFF, 0xFF, 0xFF, 0xFF, 0xFF,
    0xFF, 0xFF, 0xFF, 0xFF, 0xFF, 0xFF, 0xFF, 0xFF, 0xFF, 0xFF, 0xFF, 0xFF, 0xFF, 0xFF, 0xFF, 0xFF,
    0xFF, 0xFF, 0xFF, 0xFF, 0xFF, 0xFF, 0xFF, 0xFF, 0xFF, 0xFF, 0xFF, 0xFF, 0xFF, 0xFF, 0xFF, 0xFF,
    0xFF, 0xFF, 0xFF, 0xFF, 0xFF, 0xFF, 0xFF, 0xFF, 0xFF, 0xFF, 0xFF, 0xFF, 0xFF, 0xFF, 0xFF, 0xFF,
    0xFF, 0xFF, 0xFF, 0xFF, 0xFF, 0xFF, 0xFF, 0xFF, 0xFF, 0xFF, 0xFF, 0xFF, 0xFF, 0xFF, 0xFF, 0xFF,
    0xFF, 0xFF, 0xFF, 0xFF, 0xFF, 0xFF, 0xFF, 0xFF, 0xFF, 0xFF, 0xFF, 0xFF, 0xFF, 0xFF, 0xFF, 0xFF,
    0xFF, 0xFF, 0xFF, 0xFF, 0xFF, 0xFF, 0xFF, 0xFF, 0xFF, 0xFF, 0xFF, 0xFF, 0xFF, 0xFF, 0xFF, 0xFF,
    0xFF, 0xFF, 0xFF, 0xFF, 0xFF, 0xFF, 0xFF, 0xFF, 0xFF, 0xFF, 0xFF, 0xFF, 0xFF, 0xFF, 0xFF, 0xFF,
    0xFF, 0xFF, 0xFF, 0xFF, 0xFF, 0xFF, 0xFF, 0xFF, 0xFF, 0xFF, 0xFF, 0xFF, 0xFF, 0xFF, 0xFF, 0xFF,
    0xFF, 0xFF, 0xFF, 0xFF, 0xFF, 0xFF, 0xFF, 0xFF, 0xFF, 0xFF, 0xFF, 0xFF, 0xFF, 0xFF, 0xFF, 0xFF,
    0xFF, 0xFF, 0xFF, 0xFF, 0xFF, 0xFF, 0xFF, 0xFF, 0xFF, 0xFF, 0xFF, 0xFF, 0xFF, 0xFF, 0xFF, 0xFF,
    0xFF, 0xFF, 0xFF, 0xFF, 0xFF, 0xFF, 0xFF, 0xFF, 0xFF, 0xFF, 0xFF, 0xFF, 0xFF, 0xFF, 0xFF, 0xFF,
    0xFF, 0xFF, 0xFF, 0xFF, 0xFF, 0xFF, 0xFF, 0xFF, 0xFF, 0xFF, 0xFF, 0xFF, 0xFF, 0xFF, 0xFF, 0xFF,
    0xFF, 0xFF, 0xFF, 0xFF, 0xFF, 0xFF, 0xFF, 0xFF, 0xFF, 0xFF, 0xFF, 0xFF, 0xFF, 0xFF, 0xFF, 0xFF,
    0xFF, 0xFF, 0xFF, 0xFF, 0xFF, 0xFF, 0xFF, 0xFF, 0xFF, 0xFF, 0xFF, 0xFF, 0xFF, 0xFF, 0xFF, 0xFF,
    0xFF, 0xFF, 0xFF, 0xFF, 0xFF, 0xFF, 0xFF, 0xFF, 0xFF, 0xFF, 0xFF, 0xFF, 0xFF, 0xFF, 0xFF, 0xFF,
    0xFF, 0xFF, 0xFF, 0xFF, 0xFF, 0xFF, 0xFF, 0xFF, 0xFF, 0xFF, 0xFF, 0xFF, 0xFF, 0xFF, 0xFF, 0xFF,
    0xFF, 0xFF, 0xFF, 0xFF, 0xFF, 0xFF, 0xFF, 0xFF, 0xFF, 0xFF, 0xFF, 0xFF, 0xFF, 0xFF, 0xFF, 0xFF,
    0xFF, 0xFF, 0xFF, 0xFF, 0xFF, 0xFF, 0xFF, 0xFF, 0xFF, 0xFF, 0xFF, 0xFF, 0xFF, 0xFF, 0xFF, 0xFF,
    0xFF, 0xFF, 0xFF, 0xFF, 0xFF, 0xFF, 0xFF, 0xFF, 0xFF, 0xFF, 0xFF, 0xFF, 0xFF, 0xFF, 0xFF, 0xFF,
    0xFF, 0xFF, 0xFF, 0xFF, 0xFF, 0xFF, 0xFF, 0xFF, 0xFF, 0xFF, 0xFF, 0xFF, 0xFF, 0xFF, 0xFF, 0xFF,
    0xFF, 0xFF, 0xFF, 0xFF, 0xFF, 0xFF, 0xFF, 0xFF, 0xFF, 0xFF, 0xFF, 0xFF, 0xFF, 0xFF, 0xFF, 0xFF,
    0xFF, 0xFF, 0xFF, 0xFF, 0xFF, 0xFF, 0xFF, 0xFF, 0xFF, 0xFF, 0xFF, 0xFF, 0xFF, 0xFF, 0xFF, 0xFF,
    0xFF, 0xFF, 0xFF, 0xFF, 0xFF, 0xFF, 0xFF, 0xFF, 0xFF, 0xFF, 0xFF, 0xFF, 0xFF, 0xFF, 0xFF, 0xFF,
    0xFF, 0xFF, 0xFF, 0xFF, 0xFF, 0xFF, 0xFF, 0xFF, 0xFF, 0xFF, 0xFF, 0xFF, 0xFF, 0xFF, 0xFF, 0xFF,
    0xFF, 0xFF, 0xFF, 0xFF, 0xFF, 0xFF, 0xFF, 0xFF, 0xFF, 0xFF, 0xFF, 0xFF, 0xFF, 0xFF, 0xFF, 0xFF,
    0xFF, 0xFF, 0xFF, 0xFF, 0xFF, 0xFF, 0xFF, 0xFF, 0xFF, 0xFF, 0xFF, 0xFF, 0xFF, 0xFF, 0xFF, 0xFF,
    0xFF, 0xFF, 0xFF, 0xFF, 0xFF, 0xFF, 0xFF, 0xFF, 0xFF, 0xFF, 0xFF, 0xFF, 0xFF, 0xFF, 0xFF, 0xFF,
    0xFF, 0xFF, 0xFF, 0xFF, 0xFF, 0xFF, 0xFF, 0xFF, 0xFF, 0xFF, 0xFF, 0xFF, 0xFF, 0xFF, 0xFF, 0xFF,
    0xFF, 0xFF, 0xFF, 0xFF, 0xFF, 0xFF, 0xFF, 0xFF, 0xFF, 0xFF, 0xFF, 0xFF, 0xFF, 0xFF, 0xFF, 0xFF,
    0xFF, 0xFF, 0xFF, 0xFF, 0xFF, 0xFF, 0xFF, 0xFF, 0xFF, 0xFF, 0xFF, 0xFF, 0xFF, 0xFF, 0xFF, 0xFF,
    0xFF, 0xFF, 0xFF, 0xFF, 0xFF, 0xFF, 0xFF, 0xFF, 0xFF, 0xFF, 0xFF, 0xFF, 0xFF, 0xFF, 0xFF, 0xFF,
    0xFF, 0xFF, 0xFF, 0xFF, 0xFF, 0xFF, 0xFF, 0xFF, 0xFF, 0xFF, 0xFF, 0xFF, 0xFF, 0xFF, 0xFF, 0xFF,
    0xFF, 0xFF, 0xFF, 0xFF, 0xFF, 0xFF, 0xFF, 0xFF, 0xFF, 0xFF, 0xFF, 0xFF, 0xFF, 0xFF, 0xFF, 0xFF,
    0xFF, 0xFF, 0xFF, 0xFF, 0xFF, 0xFF, 0xFF, 0xFF, 0xFF, 0xFF, 0xFF, 0xFF, 0xFF, 0xFF, 0xFF, 0xFF,
    0xFF, 0xFF, 0xFF, 0xFF, 0xFF, 0xFF, 0xFF, 0xFF, 0xFF, 0xFF, 0xFF, 0xFF, 0xFF, 0xFF, 0xFF, 0xFF,
    0xFF, 0xFF, 0xFF, 0xFF, 0xFF, 0xFF, 0xFF, 0xFF, 0xFF, 0xFF, 0xFF, 0xFF, 0xFF, 0xFF, 0xFF, 0xFF
};
